{"id": 1122340466295808, "version": "1.0", "code": "gn_centrifugation_workstation", "name": "\u79bb\u5fc3\u5de5\u4f5c\u7ad9", "noteCn": "\u79bb\u5fc3\u5904\u7406\u5de5\u4f5c\u7ad9\u5229\u7528\u79bb\u5fc3\u529b\u7684\u539f\u7406\uff0c\u5bf9\u6837\u54c1\u8fdb\u884c\u5206\u79bb\u548c\u5904\u7406\u3002\u5b83\u914d\u5907\u6709\u4e0d\u540c\u89c4\u683c\u7684\u8f6c\u5b50\uff0c\u53ef\u4ee5\u9002\u5e94\u4e0d\u540c\u7c7b\u578b\u548c\u4f53\u79ef\u7684\u6837\u54c1\u5bb9\u5668\u3002\u901a\u8fc7\u8c03\u8282\u79bb\u5fc3\u901f\u5ea6\u3001\u65f6\u95f4\u7b49\u53c2\u6570\uff0c\u80fd\u591f\u5b9e\u73b0\u5bf9\u4e0d\u540c\u5bc6\u5ea6\u3001\u5927\u5c0f\u7684\u7269\u8d28\u7684\u5206\u79bb\u3002\u5728\u751f\u7269\u3001\u5316\u5b66\u7b49\u5b9e\u9a8c\u4e2d\u5e7f\u6cdb\u5e94\u7528\u3002\u4f8b\u5982\u5728\u751f\u7269\u6837\u54c1\u5904\u7406\u4e2d\uff0c\u53ef\u7528\u4e8e\u5206\u79bb\u7ec6\u80de\u3001\u7ec6\u80de\u5668\u7b49\uff1b\u5728\u5316\u5b66\u5b9e\u9a8c\u4e2d\uff0c\u53ef\u7528\u4e8e\u6c89\u6dc0\u7684\u5206\u79bb\u548c\u6eb6\u6db2\u7684\u6f84\u6e05\u3002", "noteEn": "", "createTime": "2025-02-07 20:11:52", "updateTime": "2025-11-07 19:42:38", "paramUrl": "", "modelCode": null, "modelName": null, "modelImages": null, "definer": 0, "equipManufacturerCode": "ABN", "equipManufacturerName": "\u5b89\u5fbd\u704f\u745e\u667a\u80fd\u79d1\u6280\u6709\u9650\u516c\u53f8", "actions": [{"id": 1897802271491081, "code": "start", "name": "\u5f00\u59cb", "noteCn": "\u5f00\u59cb", "noteEn": "start", "translator": "default", "translatorArgs": {"url": "/start", "method": "POST"}, "recommend": null, "params": null}, {"id": 1897802271491082, "code": "N_to_ethyl_ether", "name": "\u5c06\u74f6\u5b50\u4ece\u6c2e\u5439\u5de5\u4f4d\u8f6c\u79fb\u81f3\u4e59\u919a\u5de5\u4f4d\u8fdb\u884c\u540e\u7eed\u65cb\u76d6", "noteCn": "", "noteEn": null, "translator": "default", "translatorArgs": {"url": "/send", "method": "POST"}, "recommend": null, "params": [{"paramCode": "data", "paramName": "data", "ioType": "CONSTANT", "dataType": "string", "value": null, "defaultValue": "N_to_ethyl_ether", "script": null, "required": 1, "advanced": null, "timeFlag": null, "elementDataType": null, "bindDataType": null, "bindDataTypeProperty": null, "property": null, "childParams": [], "constraintType": null, "constraintValue": "", "constraintValueEn": "", "unitTypeCode": null, "unitTypeName": null, "noteCn": null, "noteEn": null, "flatten": false, "selectorType": null, "selection": null}, {"paramCode": "temp", "paramName": "temp", "ioType": "CONSTANT", "dataType": "int", "value": null, "defaultValue": "4", "script": null, "required": 1, "advanced": null, "timeFlag": null, "elementDataType": "", "bindDataType": "", "bindDataTypeProperty": null, "property": null, "childParams": [], "constraintType": null, "constraintValue": "", "constraintValueEn": "", "unitTypeCode": null, "unitTypeName": null, "noteCn": null, "noteEn": null, "flatten": false, "selectorType": null, "selection": null}]}, {"id": 1897802271491083, "code": "open_centrifuge", "name": "\u5f00\u542f\u79bb\u5fc3\u673a\u95e8\u540e\u5b9a\u4f4d\u5230id\u53f7\u5b54\u4f4d", "noteCn": null, "noteEn": null, "translator": "default", "translatorArgs": {"url": "/send", "method": "POST"}, "recommend": null, "params": [{"paramCode": "data", "paramName": "data", "ioType": "CONSTANT", "dataType": "string", "value": null, "defaultValue": "open_centrifuge", "script": null, "required": 1, "advanced": null, "timeFlag": null, "elementDataType": null, "bindDataType": null, "bindDataTypeProperty": null, "property": null, "childParams": [], "constraintType": null, "constraintValue": "", "constraintValueEn": "", "unitTypeCode": null, "unitTypeName": null, "noteCn": null, "noteEn": null, "flatten": false, "selectorType": null, "selection": null}, {"paramCode": "id", "paramName": "id", "ioType": "INPUT", "dataType": "int", "value": null, "defaultValue": "0", "script": null, "required": 1, "advanced": null, "timeFlag": null, "elementDataType": "", "bindDataType": "", "bindDataTypeProperty": null, "property": null, "childParams": [], "constraintType": null, "constraintValue": "", "constraintValueEn": "", "unitTypeCode": null, "unitTypeName": null, "noteCn": null, "noteEn": null, "flatten": false, "selectorType": null, "selection": null}, {"paramCode": "temp", "paramName": "temp", "ioType": "CONSTANT", "dataType": "int", "value": null, "defaultValue": "4", "script": null, "required": 1, "advanced": null, "timeFlag": null, "elementDataType": "", "bindDataType": "", "bindDataTypeProperty": null, "property": null, "childParams": [], "constraintType": null, "constraintValue": "", "constraintValueEn": "", "unitTypeCode": null, "unitTypeName": null, "noteCn": null, "noteEn": null, "flatten": false, "selectorType": null, "selection": null}]}, {"id": 1897802271491084, "code": "ether_to_centrifuge", "name": "\u628a\u4e59\u919a\u5de5\u4f4d\u7684\u74f6\u5b50\u8f6c\u79fb\u81f3\u79bb\u5fc3\u673a", "noteCn": null, "noteEn": null, "translator": "default", "translatorArgs": {"url": "/send", "method": "POST"}, "recommend": null, "params": [{"paramCode": "data", "paramName": "data", "ioType": "CONSTANT", "dataType": "string", "value": null, "defaultValue": "ether_to_centrifuge", "script": null, "required": 1, "advanced": null, "timeFlag": null, "elementDataType": null, "bindDataType": null, "bindDataTypeProperty": null, "property": null, "childParams": [], "constraintType": null, "constraintValue": "", "constraintValueEn": "", "unitTypeCode": null, "unitTypeName": null, "noteCn": null, "noteEn": null, "flatten": false, "selectorType": null, "selection": null}, {"paramCode": "temp", "paramName": "temp", "ioType": "CONSTANT", "dataType": "int", "value": null, "defaultValue": "4", "script": null, "required": 1, "advanced": null, "timeFlag": null, "elementDataType": "", "bindDataType": "", "bindDataTypeProperty": null, "property": null, "childParams": [], "constraintType": null, "constraintValue": "", "constraintValueEn": "", "unitTypeCode": null, "unitTypeName": null, "noteCn": null, "noteEn": null, "flatten": false, "selectorType": null, "selection": null}]}, {"id": 1897802271491085, "code": "balance", "name": "\u914d\u5e73\u52a8\u4f5c\uff0c\u53d6\u7b2cnum\u53f7\u74f6\u5b50\u52a0ml\u6beb\u5347\u6c34\uff0c\u914d\u5e73\u540e\u8f6c\u79fb\u81f3\u79bb\u5fc3\u673a,\u63d0\u524d\u5bf9\u79bb\u5fc3\u673a\u8fdb\u884c\u5b9a\u4f4d", "noteCn": null, "noteEn": null, "translator": "default", "translatorArgs": {"url": "/send", "method": "POST"}, "recommend": null, "params": [{"paramCode": "data", "paramName": "data", "ioType": "CONSTANT", "dataType": "string", "value": null, "defaultValue": "balance", "script": null, "required": 1, "advanced": null, "timeFlag": null, "elementDataType": null, "bindDataType": null, "bindDataTypeProperty": null, "property": null, "childParams": [], "constraintType": null, "constraintValue": "", "constraintValueEn": "", "unitTypeCode": null, "unitTypeName": null, "noteCn": null, "noteEn": null, "flatten": false, "selectorType": null, "selection": null}, {"paramCode": "ml", "paramName": "ml", "ioType": "INPUT", "dataType": "int", "value": null, "defaultValue": "", "script": null, "required": 1, "advanced": null, "timeFlag": null, "elementDataType": "", "bindDataType": "", "bindDataTypeProperty": null, "property": null, "childParams": [], "constraintType": null, "constraintValue": "", "constraintValueEn": "", "unitTypeCode": null, "unitTypeName": null, "noteCn": null, "noteEn": null, "flatten": false, "selectorType": null, "selection": null}, {"paramCode": "temp", "paramName": "temp", "ioType": "CONSTANT", "dataType": "int", "value": null, "defaultValue": "4", "script": null, "required": 1, "advanced": null, "timeFlag": null, "elementDataType": "", "bindDataType": "", "bindDataTypeProperty": null, "property": null, "childParams": [], "constraintType": null, "constraintValue": "", "constraintValueEn": "", "unitTypeCode": null, "unitTypeName": null, "noteCn": null, "noteEn": null, "flatten": false, "selectorType": null, "selection": null}]}, {"id": 1897802271491086, "code": "start_Centrifuge", "name": "\u8bbe\u7f6e\u79bb\u5fc3\u901f\u5ea6\u65f6\u95f4\u542f\u52a8\u79bb\u5fc3\u673a", "noteCn": null, "noteEn": null, "translator": "default", "translatorArgs": {"url": "/send", "method": "POST"}, "recommend": null, "params": [{"paramCode": "data", "paramName": "data", "ioType": "CONSTANT", "dataType": "string", "value": null, "defaultValue": "start_Centrifuge", "script": null, "required": 1, "advanced": null, "timeFlag": null, "elementDataType": null, "bindDataType": null, "bindDataTypeProperty": null, "property": null, "childParams": [], "constraintType": null, "constraintValue": "", "constraintValueEn": "", "unitTypeCode": null, "unitTypeName": null, "noteCn": null, "noteEn": null, "flatten": false, "selectorType": null, "selection": null}, {"paramCode": "speed", "paramName": "speed", "ioType": "INPUT", "dataType": "int", "value": null, "defaultValue": "", "script": null, "required": 1, "advanced": null, "timeFlag": null, "elementDataType": "", "bindDataType": "", "bindDataTypeProperty": null, "property": null, "childParams": [], "constraintType": null, "constraintValue": "", "constraintValueEn": "", "unitTypeCode": null, "unitTypeName": null, "noteCn": null, "noteEn": null, "flatten": false, "selectorType": null, "selection": null}, {"paramCode": "time", "paramName": "time", "ioType": "INPUT", "dataType": "int", "value": null, "defaultValue": "", "script": null, "required": 1, "advanced": null, "timeFlag": null, "elementDataType": "", "bindDataType": "", "bindDataTypeProperty": null, "property": null, "childParams": [], "constraintType": null, "constraintValue": "", "constraintValueEn": "", "unitTypeCode": null, "unitTypeName": null, "noteCn": null, "noteEn": null, "flatten": false, "selectorType": null, "selection": null}, {"paramCode": "temp", "paramName": "temp", "ioType": "INPUT", "dataType": "int", "value": null, "defaultValue": "4", "script": null, "required": 1, "advanced": null, "timeFlag": null, "elementDataType": "", "bindDataType": "", "bindDataTypeProperty": null, "property": null, "childParams": [], "constraintType": null, "constraintValue": "", "constraintValueEn": "", "unitTypeCode": null, "unitTypeName": null, "noteCn": null, "noteEn": null, "flatten": false, "selectorType": null, "selection": null}]}, {"id": 1897802271491087, "code": "Dialysis_card_to_Centrifuge", "name": "\u5c06\u7b2cnum\u53f7\u900f\u6790\u5361\u5185\u7684\u6eb6\u6db2\u8f6c\u79fb\u81f3\u7b2cnum\u53f7\u6d53\u7f29\u7ba1\uff0c\u5e76\u65cb\u7d27\u74f6\u76d6\uff0c\u540e\u8f6c\u79fb\u81f3\u79bb\u5fc3\u673a\u6b63\u5bf9\u7740\u8fdb\u6837\u53e3\u7684\u5b54\u4f4d", "noteCn": null, "noteEn": null, "translator": "default", "translatorArgs": {"url": "/send", "method": "POST"}, "recommend": null, "params": [{"paramCode": "data", "paramName": "data", "ioType": "CONSTANT", "dataType": "string", "value": null, "defaultValue": "Dialysis_card_to_Centrifuge", "script": null, "required": 1, "advanced": null, "timeFlag": null, "elementDataType": null, "bindDataType": null, "bindDataTypeProperty": null, "property": null, "childParams": [], "constraintType": null, "constraintValue": "", "constraintValueEn": "", "unitTypeCode": null, "unitTypeName": null, "noteCn": null, "noteEn": null, "flatten": false, "selectorType": null, "selection": null}, {"paramCode": "num", "paramName": "num", "ioType": "INPUT", "dataType": "int", "value": null, "defaultValue": null, "script": null, "required": 1, "advanced": null, "timeFlag": null, "elementDataType": "", "bindDataType": "", "bindDataTypeProperty": null, "property": null, "childParams": [], "constraintType": null, "constraintValue": "", "constraintValueEn": "", "unitTypeCode": null, "unitTypeName": null, "noteCn": null, "noteEn": null, "flatten": false, "selectorType": null, "selection": null}, {"paramCode": "temp", "paramName": "temp", "ioType": "CONSTANT", "dataType": "int", "value": null, "defaultValue": "4", "script": null, "required": 1, "advanced": null, "timeFlag": null, "elementDataType": "", "bindDataType": "", "bindDataTypeProperty": null, "property": null, "childParams": [], "constraintType": null, "constraintValue": "", "constraintValueEn": "", "unitTypeCode": null, "unitTypeName": null, "noteCn": null, "noteEn": null, "flatten": false, "selectorType": null, "selection": null}]}, {"id": 1897802271491088, "code": "Dialysis_card_to_out", "name": "\u5c06\u7b2cnum\u53f7\u900f\u6790\u5361\u653e\u7f6e\u56de\u6536\u53e3", "noteCn": null, "noteEn": null, "translator": "default", "translatorArgs": {"url": "/send", "method": "POST"}, "recommend": null, "params": [{"paramCode": "data", "paramName": "data", "ioType": "CONSTANT", "dataType": "string", "value": null, "defaultValue": "Dialysis_card_to_out", "script": null, "required": 1, "advanced": null, "timeFlag": null, "elementDataType": null, "bindDataType": null, "bindDataTypeProperty": null, "property": null, "childParams": [], "constraintType": null, "constraintValue": "", "constraintValueEn": "", "unitTypeCode": null, "unitTypeName": null, "noteCn": null, "noteEn": null, "flatten": false, "selectorType": null, "selection": null}, {"paramCode": "num", "paramName": "num", "ioType": "INPUT", "dataType": "int", "value": null, "defaultValue": null, "script": null, "required": 1, "advanced": null, "timeFlag": null, "elementDataType": "", "bindDataType": "", "bindDataTypeProperty": null, "property": null, "childParams": [], "constraintType": null, "constraintValue": "", "constraintValueEn": "", "unitTypeCode": null, "unitTypeName": null, "noteCn": null, "noteEn": null, "flatten": false, "selectorType": null, "selection": null}, {"paramCode": "temp", "paramName": "temp", "ioType": "CONSTANT", "dataType": "int", "value": null, "defaultValue": "4", "script": null, "required": 1, "advanced": null, "timeFlag": null, "elementDataType": "", "bindDataType": "", "bindDataTypeProperty": null, "property": null, "childParams": [], "constraintType": null, "constraintValue": "", "constraintValueEn": "", "unitTypeCode": null, "unitTypeName": null, "noteCn": null, "noteEn": null, "flatten": false, "selectorType": null, "selection": null}]}, {"id": 1897802271491089, "code": "millipore_ELISA_PLATE", "name": "\u5c06\u79bb\u5fc3\u673a\u7684\u6b63\u5bf9\u7a97\u53e3\u7684\u5b54\u4f4d\u7684\u6d53\u7f29\u7ba1\u8f6c\u79fb\u81f3\u5939\u6301\u5de5\u4f4d\uff0c\u5e76\u5f00\u76d6\uff0c\u540e\u5c06\u8bd5\u5242\u8f6c\u79fb\u81f3\u9176\u6807\u677f\u7684num\u53f7\u5b54\u4f4d\uff08\u524d\u63d0\uff1a\u79bb\u5fc3\u673a\u5c0f\u95e8\u5f00\u7740\u4e14\u653e\u74f6\u5b50\u7684\u5b54\u4f4d\u5904\u4e8e\u590d\u4f4d\u72b6\u6001\uff09", "noteCn": null, "noteEn": null, "translator": "default", "translatorArgs": {"url": "/send", "method": "POST"}, "recommend": null, "params": [{"paramCode": "data", "paramName": "data", "ioType": "CONSTANT", "dataType": "string", "value": null, "defaultValue": "millipore_ELISA_PLATE", "script": null, "required": 1, "advanced": null, "timeFlag": null, "elementDataType": null, "bindDataType": null, "bindDataTypeProperty": null, "property": null, "childParams": [], "constraintType": null, "constraintValue": "", "constraintValueEn": "", "unitTypeCode": null, "unitTypeName": null, "noteCn": null, "noteEn": null, "flatten": false, "selectorType": null, "selection": null}, {"paramCode": "num", "paramName": "num", "ioType": "INPUT", "dataType": "int", "value": null, "defaultValue": "", "script": null, "required": 1, "advanced": null, "timeFlag": null, "elementDataType": "", "bindDataType": "", "bindDataTypeProperty": null, "property": null, "childParams": [], "constraintType": null, "constraintValue": "", "constraintValueEn": "", "unitTypeCode": null, "unitTypeName": null, "noteCn": null, "noteEn": null, "flatten": false, "selectorType": null, "selection": null}, {"paramCode": "temp", "paramName": "temp", "ioType": "CONSTANT", "dataType": "int", "value": null, "defaultValue": "4", "script": null, "required": 1, "advanced": null, "timeFlag": null, "elementDataType": "", "bindDataType": "", "bindDataTypeProperty": null, "property": null, "childParams": [], "constraintType": null, "constraintValue": "", "constraintValueEn": "", "unitTypeCode": null, "unitTypeName": null, "noteCn": null, "noteEn": null, "flatten": false, "selectorType": null, "selection": null}]}, {"id": 1897802271491090, "code": "balance_to_out", "name": "\u5c06\u914d\u5e73\u79bb\u5fc3\u673a\u7684\u74f6\u5b50\u4e22\u8fdb\u56de\u6536\u53e3", "noteCn": null, "noteEn": null, "translator": "default", "translatorArgs": {"url": "/send", "method": "POST"}, "recommend": null, "params": [{"paramCode": "data", "paramName": "data", "ioType": "CONSTANT", "dataType": "string", "value": null, "defaultValue": "balance_to_out", "script": null, "required": 1, "advanced": null, "timeFlag": null, "elementDataType": null, "bindDataType": null, "bindDataTypeProperty": null, "property": null, "childParams": [], "constraintType": null, "constraintValue": "", "constraintValueEn": "", "unitTypeCode": null, "unitTypeName": null, "noteCn": null, "noteEn": null, "flatten": false, "selectorType": null, "selection": null}, {"paramCode": "temp", "paramName": "temp", "ioType": "CONSTANT", "dataType": "int", "value": null, "defaultValue": "4", "script": null, "required": 1, "advanced": null, "timeFlag": null, "elementDataType": "", "bindDataType": "", "bindDataTypeProperty": null, "property": null, "childParams": [], "constraintType": null, "constraintValue": "", "constraintValueEn": "", "unitTypeCode": null, "unitTypeName": null, "noteCn": null, "noteEn": null, "flatten": false, "selectorType": null, "selection": null}]}, {"id": 1897802271491091, "code": "test", "name": "\u6d4b\u8bd5", "noteCn": null, "noteEn": null, "translator": "default", "translatorArgs": {"url": "/send", "method": "POST"}, "recommend": null, "params": null}], "allocates": [], "commands": [{"code": "allocation", "name": "\u5bb9\u5668\u5206\u914d", "noteCn": null, "noteEn": null, "actionCode": "allocate_container", "actionName": "\u5206\u914d\u5bb9\u5668\u6307\u4ee4", "params": [{"paramCode": "containerType", "value": "[{\"containerTypeCode\":\"container_1000ml\",\"containerTypeName\":\"1000\u6beb\u5347\u5bb9\u5668\",\"allocateMode\":\"extend\",\"minCount\":1,\"maxCount\":8,\"defaultCount\":3,\"alias\":\"1L\u5bb9\u5668\"}]"}]}], "containerSettings": [{"typeId": 1121591089726464, "typeCode": "slot_5000ml", "typeName": "5000\u6beb\u5347\u69fd\u4f4d", "containerType": "slot", "allCount": 1, "children": []}], "variables": [], "resultSetting": {"url": "", "type": null, "preview": null}, "ignoreMaterial": true, "defaultVersion": true, "updatedActions": null}