{"id": 1213184425559040, "version": "gxq_1.0", "code": "dryer", "name": "\u70d8\u5e72\u673a", "noteCn": "\u7535\u70ed\u9f13\u98ce\u5e72\u71e5\u7bb1\u901a\u8fc7\u7535\u52a0\u70ed\u5143\u4ef6\u4ea7\u751f\u70ed\u91cf\uff0c\u5229\u7528\u98ce\u673a\u4f7f\u7bb1\u5185\u7a7a\u6c14\u5faa\u73af\u6d41\u52a8\uff0c\u4ece\u800c\u5b9e\u73b0\u5bf9\u7269\u54c1\u7684\u5e72\u71e5\u5904\u7406\u3002\u5176\u5de5\u4f5c\u539f\u7406\u662f\u8ba9\u70ed\u7a7a\u6c14\u5728\u7bb1\u5185\u4e0d\u65ad\u5faa\u73af\uff0c\u5747\u5300\u5730\u4f20\u9012\u70ed\u91cf\u7ed9\u88ab\u5e72\u71e5\u7684\u7269\u4f53\uff0c\u52a0\u5feb\u6c34\u5206\u7684\u84b8\u53d1\u3002\u5728\u5927\u5b66\u5b9e\u9a8c\u5ba4\u4e2d\uff0c\u5b83\u5e38\u7528\u4e8e\u5e72\u71e5\u73bb\u7483\u4eea\u5668\u3001\u70d8\u5e72\u5b9e\u9a8c\u6837\u54c1\u7b49\u3002\u4f8b\u5982\uff0c\u5bf9\u4e8e\u521a\u6e05\u6d17\u5b8c\u7684\u73bb\u7483\u5668\u76bf\uff0c\u653e\u5165\u5e72\u71e5\u7bb1\u540e\u80fd\u5feb\u901f\u53bb\u9664\u6b8b\u7559\u6c34\u5206\uff0c\u9632\u6b62\u56e0\u6c34\u5206\u6b8b\u7559\u5f71\u54cd\u540e\u7eed\u5b9e\u9a8c\uff1b\u5bf9\u4e8e\u4e00\u4e9b\u9700\u8981\u5e72\u71e5\u4fdd\u5b58\u7684\u5b9e\u9a8c\u6837\u54c1\uff0c\u4e5f\u80fd\u901a\u8fc7\u5b83\u8fbe\u5230\u5408\u9002\u7684\u5e72\u71e5\u6548\u679c\u3002", "noteEn": "", "createTime": "2025-03-11 22:17:30", "updateTime": "2025-11-07 19:42:38", "paramUrl": "", "modelCode": null, "modelName": null, "modelImages": null, "definer": 0, "equipManufacturerCode": "ACB", "equipManufacturerName": "\u4e0a\u6d77\u7cbe\u5b8f\u5b9e\u9a8c\u8bbe\u5907\u6709\u9650\u516c\u53f8", "actions": [{"id": 1897802271917056, "code": "open-door", "name": "\u5f00\u95e8", "noteCn": "", "noteEn": null, "translator": "default", "translatorArgs": {"url": "/door", "method": "POST"}, "recommend": null, "params": [{"paramCode": "value", "paramName": "\u95e8\u63a7\u5236", "ioType": "CONSTANT", "dataType": "string", "value": null, "defaultValue": "open", "script": null, "required": 1, "advanced": null, "timeFlag": null, "elementDataType": null, "bindDataType": null, "bindDataTypeProperty": null, "property": null, "childParams": [], "constraintType": null, "constraintValue": "", "constraintValueEn": "", "unitTypeCode": null, "unitTypeName": null, "noteCn": "", "noteEn": null, "flatten": false, "selectorType": null, "selection": null}]}, {"id": 1897802271917057, "code": "close-door", "name": "\u5173\u95e8", "noteCn": null, "noteEn": null, "translator": "default", "translatorArgs": {"url": "/door", "method": "POST"}, "recommend": null, "params": [{"paramCode": "value", "paramName": "\u95e8\u63a7\u5236", "ioType": "CONSTANT", "dataType": "string", "value": null, "defaultValue": "close", "script": null, "required": 1, "advanced": null, "timeFlag": null, "elementDataType": null, "bindDataType": null, "bindDataTypeProperty": null, "property": null, "childParams": [], "constraintType": null, "constraintValue": "", "constraintValueEn": "", "unitTypeCode": null, "unitTypeName": null, "noteCn": null, "noteEn": null, "flatten": false, "selectorType": null, "selection": null}, {"paramCode": "temperature", "paramName": "\u6052\u6e29\u6e29\u5ea6[26,210]\uff08\u2103\uff09", "ioType": "INPUT", "dataType": "string", "value": null, "defaultValue": "", "script": null, "required": 0, "advanced": null, "timeFlag": null, "elementDataType": "", "bindDataType": "", "bindDataTypeProperty": null, "property": null, "childParams": [], "constraintType": null, "constraintValue": "", "constraintValueEn": "", "unitTypeCode": null, "unitTypeName": null, "noteCn": "\u6052\u6e29\u6e29\u5ea6[26,210]\uff08\u2103\uff09", "noteEn": null, "flatten": false, "selectorType": null, "selection": null}]}, {"id": 1897802271917058, "code": "dry", "name": "\u70d8\u5e72", "noteCn": "", "noteEn": null, "translator": "default", "translatorArgs": {"url": "/dry", "method": "POST"}, "recommend": null, "params": [{"paramCode": "temperature", "paramName": "\u6e29\u5ea6", "ioType": "INPUT", "dataType": "float", "value": null, "defaultValue": "30", "script": null, "required": 1, "advanced": null, "timeFlag": null, "elementDataType": "", "bindDataType": "", "bindDataTypeProperty": null, "property": null, "childParams": [], "constraintType": "RANGE", "constraintValue": "[26,210]", "constraintValueEn": "", "unitTypeCode": "\u00b0C", "unitTypeName": "\u6444\u6c0f\u5ea6", "noteCn": null, "noteEn": null, "flatten": false, "selectorType": null, "selection": null}, {"paramCode": "time", "paramName": "\u65f6\u95f4", "ioType": "INPUT", "dataType": "int", "value": null, "defaultValue": "1", "script": null, "required": 1, "advanced": null, "timeFlag": null, "elementDataType": "", "bindDataType": "", "bindDataTypeProperty": null, "property": null, "childParams": [], "constraintType": "RANGE", "constraintValue": "[1,14400]", "constraintValueEn": "", "unitTypeCode": "minute", "unitTypeName": "\u5206\u949f", "noteCn": "", "noteEn": "", "flatten": false, "selectorType": null, "selection": null}]}, {"id": 1897802271917059, "code": "stop", "name": "\u505c\u6b62\u70d8\u5e72", "noteCn": null, "noteEn": null, "translator": "default", "translatorArgs": {"url": "/stop", "method": "POST"}, "recommend": null, "params": []}, {"id": 1897802271917060, "code": "wait", "name": "\u7b49\u5f85\u964d\u6e29", "noteCn": null, "noteEn": null, "translator": "default", "translatorArgs": {"url": "/wait", "method": "POST"}, "recommend": null, "params": [{"paramCode": "temperature", "paramName": "\u6e29\u5ea6", "ioType": "INPUT", "dataType": "int", "value": null, "defaultValue": "60", "script": null, "required": 1, "advanced": null, "timeFlag": null, "elementDataType": "", "bindDataType": "", "bindDataTypeProperty": null, "property": null, "childParams": [], "constraintType": null, "constraintValue": "", "constraintValueEn": "", "unitTypeCode": null, "unitTypeName": null, "noteCn": null, "noteEn": null, "flatten": false, "selectorType": null, "selection": null}]}, {"id": 1897802271917061, "code": "pure_dry", "name": "\u9759\u7f6e\u70d8\u5e72", "noteCn": "\u70d8\u5e72\u673a\u5df2\u5f00\u542f\u52a0\u70ed\uff0c\u653e\u5230\u91cc\u9762\u6301\u7eed\u70d8\u5e72", "noteEn": "pure dryer", "translator": "default", "translatorArgs": {"url": "/pure-dry", "method": "POST"}, "recommend": null, "params": [{"paramCode": "time", "paramName": "\u70d8\u5e72\u65f6\u95f4", "ioType": "INPUT", "dataType": "int", "value": null, "defaultValue": "1", "script": null, "required": 1, "advanced": null, "timeFlag": null, "elementDataType": "", "bindDataType": "", "bindDataTypeProperty": null, "property": null, "childParams": [], "constraintType": "RANGE", "constraintValue": "[1,14400]", "constraintValueEn": "", "unitTypeCode": "minute", "unitTypeName": "\u5206\u949f", "noteCn": "", "noteEn": "", "flatten": false, "selectorType": null, "selection": null}]}, {"id": 1897802271917062, "code": "start_heat", "name": "\u8bbe\u7f6e\u6e29\u5ea6\u5e76\u5f00\u542f\u52a0\u70ed", "noteCn": "\u8bbe\u5b9a\u4e00\u4e2a\u6e29\u5ea6\uff0c\u5e76\u5f00\u542f\u52a0\u70ed\uff0c\u6301\u7eed\u52a0\u70ed\uff0c\u4e0d\u505c\u6b62", "noteEn": "start heat", "translator": "default", "translatorArgs": {"url": "/set-temperature", "method": "POST"}, "recommend": null, "params": [{"paramCode": "temperature", "paramName": "\u6e29\u5ea6", "ioType": "INPUT", "dataType": "float", "value": null, "defaultValue": "30", "script": null, "required": 1, "advanced": null, "timeFlag": null, "elementDataType": "", "bindDataType": "", "bindDataTypeProperty": null, "property": null, "childParams": [], "constraintType": "RANGE", "constraintValue": "[26,210]", "constraintValueEn": "", "unitTypeCode": "\u00b0C", "unitTypeName": "\u6444\u6c0f\u5ea6", "noteCn": null, "noteEn": null, "flatten": false, "selectorType": null, "selection": null}]}, {"id": 1897802271917063, "code": "force_online", "name": "\u5f3a\u5236\u4e0a\u7ebf", "noteCn": "\u5f3a\u5236\u4e0a\u7ebf", "noteEn": "force online", "translator": "default", "translatorArgs": {"url": "/online", "method": "POST"}, "recommend": null, "params": [{"paramCode": "operation", "paramName": "\u64cd\u4f5c\u6307\u4ee4", "ioType": "CONSTANT", "dataType": "string", "value": null, "defaultValue": "online", "script": null, "required": 0, "advanced": null, "timeFlag": null, "elementDataType": null, "bindDataType": null, "bindDataTypeProperty": null, "property": null, "childParams": [], "constraintType": null, "constraintValue": "", "constraintValueEn": "", "unitTypeCode": null, "unitTypeName": null, "noteCn": "\u64cd\u4f5c\u6307\u4ee4", "noteEn": null, "flatten": false, "selectorType": null, "selection": null}]}], "allocates": [{"containerTypeCode": "bottle_storage", "maxHandleSize": 10}], "commands": [{"code": "allocation", "name": "\u5206\u914d\u5bb9\u5668", "noteCn": null, "noteEn": null, "actionCode": "allocate_container", "actionName": "\u5206\u914d\u5bb9\u5668\u6307\u4ee4", "params": [{"paramCode": "containerType", "value": "[{\"minCount\":1,\"containerTypeCode\":\"bottle_storage\",\"containerTypeName\":\"\u8fdb\u6837\u74f6\",\"allocateMode\":\"extend\",\"maxCount\":10,\"defaultCount\":5}]"}, {"paramCode": "allocateOrder", "value": "small"}, {"paramCode": "allocateWorkstations", "value": "[]"}]}, {"code": "put-input", "name": "\u653e\u7f6e\u8fdb\u6837\u74f6", "noteCn": "\u653e\u7f6e\u8fdb\u6837\u74f6", "noteEn": null, "actionCode": "put", "actionName": "put\u653e\u7f6e\u6307\u4ee4", "params": [{"paramCode": "containerType", "value": "{\"containerTypeCode\":\"bottle_storage\",\"containerTypeName\":\"\u8fdb\u6837\u74f6\"}"}, {"paramCode": "slotType", "value": "{\"slotTypeCode\":\"\",\"slotTypeName\":\"\"}"}, {"paramCode": "robotCodes", "value": "[{\"robotCode\":\"hf_robot_4\",\"robotName\":\"\u822a\u53d1_303\"}]"}, {"paramCode": "fromOrder", "value": "small"}, {"paramCode": "toOrder", "value": "small"}, {"paramCode": "withParentContainerType", "value": "{\"containerTypeCode\":\"rack\",\"containerTypeName\":\"\u6837\u54c1\u67b6\"}"}]}, {"code": "take-input", "name": "\u62ff\u53d6\u8fdb\u6837\u74f6", "noteCn": "\u62ff\u53d6\u8fdb\u6837\u74f6", "noteEn": null, "actionCode": "take", "actionName": "take\u62ff\u53d6\u6307\u4ee4", "params": [{"paramCode": "containerType", "value": "{\"containerTypeCode\":\"bottle_storage\",\"containerTypeName\":\"\u8fdb\u6837\u74f6\"}"}, {"paramCode": "slotType", "value": "{\"slotTypeCode\":\"\",\"slotTypeName\":\"\"}"}, {"paramCode": "robotCodes", "value": "[{\"robotCode\":\"hf_robot_4\",\"robotName\":\"\u822a\u53d1_303\"}]"}, {"paramCode": "fromOrder", "value": "small"}, {"paramCode": "toOrder", "value": "small"}, {"paramCode": "storageWorkstation", "value": "{}"}, {"paramCode": "userDefinedPos", "value": ""}, {"paramCode": "withParentContainerType", "value": "{\"containerTypeCode\":\"rack\",\"containerTypeName\":\"\u6837\u54c1\u67b6\"}"}]}, {"code": "add_lock", "name": "\u52a0\u9501", "noteCn": "\u52a0\u9501", "noteEn": "add lock", "actionCode": "lock", "actionName": "\u52a0\u9501", "params": [{"paramCode": "robotList", "value": "[{\"robotCode\":\"hf_robot_4\",\"robotName\":\"\u822a\u53d1_303\"}]"}]}, {"code": "unlock", "name": "\u89e3\u9501", "noteCn": "\u89e3\u9501", "noteEn": "unlock", "actionCode": "unlock", "actionName": "\u89e3\u9501", "params": [{"paramCode": "robotList", "value": "[{\"robotCode\":\"hf_robot_4\",\"robotName\":\"\u822a\u53d1_303\"}]"}]}, {"code": "common", "name": "\u901a\u7528\u6307\u4ee4", "noteCn": null, "noteEn": null, "actionCode": "common", "actionName": "common\u901a\u7528\u6307\u4ee4", "params": [{"paramCode": "robotCodes", "value": "[{\"robotCode\":\"hf_robot_4\",\"robotName\":\"\u822a\u53d1_303\"}]"}]}], "containerSettings": [{"typeId": 881570976007168, "typeCode": "rack_slot", "typeName": "\u6837\u54c1\u67b6\u69fd\u4f4d", "containerType": "slot", "allCount": 1, "children": []}], "variables": [], "resultSetting": {"url": "/task/data", "type": null, "preview": null}, "ignoreMaterial": false, "defaultVersion": true, "updatedActions": null}