{"id": 1277696160596992, "version": "1.0", "code": "single_atom_enzyme_mimicking", "name": "\u5355\u539f\u5b50\u4eff\u9176\u50ac\u5316\u5e73\u53f0", "noteCn": "\u5355\u539f\u5b50\u4eff\u9176\u50ac\u5316\u6d4b\u8bd5\u5e73\u53f0\u662f\u4e13\u95e8\u7528\u4e8e\u7814\u7a76\u5355\u539f\u5b50\u4eff\u9176\u50ac\u5316\u5242\u6027\u80fd\u7684\u5b9e\u9a8c\u5e73\u53f0\u3002\u5b83\u53ef\u4ee5\u6a21\u62df\u5404\u79cd\u50ac\u5316\u53cd\u5e94\u6761\u4ef6\uff0c\u7cbe\u786e\u63a7\u5236\u53cd\u5e94\u6e29\u5ea6\u3001\u538b\u529b\u3001\u53cd\u5e94\u7269\u6d53\u5ea6\u7b49\u53c2\u6570\u3002\u901a\u8fc7\u5148\u8fdb\u7684\u68c0\u6d4b\u6280\u672f\uff0c\u5982\u8d28\u8c31\u3001\u5149\u8c31\u7b49\uff0c\u5b9e\u65f6\u76d1\u6d4b\u53cd\u5e94\u8fc7\u7a0b\u4e2d\u7684\u7269\u8d28\u53d8\u5316\u548c\u50ac\u5316\u5242\u7684\u6d3b\u6027\u3002\u80fd\u591f\u5bf9\u5355\u539f\u5b50\u4eff\u9176\u50ac\u5316\u5242\u7684\u50ac\u5316\u6d3b\u6027\u3001\u9009\u62e9\u6027\u3001\u7a33\u5b9a\u6027\u7b49\u6027\u80fd\u8fdb\u884c\u5168\u9762\u8bc4\u4f30\u3002\u5728\u80fd\u6e90\u50ac\u5316\u3001\u73af\u5883\u50ac\u5316\u7b49\u9886\u57df\uff0c\u5bf9\u4e8e\u5f00\u53d1\u9ad8\u6548\u3001\u4f4e\u6210\u672c\u7684\u5355\u539f\u5b50\u4eff\u9176\u50ac\u5316\u5242\u5177\u6709\u91cd\u8981\u610f\u4e49\uff0c\u6709\u52a9\u4e8e\u63a8\u52a8\u65b0\u578b\u50ac\u5316\u6280\u672f\u7684\u53d1\u5c55\u548c\u5e94\u7528\u3002", "noteEn": "", "createTime": "2025-04-03 17:09:52", "updateTime": "2025-11-07 19:42:38", "paramUrl": "/files/pan-dev/%E5%AF%BC%E5%85%A5%E5%AE%9E%E9%AA%8C%E6%A8%A1%E6%9D%BF_%E5%BF%AB%E9%80%9F%E6%B5%8B%E8%AF%95_V1.1.xls", "modelCode": null, "modelName": null, "modelImages": null, "definer": 0, "equipManufacturerCode": "AFH", "equipManufacturerName": "\u5176\u4ed6", "actions": [{"id": 1897802271294471, "code": "start", "name": "\u5f00\u59cb", "noteCn": "\u5f00\u59cb", "noteEn": "start", "translator": "default", "translatorArgs": {"url": "/send", "method": "POST"}, "recommend": null, "params": [{"paramCode": "definitionParamUrl", "paramName": "\u4e0a\u4f20\u53c2\u6570", "ioType": "INPUT", "dataType": "file", "value": null, "defaultValue": null, "script": null, "required": 1, "advanced": null, "timeFlag": null, "elementDataType": "", "bindDataType": "", "bindDataTypeProperty": null, "property": null, "childParams": [], "constraintType": null, "constraintValue": "", "constraintValueEn": "", "unitTypeCode": null, "unitTypeName": null, "noteCn": null, "noteEn": null, "flatten": false, "selectorType": null, "selection": null}, {"paramCode": "resultCode", "paramName": "\u8f93\u51fa\u53c2\u6570", "ioType": "OUTPUT", "dataType": "file", "value": null, "defaultValue": null, "script": null, "required": 0, "advanced": null, "timeFlag": null, "elementDataType": "", "bindDataType": "", "bindDataTypeProperty": null, "property": null, "childParams": [], "constraintType": null, "constraintValue": "", "constraintValueEn": "", "unitTypeCode": null, "unitTypeName": null, "noteCn": null, "noteEn": null, "flatten": false, "selectorType": null, "selection": null}]}], "allocates": [], "commands": [], "containerSettings": [{"typeId": 1121328281715712, "typeCode": "slot_500ml", "typeName": "500\u6beb\u5347\u69fd\u4f4d", "containerType": "slot", "allCount": 1, "children": []}], "variables": [], "resultSetting": {"url": "", "type": "any", "preview": null}, "ignoreMaterial": false, "defaultVersion": true, "updatedActions": null}