{"id": 1308673800307712, "version": "1.0", "code": "peptideSynthesizer", "name": "\u591a\u80bd\u5408\u6210\u4eea", "noteCn": "\u5168\u81ea\u52a8\u591a\u80bd\u5408\u6210\u4eea\u662f\u4e00\u79cd\u7528\u4e8e\u81ea\u52a8\u5408\u6210\u591a\u80bd\u7684\u8bbe\u5907\u3002\u5b83\u6309\u7167\u9884\u5148\u8bbe\u5b9a\u7684\u6c28\u57fa\u9178\u5e8f\u5217\uff0c\u901a\u8fc7\u5316\u5b66\u53cd\u5e94\u9010\u6b65\u5c06\u6c28\u57fa\u9178\u8fde\u63a5\u8d77\u6765\uff0c\u5f62\u6210\u591a\u80bd\u94fe\u3002\u8be5\u4eea\u5668\u5177\u6709\u9ad8\u5ea6\u81ea\u52a8\u5316\u7684\u7279\u70b9\uff0c\u80fd\u591f\u7cbe\u786e\u63a7\u5236\u53cd\u5e94\u6761\u4ef6\uff0c\u5982\u6e29\u5ea6\u3001\u8bd5\u5242\u6bd4\u4f8b\u7b49\uff0c\u786e\u4fdd\u591a\u80bd\u5408\u6210\u7684\u51c6\u786e\u6027\u548c\u6548\u7387\u3002\u5728\u751f\u7269\u5236\u836f\u3001\u86cb\u767d\u8d28\u7814\u7a76\u7b49\u9886\u57df\u6709\u7740\u91cd\u8981\u5e94\u7528\u3002\u4f8b\u5982\u5728\u836f\u7269\u7814\u53d1\u4e2d\uff0c\u53ef\u4ee5\u5229\u7528\u5b83\u5408\u6210\u5177\u6709\u7279\u5b9a\u529f\u80fd\u7684\u591a\u80bd\u836f\u7269\uff0c\u4e3a\u65b0\u836f\u7684\u5f00\u53d1\u63d0\u4f9b\u652f\u6301\u3002", "noteEn": "", "createTime": "2025-04-14 15:45:54", "updateTime": "2025-11-07 19:42:38", "paramUrl": "", "modelCode": null, "modelName": null, "modelImages": null, "definer": 0, "equipManufacturerCode": "AEP", "equipManufacturerName": "\u6d77\u5357\u5efa\u90a6\u5236\u836f\u79d1\u6280\u6709\u9650\u516c\u53f8", "actions": [{"id": 1897802271622166, "code": "take_test_tube", "name": "\u53d6\u4e00\u4e2a\u74f6\u5b50\u653e\u5728\u63a5\u6536\u5207\u5272\u8bd5\u5242\u7684\u5de5\u4f4d\uff0c\u5e76\u65cb\u5f00\u74f6\u76d6\u51c6\u5907\u63a5\u6536", "noteCn": "", "noteEn": null, "translator": "default", "translatorArgs": {"url": "/send", "method": "POST"}, "recommend": null, "params": [{"paramCode": "data", "paramName": "data", "ioType": "CONSTANT", "dataType": "string", "value": null, "defaultValue": "take_test_tube", "script": null, "required": 1, "advanced": null, "timeFlag": null, "elementDataType": null, "bindDataType": null, "bindDataTypeProperty": null, "property": null, "childParams": [], "constraintType": null, "constraintValue": "", "constraintValueEn": "", "unitTypeCode": null, "unitTypeName": null, "noteCn": null, "noteEn": null, "flatten": false, "selectorType": null, "selection": null}, {"paramCode": "temp", "paramName": "temp", "ioType": "CONSTANT", "dataType": "int", "value": null, "defaultValue": "1", "script": null, "required": 1, "advanced": null, "timeFlag": null, "elementDataType": "", "bindDataType": "", "bindDataTypeProperty": null, "property": null, "childParams": [], "constraintType": null, "constraintValue": "", "constraintValueEn": "", "unitTypeCode": null, "unitTypeName": null, "noteCn": null, "noteEn": null, "flatten": false, "selectorType": null, "selection": null}]}, {"id": 1897802271622167, "code": "Receive_peptide", "name": "\u63a5\u6536\u591a\u80bd\u6eb6\u6db2", "noteCn": null, "noteEn": null, "translator": "default", "translatorArgs": {"url": "/send", "method": "POST"}, "recommend": null, "params": null}, {"id": 1897802271622168, "code": "start", "name": "\u542f\u52a8\u591a\u80bd\u5408\u6210\u4eea", "noteCn": null, "noteEn": null, "translator": "default", "translatorArgs": {"url": "/send", "method": "POST"}, "recommend": null, "params": [{"paramCode": "Name", "paramName": "Name", "ioType": "INPUT", "dataType": "string", "value": null, "defaultValue": "methodNew", "script": null, "required": 1, "advanced": null, "timeFlag": null, "elementDataType": null, "bindDataType": null, "bindDataTypeProperty": null, "property": null, "childParams": [], "constraintType": null, "constraintValue": "", "constraintValueEn": "", "unitTypeCode": null, "unitTypeName": null, "noteCn": null, "noteEn": null, "flatten": false, "selectorType": null, "selection": null}, {"paramCode": "Sequence", "paramName": "Sequence", "ioType": "INPUT", "dataType": "string", "value": null, "defaultValue": "AF", "script": null, "required": 1, "advanced": null, "timeFlag": null, "elementDataType": null, "bindDataType": null, "bindDataTypeProperty": null, "property": null, "childParams": [], "constraintType": null, "constraintValue": "", "constraintValueEn": "", "unitTypeCode": null, "unitTypeName": null, "noteCn": null, "noteEn": null, "flatten": false, "selectorType": null, "selection": null}, {"paramCode": "SynthesisScale", "paramName": "SynthesisScale", "ioType": "INPUT", "dataType": "string", "value": null, "defaultValue": "0.20", "script": null, "required": 1, "advanced": null, "timeFlag": null, "elementDataType": null, "bindDataType": null, "bindDataTypeProperty": null, "property": null, "childParams": [], "constraintType": null, "constraintValue": "", "constraintValueEn": "", "unitTypeCode": null, "unitTypeName": null, "noteCn": null, "noteEn": null, "flatten": false, "selectorType": null, "selection": null}, {"paramCode": "CTerminus", "paramName": "CTerminus(1- Amid  2 -Amic)", "ioType": "INPUT", "dataType": "int", "value": null, "defaultValue": "1", "script": null, "required": 1, "advanced": null, "timeFlag": null, "elementDataType": "", "bindDataType": "", "bindDataTypeProperty": null, "property": null, "childParams": [], "constraintType": null, "constraintValue": "", "constraintValueEn": "", "unitTypeCode": null, "unitTypeName": null, "noteCn": "1- Amid  2 -Amic", "noteEn": null, "flatten": false, "selectorType": null, "selection": null}, {"paramCode": "Methodology", "paramName": "Methodology", "ioType": "INPUT", "dataType": "string", "value": null, "defaultValue": "Standard", "script": null, "required": 1, "advanced": null, "timeFlag": null, "elementDataType": null, "bindDataType": null, "bindDataTypeProperty": null, "property": null, "childParams": [], "constraintType": null, "constraintValue": "", "constraintValueEn": "", "unitTypeCode": null, "unitTypeName": null, "noteCn": null, "noteEn": null, "flatten": false, "selectorType": null, "selection": null}, {"paramCode": "ResinName", "paramName": "ResinName", "ioType": "INPUT", "dataType": "string", "value": null, "defaultValue": "ResinName", "script": null, "required": 1, "advanced": null, "timeFlag": null, "elementDataType": null, "bindDataType": null, "bindDataTypeProperty": null, "property": null, "childParams": [], "constraintType": null, "constraintValue": "", "constraintValueEn": "", "unitTypeCode": null, "unitTypeName": null, "noteCn": null, "noteEn": null, "flatten": false, "selectorType": null, "selection": null}, {"paramCode": "ResinLoading", "paramName": "ResinLoading", "ioType": "INPUT", "dataType": "string", "value": null, "defaultValue": "0", "script": null, "required": 1, "advanced": null, "timeFlag": null, "elementDataType": null, "bindDataType": null, "bindDataTypeProperty": null, "property": null, "childParams": [], "constraintType": null, "constraintValue": "", "constraintValueEn": "", "unitTypeCode": null, "unitTypeName": null, "noteCn": null, "noteEn": null, "flatten": false, "selectorType": null, "selection": null}, {"paramCode": "ResinType", "paramName": "ResinType(1-Preloaded    2-Not Preloaded)", "ioType": "INPUT", "dataType": "int", "value": null, "defaultValue": "1", "script": null, "required": 1, "advanced": null, "timeFlag": null, "elementDataType": "", "bindDataType": "", "bindDataTypeProperty": null, "property": null, "childParams": [], "constraintType": null, "constraintValue": "", "constraintValueEn": "", "unitTypeCode": null, "unitTypeName": null, "noteCn": null, "noteEn": null, "flatten": false, "selectorType": null, "selection": null}, {"paramCode": "ResinCycle", "paramName": "ResinCycle(1-No  2-Resin)", "ioType": "INPUT", "dataType": "int", "value": null, "defaultValue": "1", "script": null, "required": 1, "advanced": null, "timeFlag": null, "elementDataType": "", "bindDataType": "", "bindDataTypeProperty": null, "property": null, "childParams": [], "constraintType": null, "constraintValue": "", "constraintValueEn": "", "unitTypeCode": null, "unitTypeName": null, "noteCn": "2: 0.10-Resin Swelling   1: 0.10-No Resin Swelling", "noteEn": null, "flatten": false, "selectorType": null, "selection": null}, {"paramCode": "FinalDeprotectionCycle", "paramName": "FinalDeprotectionCycle\uff081-Final  2-No)", "ioType": "INPUT", "dataType": "int", "value": null, "defaultValue": "1", "script": null, "required": 1, "advanced": null, "timeFlag": null, "elementDataType": "", "bindDataType": "", "bindDataTypeProperty": null, "property": null, "childParams": [], "constraintType": null, "constraintValue": "", "constraintValueEn": "", "unitTypeCode": null, "unitTypeName": null, "noteCn": "1: 0.10-Final Deprotection (90'c 1 mi", "noteEn": null, "flatten": false, "selectorType": null, "selection": null}, {"paramCode": "resultCode", "paramName": "resultCode", "ioType": "OUTPUT", "dataType": "file", "value": null, "defaultValue": null, "script": null, "required": 0, "advanced": null, "timeFlag": null, "elementDataType": "", "bindDataType": "", "bindDataTypeProperty": null, "property": null, "childParams": [], "constraintType": null, "constraintValue": "", "constraintValueEn": "", "unitTypeCode": null, "unitTypeName": null, "noteCn": null, "noteEn": null, "flatten": false, "selectorType": null, "selection": null}]}, {"id": 1897802271622169, "code": "test", "name": "\u6d4b\u8bd5", "noteCn": null, "noteEn": null, "translator": "default", "translatorArgs": {"url": "/send", "method": "POST"}, "recommend": null, "params": null}], "allocates": [], "commands": [{"code": "test_code", "name": "test", "noteCn": null, "noteEn": null, "actionCode": "test", "actionName": "\u6d4b\u8bd5\u6307\u4ee4", "params": [{"paramCode": "test1", "value": "123"}]}], "containerSettings": [{"typeId": 1121591089726464, "typeCode": "slot_5000ml", "typeName": "5000\u6beb\u5347\u69fd\u4f4d", "containerType": "slot", "allCount": 1, "children": []}], "variables": [], "resultSetting": {"url": "", "type": null, "preview": null}, "ignoreMaterial": false, "defaultVersion": true, "updatedActions": null}