{"id": 1311378886689792, "version": "1.0", "code": "Shaker", "name": "\u6447\u5e8a\u5de5\u4f5c\u7ad9", "noteCn": "\u5b9e\u9a8c\u7528\u6447\u5e8a\u662f\u4e00\u79cd\u4e3a\u5b9e\u9a8c\u5ba4\u8bbe\u8ba1\u7684\u6837\u54c1\u5236\u5907\u548c\u6df7\u5408\u8bbe\u5907\uff0c\u5176\u6838\u5fc3\u529f\u80fd\u662f\u901a\u8fc7\u53ef\u63a7\u7684\u3001\u6e29\u548c\u7684\u6447\u6446\u632f\u8361\uff0c\u4f7f\u653e\u7f6e\u5728\u5176\u5e73\u53f0\u4e0a\u7684\u8bd5\u7ba1\u3001\u9525\u5f62\u74f6\u3001\u57f9\u517b\u76bf\u7b49\u5bb9\u5668\u5185\u7684\u6837\u54c1\u5b9e\u73b0\u5747\u5300\u6df7\u5408\u3001\u5145\u5206\u53cd\u5e94\u6216\u9ad8\u6548\u6eb6\u89e3\u3002\u5b83\u901a\u8fc7\u6a21\u62df\u4eba\u624b\u6447\u6643\u7684\u52a8\u4f5c\uff0c\u4f46\u5177\u6709\u9ad8\u5ea6\u7684\u4e00\u81f4\u6027\u3001\u91cd\u73b0\u6027\u548c\u7a33\u5b9a\u6027\uff0c\u907f\u514d\u4e86\u4eba\u5de5\u64cd\u4f5c\u5e26\u6765\u7684\u8bef\u5dee\u548c\u75b2\u52b3\uff0c\u5e7f\u6cdb\u5e94\u7528\u4e8e\u751f\u7269\u5316\u5b66\u3001\u5206\u5b50\u751f\u7269\u5b66\u3001\u533b\u5b66\u68c0\u9a8c\u7b49\u9886\u57df\u7684\u7ec6\u80de\u57f9\u517b\u3001\u67d3\u8272\u3001\u8131\u8272\u3001\u6742\u4ea4\u53cd\u5e94\u7b49\u5b9e\u9a8c\u6d41\u7a0b\u3002", "noteEn": "", "createTime": "2025-04-15 14:41:47", "updateTime": "2025-11-07 19:42:38", "paramUrl": "", "modelCode": null, "modelName": null, "modelImages": null, "definer": 0, "equipManufacturerCode": "ABL", "equipManufacturerName": "\u5b89\u5fbd\u98de\u6b47\u5c14\u751f\u7269\u79d1\u6280\u6709\u9650\u516c\u53f8", "actions": [{"id": 1897802271196169, "code": "to_Shaker", "name": "\u52a0\u6c34\u4e4b\u540e\u8f6c\u79fb\u81f3\u6447\u5e8a\u6eb6\u89e3\u540e\u5c06\u74f6\u5b50\u8f6c\u79fb\u81f3\u6db2\u76f8\u8272\u8c31\u8fdb\u6837\u5de5\u4f4d", "noteCn": null, "noteEn": null, "translator": "default", "translatorArgs": {"url": "/send", "method": "POST"}, "recommend": null, "params": [{"paramCode": "data", "paramName": "data", "ioType": "CONSTANT", "dataType": "string", "value": null, "defaultValue": "to_Shaker", "script": null, "required": 1, "advanced": null, "timeFlag": null, "elementDataType": null, "bindDataType": null, "bindDataTypeProperty": null, "property": null, "childParams": [], "constraintType": null, "constraintValue": "", "constraintValueEn": "", "unitTypeCode": null, "unitTypeName": null, "noteCn": null, "noteEn": null, "flatten": false, "selectorType": null, "selection": null}, {"paramCode": "time", "paramName": "time", "ioType": "INPUT", "dataType": "int", "value": null, "defaultValue": "2", "script": null, "required": 1, "advanced": null, "timeFlag": null, "elementDataType": "", "bindDataType": "", "bindDataTypeProperty": null, "property": null, "childParams": [], "constraintType": null, "constraintValue": "", "constraintValueEn": "", "unitTypeCode": null, "unitTypeName": null, "noteCn": null, "noteEn": null, "flatten": false, "selectorType": null, "selection": null}, {"paramCode": "temp", "paramName": "temp", "ioType": "CONSTANT", "dataType": "int", "value": null, "defaultValue": "6", "script": null, "required": 1, "advanced": null, "timeFlag": null, "elementDataType": "", "bindDataType": "", "bindDataTypeProperty": null, "property": null, "childParams": [], "constraintType": null, "constraintValue": "", "constraintValueEn": "", "unitTypeCode": null, "unitTypeName": null, "noteCn": null, "noteEn": null, "flatten": false, "selectorType": null, "selection": null}]}, {"id": 1897802271196170, "code": "test", "name": "\u6d4b\u8bd5", "noteCn": null, "noteEn": null, "translator": "default", "translatorArgs": {"url": "/send", "method": "POST"}, "recommend": null, "params": null}], "allocates": [], "commands": [], "containerSettings": [{"typeId": 1121591089726464, "typeCode": "slot_5000ml", "typeName": "5000\u6beb\u5347\u69fd\u4f4d", "containerType": "slot", "allCount": 1, "children": []}], "variables": [], "resultSetting": {"url": "", "type": null, "preview": null}, "ignoreMaterial": false, "defaultVersion": true, "updatedActions": null}