{"id": 1311306841687040, "version": "1.0", "code": "imbibition", "name": "\u5438\u6db2\u5de5\u4f5c\u7ad9", "noteCn": "\u81ea\u52a8\u6db2\u4f53\u5904\u7406\u5de5\u4f5c\u7ad9\u662f\u4e00\u79cd\u591a\u529f\u80fd\u7684\u6db2\u4f53\u5904\u7406\u8bbe\u5907\u3002\u5b83\u53ef\u4ee5\u8fdb\u884c\u7cbe\u786e\u7684\u79fb\u6db2\u3001\u5206\u6db2\u3001\u6df7\u5408\u7b49\u64cd\u4f5c\uff0c\u5e76\u4e14\u80fd\u591f\u6839\u636e\u4e0d\u540c\u7684\u5b9e\u9a8c\u9700\u6c42\u8fdb\u884c\u7075\u6d3b\u7f16\u7a0b\u3002\u5176\u914d\u5907\u7684\u9ad8\u7cbe\u5ea6\u6db2\u4f53\u5904\u7406\u6a21\u5757\u548c\u667a\u80fd\u63a7\u5236\u7cfb\u7edf\uff0c\u786e\u4fdd\u4e86\u6db2\u4f53\u5904\u7406\u7684\u51c6\u786e\u6027\u548c\u91cd\u590d\u6027\u3002\u5728\u836f\u7269\u7814\u53d1\u3001\u4e34\u5e8a\u68c0\u9a8c\u7b49\u9886\u57df\uff0c\u53ef\u7528\u4e8e\u9ad8\u901a\u91cf\u7684\u6837\u54c1\u5904\u7406\uff0c\u5982\u836f\u7269\u7b5b\u9009\u5b9e\u9a8c\u4e2d\u7684\u6837\u54c1\u7a00\u91ca\u3001\u6df7\u5408\u7b49\u64cd\u4f5c\uff0c\u63d0\u9ad8\u5b9e\u9a8c\u6548\u7387\u548c\u8d28\u91cf\u3002", "noteEn": "", "createTime": "2025-04-15 14:05:08", "updateTime": "2025-11-07 19:42:38", "paramUrl": "", "modelCode": null, "modelName": null, "modelImages": null, "definer": 0, "equipManufacturerCode": "AFH", "equipManufacturerName": "\u5176\u4ed6", "actions": [{"id": 1897802271622177, "code": "to_Aspirate", "name": "\u5c06\u79bb\u5fc3\u673a\u91cc\u7684\u74f6\u5b50\u8f6c\u79fb\u81f3\u5438\u6db2\u5de5\u4f4d\u540e\u542f\u52a8\u5438\u6db2", "noteCn": null, "noteEn": null, "translator": "default", "translatorArgs": {"url": "/send", "method": "POST"}, "recommend": null, "params": [{"paramCode": "data", "paramName": "data", "ioType": "CONSTANT", "dataType": "string", "value": null, "defaultValue": "to_Aspirate", "script": null, "required": 1, "advanced": null, "timeFlag": null, "elementDataType": null, "bindDataType": null, "bindDataTypeProperty": null, "property": null, "childParams": [], "constraintType": null, "constraintValue": "", "constraintValueEn": "", "unitTypeCode": null, "unitTypeName": null, "noteCn": null, "noteEn": null, "flatten": false, "selectorType": null, "selection": null}, {"paramCode": "temp", "paramName": "temp", "ioType": "CONSTANT", "dataType": "int", "value": null, "defaultValue": "5", "script": null, "required": 1, "advanced": null, "timeFlag": null, "elementDataType": "", "bindDataType": "", "bindDataTypeProperty": null, "property": null, "childParams": [], "constraintType": null, "constraintValue": "", "constraintValueEn": "", "unitTypeCode": null, "unitTypeName": null, "noteCn": null, "noteEn": null, "flatten": false, "selectorType": null, "selection": null}, {"paramCode": "cover_out", "paramName": "cover_out", "ioType": "INPUT", "dataType": "boolean", "value": null, "defaultValue": "true", "script": null, "required": 1, "advanced": null, "timeFlag": null, "elementDataType": "", "bindDataType": "", "bindDataTypeProperty": null, "property": null, "childParams": [], "constraintType": null, "constraintValue": "", "constraintValueEn": "", "unitTypeCode": null, "unitTypeName": null, "noteCn": null, "noteEn": null, "flatten": false, "selectorType": null, "selection": null}]}, {"id": 1897802271622178, "code": "test", "name": "\u6d4b\u8bd5", "noteCn": null, "noteEn": null, "translator": "default", "translatorArgs": {"url": "/send", "method": "POST"}, "recommend": null, "params": null}], "allocates": [], "commands": [], "containerSettings": [{"typeId": 1121591089726464, "typeCode": "slot_5000ml", "typeName": "5000\u6beb\u5347\u69fd\u4f4d", "containerType": "slot", "allCount": 1, "children": []}], "variables": [], "resultSetting": {"url": "", "type": null, "preview": null}, "ignoreMaterial": false, "defaultVersion": true, "updatedActions": null}