{"id": 1311555486745600, "version": "1.0", "code": "to_Lyophilization_chamber", "name": "\u51b7\u51bb\u5e72\u71e5\u5de5\u4f5c\u7ad9", "noteCn": "\u51b7\u51bb\u5e72\u71e5\u673a\u7684\u5de5\u4f5c\u539f\u7406\u662f\u5148\u5c06\u542b\u6c34\u7269\u8d28\u51bb\u7ed3\u6210\u56fa\u6001\uff0c\u7136\u540e\u5728\u771f\u7a7a\u6761\u4ef6\u4e0b\u4f7f\u5176\u4e2d\u7684\u6c34\u5206\u76f4\u63a5\u5347\u534e\u6210\u6c14\u6001\u800c\u9664\u53bb\u3002\u5b83\u53ef\u4ee5\u6700\u5927\u7a0b\u5ea6\u5730\u4fdd\u6301\u7269\u8d28\u7684\u539f\u6709\u7ed3\u6784\u548c\u6027\u8d28\uff0c\u907f\u514d\u5728\u5e72\u71e5\u8fc7\u7a0b\u4e2d\u56e0\u9ad8\u6e29\u6216\u6c34\u5206\u7684\u5b58\u5728\u800c\u5bfc\u81f4\u7269\u8d28\u7684\u53d8\u6027\u3001\u6c27\u5316\u7b49\u95ee\u9898\u3002\u5e38\u7528\u4e8e\u751f\u7269\u5236\u54c1\u3001\u836f\u54c1\u3001\u98df\u54c1\u7b49\u7684\u5e72\u71e5\u4fdd\u5b58\uff0c\u80fd\u591f\u5ef6\u957f\u4ea7\u54c1\u7684\u4fdd\u8d28\u671f\uff0c\u540c\u65f6\u4fdd\u6301\u5176\u6d3b\u6027\u548c\u8425\u517b\u6210\u5206\u3002\u4f8b\u5982\u5728\u4fdd\u5b58\u75ab\u82d7\u3001\u8840\u6e05\u7b49\u751f\u7269\u5236\u54c1\u65f6\uff0c\u51b7\u51bb\u5e72\u71e5\u6280\u672f\u53ef\u4ee5\u6709\u6548\u5730\u4fdd\u6301\u5176\u751f\u7269\u6d3b\u6027\u3002", "noteEn": "", "createTime": "2025-04-15 16:11:37", "updateTime": "2025-11-07 19:42:38", "paramUrl": "", "modelCode": null, "modelName": null, "modelImages": null, "definer": 0, "equipManufacturerCode": "AAG", "equipManufacturerName": "\u4e0a\u6d77\u7231\u6717\u4eea\u5668\u6709\u9650\u516c\u53f8", "actions": [{"id": 1897802271622170, "code": "to_Lyophilization_chamber", "name": "\u5c06\u6db2\u6c2e\u76c6\u91cc\u7684num\u4e2a\u74f6\u5b50\uff0c\u653e\u7f6e\u5230\u51bb\u5e72\u4ed3\u5e76\u51b7\u51bbtime\u5206\u949f", "noteCn": null, "noteEn": null, "translator": "default", "translatorArgs": {"url": "/send", "method": "POST"}, "recommend": null, "params": [{"paramCode": "data", "paramName": "data", "ioType": "CONSTANT", "dataType": "string", "value": null, "defaultValue": "to_Lyophilization_chamber", "script": null, "required": 1, "advanced": null, "timeFlag": null, "elementDataType": null, "bindDataType": null, "bindDataTypeProperty": null, "property": null, "childParams": [], "constraintType": null, "constraintValue": "", "constraintValueEn": "", "unitTypeCode": null, "unitTypeName": null, "noteCn": null, "noteEn": null, "flatten": false, "selectorType": null, "selection": null}, {"paramCode": "num", "paramName": "num", "ioType": "INPUT", "dataType": "int", "value": null, "defaultValue": null, "script": null, "required": 1, "advanced": null, "timeFlag": null, "elementDataType": "", "bindDataType": "", "bindDataTypeProperty": null, "property": null, "childParams": [], "constraintType": null, "constraintValue": "", "constraintValueEn": "", "unitTypeCode": null, "unitTypeName": null, "noteCn": null, "noteEn": null, "flatten": false, "selectorType": null, "selection": null}, {"paramCode": "time", "paramName": "time", "ioType": "INPUT", "dataType": "int", "value": null, "defaultValue": "20", "script": null, "required": 1, "advanced": null, "timeFlag": null, "elementDataType": "", "bindDataType": "", "bindDataTypeProperty": null, "property": null, "childParams": [], "constraintType": null, "constraintValue": "", "constraintValueEn": "", "unitTypeCode": null, "unitTypeName": null, "noteCn": "\u51b7\u51bb48\u5c0f\u65f6", "noteEn": null, "flatten": false, "selectorType": null, "selection": null}, {"paramCode": "temp", "paramName": "temp", "ioType": "CONSTANT", "dataType": "int", "value": null, "defaultValue": "9", "script": null, "required": 1, "advanced": null, "timeFlag": null, "elementDataType": "", "bindDataType": "", "bindDataTypeProperty": null, "property": null, "childParams": [], "constraintType": null, "constraintValue": "", "constraintValueEn": "", "unitTypeCode": null, "unitTypeName": null, "noteCn": null, "noteEn": null, "flatten": false, "selectorType": null, "selection": null}]}, {"id": 1897802271622171, "code": "test", "name": "\u6d4b\u8bd5", "noteCn": null, "noteEn": null, "translator": "default", "translatorArgs": {"url": "/send", "method": "POST"}, "recommend": null, "params": null}, {"id": 1897802271622172, "code": "from_liquid_chromatography_to_liquid_nitorgen", "name": "\u8d28\u8c31\u4eea\u8fd0\u884c\u51fa\u7ed3\u679c\u540e\uff0c\u4ece\u6db2\u76f8\u8272\u8c31\u4eea\u7eaf\u5316\u540e\u7684\u7b2c\u51e0\u53f7\u74f6\u5b50\u8f6c\u79fb\u5230\u6db2\u6c2e\u76c6", "noteCn": null, "noteEn": null, "translator": "default", "translatorArgs": {"url": "/send", "method": "POST"}, "recommend": null, "params": [{"paramCode": "data", "paramName": "data", "ioType": "CONSTANT", "dataType": "string", "value": null, "defaultValue": "from_liquid_chromatography_to_liquid_nitorgen", "script": null, "required": 1, "advanced": null, "timeFlag": null, "elementDataType": null, "bindDataType": null, "bindDataTypeProperty": null, "property": null, "childParams": [], "constraintType": null, "constraintValue": "", "constraintValueEn": "", "unitTypeCode": null, "unitTypeName": null, "noteCn": null, "noteEn": null, "flatten": false, "selectorType": null, "selection": null}, {"paramCode": "num", "paramName": "num", "ioType": "INPUT", "dataType": "int", "value": null, "defaultValue": null, "script": null, "required": 1, "advanced": null, "timeFlag": null, "elementDataType": "", "bindDataType": "", "bindDataTypeProperty": null, "property": null, "childParams": [], "constraintType": null, "constraintValue": "", "constraintValueEn": "", "unitTypeCode": null, "unitTypeName": null, "noteCn": null, "noteEn": null, "flatten": false, "selectorType": null, "selection": null}, {"paramCode": "temp", "paramName": "temp", "ioType": "CONSTANT", "dataType": "int", "value": null, "defaultValue": "9", "script": null, "required": 1, "advanced": null, "timeFlag": null, "elementDataType": "", "bindDataType": "", "bindDataTypeProperty": null, "property": null, "childParams": [], "constraintType": null, "constraintValue": "", "constraintValueEn": "", "unitTypeCode": null, "unitTypeName": null, "noteCn": null, "noteEn": null, "flatten": false, "selectorType": null, "selection": null}]}], "allocates": [], "commands": [], "containerSettings": [{"typeId": 1121591089726464, "typeCode": "slot_5000ml", "typeName": "5000\u6beb\u5347\u69fd\u4f4d", "containerType": "slot", "allCount": 1, "children": []}], "variables": [], "resultSetting": {"url": "", "type": null, "preview": null}, "ignoreMaterial": false, "defaultVersion": true, "updatedActions": null}