{"id": 1311541731886080, "version": "1.0", "code": "massSpectrometer", "name": "\u8d28\u8c31\u5de5\u4f5c\u7ad9", "noteCn": "\u6db2\u76f8\u8272\u8c31 - \u8d28\u8c31\u8054\u7528\u4eea\u662f\u5c06\u6db2\u76f8\u8272\u8c31\u7684\u9ad8\u5206\u79bb\u80fd\u529b\u4e0e\u8d28\u8c31\u7684\u9ad8\u7075\u654f\u5ea6\u548c\u9ad8\u9274\u522b\u80fd\u529b\u76f8\u7ed3\u5408\u7684\u5206\u6790\u4eea\u5668\u3002\u6db2\u76f8\u8272\u8c31\u5148\u5c06\u590d\u6742\u6df7\u5408\u7269\u4e2d\u7684\u5404\u7ec4\u5206\u8fdb\u884c\u5206\u79bb\uff0c\u7136\u540e\u8d28\u8c31\u5bf9\u5206\u79bb\u540e\u7684\u5404\u7ec4\u5206\u8fdb\u884c\u79bb\u5b50\u5316\u548c\u8d28\u91cf\u5206\u6790\u3002\u8d28\u8c31\u80fd\u591f\u63d0\u4f9b\u5404\u7ec4\u5206\u7684\u5206\u5b50\u91cf\uff0c\u4ece\u800c\u5bf9\u5316\u5408\u7269\u8fdb\u884c\u51c6\u786e\u7684\u5b9a\u6027\u5206\u6790\u3002\u5728\u836f\u7269\u7814\u53d1\u3001\u4ee3\u8c22\u7ec4\u5b66\u3001\u98df\u54c1\u5b89\u5168\u7b49\u9886\u57df\uff0c\u53ef\u7528\u4e8e\u5206\u6790\u590d\u6742\u6837\u54c1\u4e2d\u7684\u5fae\u91cf\u6210\u5206\uff0c\u9274\u5b9a\u672a\u77e5\u5316\u5408\u7269\uff0c\u4ee5\u53ca\u7814\u7a76\u836f\u7269\u7684\u4ee3\u8c22\u9014\u5f84\u7b49\u3002", "noteEn": "", "createTime": "2025-04-15 16:04:37", "updateTime": "2025-11-07 19:42:38", "paramUrl": "", "modelCode": null, "modelName": null, "modelImages": null, "definer": 0, "equipManufacturerCode": "AAF", "equipManufacturerName": "\u5c9b\u6d25\u4eea\u5668\uff08\u82cf\u5dde\uff09\u6709\u9650\u516c\u53f8", "actions": [{"id": 1897802271622173, "code": "from_liquid_chromatography_to_mass_spectrometry", "name": "\u4ece\u6db2\u76f8\u8272\u8c31\u4eea\u7eaf\u5316\u540e\u7684num\u4e2a\u74f6\u5b50\u8f6c\u79fb\u5230\u8d28\u8c31\u4eea\u7684\u897f\u6797\u74f6\u4e2d", "noteCn": null, "noteEn": null, "translator": "default", "translatorArgs": {"url": "/send", "method": "POST"}, "recommend": null, "params": [{"paramCode": "data", "paramName": "data", "ioType": "CONSTANT", "dataType": "string", "value": null, "defaultValue": "from_liquid_chromatography_to_mass_spectrometry", "script": null, "required": 1, "advanced": null, "timeFlag": null, "elementDataType": null, "bindDataType": null, "bindDataTypeProperty": null, "property": null, "childParams": [], "constraintType": null, "constraintValue": "", "constraintValueEn": "", "unitTypeCode": null, "unitTypeName": null, "noteCn": null, "noteEn": null, "flatten": false, "selectorType": null, "selection": null}, {"paramCode": "num", "paramName": "num", "ioType": "INPUT", "dataType": "int", "value": null, "defaultValue": null, "script": null, "required": 1, "advanced": null, "timeFlag": null, "elementDataType": "", "bindDataType": "", "bindDataTypeProperty": null, "property": null, "childParams": [], "constraintType": null, "constraintValue": "", "constraintValueEn": "", "unitTypeCode": null, "unitTypeName": null, "noteCn": null, "noteEn": null, "flatten": false, "selectorType": null, "selection": null}, {"paramCode": "temp", "paramName": "temp", "ioType": "CONSTANT", "dataType": "int", "value": null, "defaultValue": "8", "script": null, "required": 1, "advanced": null, "timeFlag": null, "elementDataType": "", "bindDataType": "", "bindDataTypeProperty": null, "property": null, "childParams": [], "constraintType": null, "constraintValue": "", "constraintValueEn": "", "unitTypeCode": null, "unitTypeName": null, "noteCn": null, "noteEn": null, "flatten": false, "selectorType": null, "selection": null}]}, {"id": 1897802271622174, "code": "massSpectrometer", "name": "\u542f\u52a8\u8d28\u8c31\u4eea", "noteCn": null, "noteEn": null, "translator": "default", "translatorArgs": {"url": "/command", "method": "POST"}, "recommend": null, "params": [{"paramCode": "data", "paramName": "data", "ioType": "CONSTANT", "dataType": "string", "value": null, "defaultValue": "massSpectrometer", "script": null, "required": 1, "advanced": null, "timeFlag": null, "elementDataType": null, "bindDataType": null, "bindDataTypeProperty": null, "property": null, "childParams": [], "constraintType": null, "constraintValue": "", "constraintValueEn": "", "unitTypeCode": null, "unitTypeName": null, "noteCn": null, "noteEn": null, "flatten": false, "selectorType": null, "selection": null}, {"paramCode": "temp", "paramName": "temp", "ioType": "CONSTANT", "dataType": "int", "value": null, "defaultValue": "8", "script": null, "required": 1, "advanced": null, "timeFlag": null, "elementDataType": "", "bindDataType": "", "bindDataTypeProperty": null, "property": null, "childParams": [], "constraintType": null, "constraintValue": "", "constraintValueEn": "", "unitTypeCode": null, "unitTypeName": null, "noteCn": null, "noteEn": null, "flatten": false, "selectorType": null, "selection": null}, {"paramCode": "resultCode", "paramName": "resultCode", "ioType": "OUTPUT", "dataType": "file", "value": null, "defaultValue": null, "script": null, "required": 0, "advanced": null, "timeFlag": null, "elementDataType": "", "bindDataType": "", "bindDataTypeProperty": null, "property": null, "childParams": [], "constraintType": null, "constraintValue": "", "constraintValueEn": "", "unitTypeCode": null, "unitTypeName": null, "noteCn": null, "noteEn": null, "flatten": false, "selectorType": null, "selection": null}]}, {"id": 1897802271622175, "code": "from_liquid_chromatography_to_liquid_nitorgen", "name": "\u8d28\u8c31\u4eea\u8fd0\u884c\u51fa\u7ed3\u679c\u540e\uff0c\u4ece\u6db2\u76f8\u8272\u8c31\u4eea\u7eaf\u5316\u540e\u7684\u7b2c\u51e0\u53f7\u74f6\u5b50\u8f6c\u79fb\u5230\u6db2\u6c2e\u76c6", "noteCn": null, "noteEn": null, "translator": "default", "translatorArgs": {"url": "/send", "method": "POST"}, "recommend": null, "params": [{"paramCode": "data", "paramName": "data", "ioType": "CONSTANT", "dataType": "string", "value": null, "defaultValue": "from_liquid_chromatography_to_liquid_nitorgen", "script": null, "required": 1, "advanced": null, "timeFlag": null, "elementDataType": null, "bindDataType": null, "bindDataTypeProperty": null, "property": null, "childParams": [], "constraintType": null, "constraintValue": "", "constraintValueEn": "", "unitTypeCode": null, "unitTypeName": null, "noteCn": null, "noteEn": null, "flatten": false, "selectorType": null, "selection": null}, {"paramCode": "num", "paramName": "num", "ioType": "INPUT", "dataType": "int", "value": null, "defaultValue": null, "script": null, "required": 1, "advanced": null, "timeFlag": null, "elementDataType": "", "bindDataType": "", "bindDataTypeProperty": null, "property": null, "childParams": [], "constraintType": null, "constraintValue": "", "constraintValueEn": "", "unitTypeCode": null, "unitTypeName": null, "noteCn": null, "noteEn": null, "flatten": false, "selectorType": null, "selection": null}, {"paramCode": "temp", "paramName": "temp", "ioType": "CONSTANT", "dataType": "int", "value": null, "defaultValue": "8", "script": null, "required": 1, "advanced": null, "timeFlag": null, "elementDataType": "", "bindDataType": "", "bindDataTypeProperty": null, "property": null, "childParams": [], "constraintType": null, "constraintValue": "", "constraintValueEn": "", "unitTypeCode": null, "unitTypeName": null, "noteCn": null, "noteEn": null, "flatten": false, "selectorType": null, "selection": null}]}, {"id": 1897802271622176, "code": "test", "name": "\u6d4b\u8bd5", "noteCn": null, "noteEn": null, "translator": "default", "translatorArgs": {"url": "/send", "method": "POST"}, "recommend": null, "params": null}], "allocates": [], "commands": [], "containerSettings": [{"typeId": 1121591089726464, "typeCode": "slot_5000ml", "typeName": "5000\u6beb\u5347\u69fd\u4f4d", "containerType": "slot", "allCount": 1, "children": []}], "variables": [], "resultSetting": {"url": "/files/pan-dev/output_bar_zpy.json", "type": "echarts", "preview": true}, "ignoreMaterial": false, "defaultVersion": true, "updatedActions": null}