{"id": 1311589817811968, "version": "1.0", "code": "DialysisWorkstation", "name": "\u900f\u6790\u5de5\u4f5c\u7ad9", "noteCn": "\u6837\u54c1\u900f\u6790\u88c5\u7f6e\u4e3b\u8981\u7528\u4e8e\u5206\u79bb\u548c\u7eaf\u5316\u751f\u7269\u5206\u5b50\u3002\u5b83\u5229\u7528\u534a\u900f\u819c\u7684\u7279\u6027\uff0c\u5141\u8bb8\u5c0f\u5206\u5b50\u7269\u8d28\u81ea\u7531\u901a\u8fc7\uff0c\u800c\u5927\u5206\u5b50\u7269\u8d28\u5219\u88ab\u622a\u7559\u5728\u534a\u900f\u819c\u5185\u3002\u5728\u5b9e\u9a8c\u4e2d\uff0c\u53ef\u4ee5\u5c06\u542b\u6709\u4e0d\u540c\u5927\u5c0f\u5206\u5b50\u7684\u6837\u54c1\u653e\u5165\u900f\u6790\u888b\u6216\u900f\u6790\u6c60\u4e2d\uff0c\u901a\u8fc7\u4e0d\u65ad\u66f4\u6362\u900f\u6790\u6db2\uff0c\u4f7f\u5c0f\u5206\u5b50\u6742\u8d28\u9010\u6e10\u6269\u6563\u5230\u900f\u6790\u6db2\u4e2d\uff0c\u4ece\u800c\u8fbe\u5230\u5206\u79bb\u548c\u7eaf\u5316\u5927\u5206\u5b50\u7269\u8d28\u7684\u76ee\u7684\u3002\u5e38\u7528\u4e8e\u86cb\u767d\u8d28\u3001\u6838\u9178\u7b49\u751f\u7269\u5927\u5206\u5b50\u7684\u63d0\u7eaf\uff0c\u53bb\u9664\u6837\u54c1\u4e2d\u7684\u76d0\u79bb\u5b50\u3001\u5c0f\u5206\u5b50\u6742\u8d28\u7b49\u3002", "noteEn": "", "createTime": "2025-04-15 16:29:04", "updateTime": "2025-11-07 19:42:38", "paramUrl": "", "modelCode": null, "modelName": null, "modelImages": null, "definer": 0, "equipManufacturerCode": "AFH", "equipManufacturerName": "\u5176\u4ed6", "actions": [{"id": 1897802271196171, "code": "to_shaker_Dialysis_card", "name": "\u5c06num\u4e2a\u900f\u6790\u5361\u8f6c\u79fb\u81f3\u6447\u5e8a", "noteCn": null, "noteEn": null, "translator": "default", "translatorArgs": {"url": "/send", "method": "POST"}, "recommend": null, "params": [{"paramCode": "data", "paramName": "data", "ioType": "CONSTANT", "dataType": "string", "value": null, "defaultValue": "to_shaker_Dialysis_card", "script": null, "required": 0, "advanced": null, "timeFlag": null, "elementDataType": null, "bindDataType": null, "bindDataTypeProperty": null, "property": null, "childParams": [], "constraintType": null, "constraintValue": "", "constraintValueEn": "", "unitTypeCode": null, "unitTypeName": null, "noteCn": null, "noteEn": null, "flatten": false, "selectorType": null, "selection": null}, {"paramCode": "num", "paramName": "num", "ioType": "INPUT", "dataType": "int", "value": null, "defaultValue": "", "script": null, "required": 1, "advanced": null, "timeFlag": null, "elementDataType": "", "bindDataType": "", "bindDataTypeProperty": null, "property": null, "childParams": [], "constraintType": null, "constraintValue": "", "constraintValueEn": "", "unitTypeCode": null, "unitTypeName": null, "noteCn": null, "noteEn": null, "flatten": false, "selectorType": null, "selection": null}, {"paramCode": "temp", "paramName": "temp", "ioType": "CONSTANT", "dataType": "int", "value": null, "defaultValue": "10", "script": null, "required": 1, "advanced": null, "timeFlag": null, "elementDataType": "", "bindDataType": "", "bindDataTypeProperty": null, "property": null, "childParams": [], "constraintType": null, "constraintValue": "", "constraintValueEn": "", "unitTypeCode": null, "unitTypeName": null, "noteCn": null, "noteEn": null, "flatten": false, "selectorType": null, "selection": null}]}, {"id": 1897802271196172, "code": "Solution_to_shaker_Dialysis_card", "name": "\u5c06num\u4e2a\u74f6\u5b50\u91cc\u7684\u6eb6\u6db2\u8f6c\u79fb\u81f3\u900f\u6790\u5361\u91cc\u5e76\u900f\u6790\u591a\u5c11\u5206\u949f", "noteCn": null, "noteEn": null, "translator": "default", "translatorArgs": {"url": "/send", "method": "POST"}, "recommend": null, "params": [{"paramCode": "data", "paramName": "data", "ioType": "CONSTANT", "dataType": "string", "value": null, "defaultValue": "Solution_to_shaker_Dialysis_card", "script": null, "required": 1, "advanced": null, "timeFlag": null, "elementDataType": null, "bindDataType": null, "bindDataTypeProperty": null, "property": null, "childParams": [], "constraintType": null, "constraintValue": "", "constraintValueEn": "", "unitTypeCode": null, "unitTypeName": null, "noteCn": null, "noteEn": null, "flatten": false, "selectorType": null, "selection": null}, {"paramCode": "num", "paramName": "num", "ioType": "INPUT", "dataType": "int", "value": null, "defaultValue": null, "script": null, "required": 1, "advanced": null, "timeFlag": null, "elementDataType": "", "bindDataType": "", "bindDataTypeProperty": null, "property": null, "childParams": [], "constraintType": null, "constraintValue": "", "constraintValueEn": "", "unitTypeCode": null, "unitTypeName": null, "noteCn": null, "noteEn": null, "flatten": false, "selectorType": null, "selection": null}, {"paramCode": "time", "paramName": "time", "ioType": "CONSTANT", "dataType": "int", "value": null, "defaultValue": "2", "script": null, "required": 1, "advanced": null, "timeFlag": null, "elementDataType": "", "bindDataType": "", "bindDataTypeProperty": null, "property": null, "childParams": [], "constraintType": null, "constraintValue": "", "constraintValueEn": "", "unitTypeCode": null, "unitTypeName": null, "noteCn": null, "noteEn": null, "flatten": false, "selectorType": null, "selection": null}, {"paramCode": "temp", "paramName": "temp", "ioType": "CONSTANT", "dataType": "int", "value": null, "defaultValue": "10", "script": null, "required": 1, "advanced": null, "timeFlag": null, "elementDataType": "", "bindDataType": "", "bindDataTypeProperty": null, "property": null, "childParams": [], "constraintType": null, "constraintValue": "", "constraintValueEn": "", "unitTypeCode": null, "unitTypeName": null, "noteCn": null, "noteEn": null, "flatten": false, "selectorType": null, "selection": null}]}, {"id": 1897802271196173, "code": "test", "name": "\u6d4b\u8bd5\u6307\u4ee4", "noteCn": null, "noteEn": null, "translator": "default", "translatorArgs": {"url": "/send", "method": "POST"}, "recommend": null, "params": null}], "allocates": [], "commands": [], "containerSettings": [{"typeId": 1121591089726464, "typeCode": "slot_5000ml", "typeName": "5000\u6beb\u5347\u69fd\u4f4d", "containerType": "slot", "allCount": 1, "children": []}], "variables": [], "resultSetting": {"url": "", "type": null, "preview": null}, "ignoreMaterial": false, "defaultVersion": true, "updatedActions": null}