{"id": 1313522140283904, "version": "1.0", "code": "toLC", "name": "\u8272\u8c31\u5de5\u4f5c\u7ad9", "noteCn": "\u5236\u5907\u578b\u6db2\u76f8\u8272\u8c31\u4eea\u4e3b\u8981\u7528\u4e8e\u4ece\u590d\u6742\u6df7\u5408\u7269\u4e2d\u5206\u79bb\u548c\u5236\u5907\u5927\u91cf\u7684\u76ee\u6807\u5316\u5408\u7269\u3002\u5b83\u5177\u6709\u8f83\u5927\u7684\u5206\u79bb\u67f1\u548c\u8f83\u9ad8\u7684\u6837\u54c1\u8d1f\u8f7d\u80fd\u529b\u3002\u5728\u5929\u7136\u4ea7\u7269\u7814\u7a76\u4e2d\uff0c\u53ef\u4ece\u690d\u7269\u63d0\u53d6\u7269\u7b49\u590d\u6742\u6837\u54c1\u4e2d\u5206\u79bb\u51fa\u5177\u6709\u751f\u7269\u6d3b\u6027\u7684\u5316\u5408\u7269\uff0c\u4e3a\u836f\u7269\u7814\u53d1\u63d0\u4f9b\u8db3\u591f\u91cf\u7684\u7eaf\u54c1\u8fdb\u884c\u8fdb\u4e00\u6b65\u7684\u7814\u7a76\u548c\u5f00\u53d1\u3002\u901a\u8fc7\u4f18\u5316\u8272\u8c31\u6761\u4ef6\uff0c\u53ef\u4ee5\u5b9e\u73b0\u9ad8\u7eaf\u5ea6\u548c\u9ad8\u4ea7\u91cf\u7684\u76ee\u6807\u5316\u5408\u7269\u5236\u5907\uff0c\u6ee1\u8db3\u79d1\u7814\u548c\u751f\u4ea7\u5bf9\u5927\u91cf\u7eaf\u5316\u5408\u7269\u7684\u9700\u6c42\u3002", "noteEn": "", "createTime": "2025-04-16 08:51:54", "updateTime": "2025-11-07 19:42:38", "paramUrl": "", "modelCode": null, "modelName": null, "modelImages": null, "definer": 0, "equipManufacturerCode": "ADR", "equipManufacturerName": "\u65e5\u672c\u5c9b\u6d25", "actions": [{"id": 1897802271261697, "code": "to_LC", "name": "\u542f\u52a8\u8fdb\u6837\u5e76\u5f00\u59cb\u6db2\u76f8\u8272\u8c31\u6307\u4ee4", "noteCn": null, "noteEn": null, "translator": "default", "translatorArgs": {"url": "/send", "method": "POST"}, "recommend": null, "params": [{"paramCode": "data", "paramName": "data", "ioType": "CONSTANT", "dataType": "string", "value": null, "defaultValue": "to_LC", "script": null, "required": 1, "advanced": null, "timeFlag": 0, "elementDataType": null, "bindDataType": null, "bindDataTypeProperty": null, "property": null, "childParams": [], "constraintType": null, "constraintValue": "", "constraintValueEn": "", "unitTypeCode": null, "unitTypeName": null, "noteCn": null, "noteEn": null, "flatten": false, "selectorType": null, "selection": null}, {"paramCode": "temp", "paramName": "temp", "ioType": "CONSTANT", "dataType": "int", "value": null, "defaultValue": "7", "script": null, "required": 1, "advanced": null, "timeFlag": null, "elementDataType": "", "bindDataType": "", "bindDataTypeProperty": null, "property": null, "childParams": [], "constraintType": null, "constraintValue": "", "constraintValueEn": "", "unitTypeCode": null, "unitTypeName": null, "noteCn": null, "noteEn": null, "flatten": false, "selectorType": null, "selection": null}, {"paramCode": "resultCode", "paramName": "resultCode", "ioType": "OUTPUT", "dataType": "file", "value": null, "defaultValue": null, "script": null, "required": 0, "advanced": null, "timeFlag": null, "elementDataType": "", "bindDataType": "", "bindDataTypeProperty": null, "property": null, "childParams": [], "constraintType": null, "constraintValue": "", "constraintValueEn": "", "unitTypeCode": null, "unitTypeName": null, "noteCn": null, "noteEn": null, "flatten": false, "selectorType": null, "selection": null}, {"paramCode": "usedTime", "paramName": "\u4f7f\u7528\u65f6\u957f(s)", "ioType": "INPUT", "dataType": "int", "value": null, "defaultValue": "", "script": null, "required": 0, "advanced": null, "timeFlag": 1, "elementDataType": "", "bindDataType": "", "bindDataTypeProperty": null, "property": null, "childParams": [], "constraintType": null, "constraintValue": "", "constraintValueEn": "", "unitTypeCode": null, "unitTypeName": null, "noteCn": null, "noteEn": null, "flatten": false, "selectorType": null, "selection": null}, {"paramCode": "first", "paramName": "first", "ioType": "INPUT", "dataType": "boolean", "value": null, "defaultValue": "true", "script": null, "required": 1, "advanced": null, "timeFlag": null, "elementDataType": "", "bindDataType": "", "bindDataTypeProperty": null, "property": null, "childParams": [], "constraintType": null, "constraintValue": "", "constraintValueEn": "", "unitTypeCode": null, "unitTypeName": null, "noteCn": null, "noteEn": null, "flatten": false, "selectorType": null, "selection": null}]}, {"id": 1897802271261698, "code": "test", "name": "\u6d4b\u8bd5", "noteCn": null, "noteEn": null, "translator": "default", "translatorArgs": {"url": "/send", "method": "POST"}, "recommend": null, "params": null}, {"id": 1897802271261699, "code": "from_liquid_chromatography_to_mass_spectrometry", "name": "\u4ece\u6db2\u76f8\u8272\u8c31\u4eea\u7eaf\u5316\u540e\u7684num\u4e2a\u74f6\u5b50\u8f6c\u79fb\u5230\u8d28\u8c31\u4eea\u7684\u897f\u6797\u74f6\u4e2d", "noteCn": null, "noteEn": null, "translator": "default", "translatorArgs": {"url": "/send", "method": "POST"}, "recommend": null, "params": [{"paramCode": "data", "paramName": "data", "ioType": "CONSTANT", "dataType": "string", "value": null, "defaultValue": "from_liquid_chromatography_to_mass_spectrometry", "script": null, "required": 1, "advanced": null, "timeFlag": null, "elementDataType": null, "bindDataType": null, "bindDataTypeProperty": null, "property": null, "childParams": [], "constraintType": null, "constraintValue": "", "constraintValueEn": "", "unitTypeCode": null, "unitTypeName": null, "noteCn": null, "noteEn": null, "flatten": false, "selectorType": null, "selection": null}, {"paramCode": "num", "paramName": "num", "ioType": "INPUT", "dataType": "int", "value": null, "defaultValue": null, "script": null, "required": 1, "advanced": null, "timeFlag": null, "elementDataType": "", "bindDataType": "", "bindDataTypeProperty": null, "property": null, "childParams": [], "constraintType": null, "constraintValue": "", "constraintValueEn": "", "unitTypeCode": null, "unitTypeName": null, "noteCn": null, "noteEn": null, "flatten": false, "selectorType": null, "selection": null}, {"paramCode": "temp", "paramName": "temp", "ioType": "CONSTANT", "dataType": "int", "value": null, "defaultValue": "7", "script": null, "required": 1, "advanced": null, "timeFlag": null, "elementDataType": "", "bindDataType": "", "bindDataTypeProperty": null, "property": null, "childParams": [], "constraintType": null, "constraintValue": "", "constraintValueEn": "", "unitTypeCode": null, "unitTypeName": null, "noteCn": null, "noteEn": null, "flatten": false, "selectorType": null, "selection": null}]}], "allocates": [], "commands": [], "containerSettings": [{"typeId": 1121591089726464, "typeCode": "slot_5000ml", "typeName": "5000\u6beb\u5347\u69fd\u4f4d", "containerType": "slot", "allCount": 1, "children": []}], "variables": [], "resultSetting": {"url": "/files/pan-dev/output_line_spy.json", "type": "echarts", "preview": true}, "ignoreMaterial": false, "defaultVersion": true, "updatedActions": null}