{"id": 1327807622448128, "version": "1.0", "code": "pure", "name": "\u7eaf\u5316\u5de5\u4f5c\u7ad9", "noteCn": "\u79bb\u5fc3\u7eaf\u5316\u5de5\u4f5c\u7ad9\u4e3b\u8981\u7528\u4e8e\u5bf9\u5404\u7c7b\u6df7\u5408\u7269\u8fdb\u884c\u79bb\u5fc3\u3001\u6e05\u6d17\u6216\u7eaf\u5316\u5904\u7406\u3002\u5b83\u91c7\u7528\u673a\u68b0\u81c2\u3001\u9707\u8361\u673a\u53ca\u79bb\u5fc3\u673a\u9ad8\u5ea6\u8026\u5408\u7684\u65b9\u5f0f\uff0c\u5b9e\u73b0\u4ece\u8fdb\u6837\u3001\u6e05\u6d17\u3001\u79bb\u5fc3\u6216\u7eaf\u5316\u7684\u5b8c\u5168\u65e0\u4eba\u64cd\u4f5c\u3002\u5728\u5316\u5b66\u3001\u751f\u7269\u7b49\u5b9e\u9a8c\u4e2d\uff0c\u76ee\u6807\u4ea7\u7269\u5f80\u5f80\u9700\u8981\u8fdb\u884c\u56fa\u76f8\u548c\u6db2\u76f8\u5206\u79bb\uff0c\u7ecf\u8fc7\u6e05\u6d17\u5f97\u5230\u65e0\u6742\u8d28\u7684\u6837\u54c1\uff0c\u79bb\u5fc3\u7eaf\u5316\u5de5\u4f5c\u7ad9\u80fd\u591f\u9ad8\u6548\u7684\u8fdb\u884c\u5206\u79bb\u83b7\u53d6\u9700\u8981\u7684\u76ee\u6807\u4ea7\u7269\u3002", "noteEn": "", "createTime": "2025-04-21 09:57:52", "updateTime": "2025-11-07 19:42:38", "paramUrl": "", "modelCode": null, "modelName": null, "modelImages": null, "definer": 0, "equipManufacturerCode": "ACR", "equipManufacturerName": "\u5b89\u5fbd\u82d2\u5b87\u7535\u5b50\u79d1\u6280\u6709\u9650\u516c\u53f8", "actions": [{"id": 1897802271491078, "code": "open-door", "name": "\u5f00\u95e8", "noteCn": null, "noteEn": null, "translator": "default", "translatorArgs": {"url": "/pure/task/execute/operate", "method": "POST"}, "recommend": null, "params": [{"paramCode": "operate", "paramName": "\u64cd\u4f5c", "ioType": "CONSTANT", "dataType": "string", "value": null, "defaultValue": "open-door", "script": null, "required": 1, "advanced": null, "timeFlag": null, "elementDataType": null, "bindDataType": null, "bindDataTypeProperty": null, "property": null, "childParams": [], "constraintType": null, "constraintValue": "", "constraintValueEn": "", "unitTypeCode": null, "unitTypeName": null, "noteCn": null, "noteEn": null, "flatten": false, "selectorType": null, "selection": null}]}, {"id": 1897802271491079, "code": "close-door", "name": "\u5173\u95e8", "noteCn": null, "noteEn": null, "translator": "default", "translatorArgs": {"url": "/pure/task/execute/operate", "method": "POST"}, "recommend": null, "params": [{"paramCode": "operate", "paramName": "\u64cd\u4f5c", "ioType": "CONSTANT", "dataType": "string", "value": null, "defaultValue": "close-door", "script": null, "required": 1, "advanced": null, "timeFlag": null, "elementDataType": null, "bindDataType": null, "bindDataTypeProperty": null, "property": null, "childParams": [], "constraintType": null, "constraintValue": "", "constraintValueEn": "", "unitTypeCode": null, "unitTypeName": null, "noteCn": null, "noteEn": null, "flatten": false, "selectorType": null, "selection": null}]}, {"id": 1897802271491080, "code": "start", "name": "\u5f00\u59cb", "noteCn": null, "noteEn": null, "translator": "default", "translatorArgs": {"url": "/pure/task/execute/operate", "method": "POST"}, "recommend": null, "params": [{"paramCode": "operate", "paramName": "\u64cd\u4f5c", "ioType": "CONSTANT", "dataType": "string", "value": null, "defaultValue": "start", "script": null, "required": 1, "advanced": null, "timeFlag": null, "elementDataType": null, "bindDataType": null, "bindDataTypeProperty": null, "property": null, "childParams": [], "constraintType": null, "constraintValue": "", "constraintValueEn": "", "unitTypeCode": null, "unitTypeName": null, "noteCn": null, "noteEn": null, "flatten": false, "selectorType": null, "selection": null}, {"paramCode": "program", "paramName": "\u65b9\u6848", "ioType": "INPUT", "dataType": "int", "value": null, "defaultValue": "3", "script": null, "required": 1, "advanced": null, "timeFlag": null, "elementDataType": "", "bindDataType": "", "bindDataTypeProperty": null, "property": null, "childParams": [], "constraintType": "ENUM", "constraintValue": "[{\"label\":\"\u7559\u6db2\",\"value\":1},{\"label\":\"\u7559\u56fa\",\"value\":2},{\"label\":\"\u7559\u56fa\u6db2\",\"value\":3}]", "constraintValueEn": "", "unitTypeCode": null, "unitTypeName": null, "noteCn": null, "noteEn": null, "flatten": false, "selectorType": null, "selection": null}, {"paramCode": "time", "paramName": "\u65f6\u95f4", "ioType": "INPUT", "dataType": "int", "value": null, "defaultValue": "1", "script": null, "required": 1, "advanced": null, "timeFlag": null, "elementDataType": "", "bindDataType": "", "bindDataTypeProperty": null, "property": null, "childParams": [], "constraintType": "RANGE", "constraintValue": "[1,99]", "constraintValueEn": "", "unitTypeCode": "min", "unitTypeName": "\u5206\u949f", "noteCn": null, "noteEn": null, "flatten": false, "selectorType": null, "selection": null}, {"paramCode": "speed", "paramName": "\u901f\u5ea6", "ioType": "INPUT", "dataType": "int", "value": null, "defaultValue": "5000", "script": null, "required": 1, "advanced": null, "timeFlag": null, "elementDataType": "", "bindDataType": "", "bindDataTypeProperty": null, "property": null, "childParams": [], "constraintType": "RANGE", "constraintValue": "(0,12000]", "constraintValueEn": "", "unitTypeCode": "", "unitTypeName": "", "noteCn": null, "noteEn": null, "flatten": false, "selectorType": null, "selection": null}, {"paramCode": "cleanNum", "paramName": "\u6e05\u6d17\u6b21\u6570", "ioType": "INPUT", "dataType": "int", "value": null, "defaultValue": "3", "script": null, "required": 1, "advanced": null, "timeFlag": null, "elementDataType": "", "bindDataType": "", "bindDataTypeProperty": null, "property": null, "childParams": [], "constraintType": "RANGE", "constraintValue": "[1,10]", "constraintValueEn": "", "unitTypeCode": null, "unitTypeName": null, "noteCn": null, "noteEn": null, "flatten": false, "selectorType": null, "selection": null}, {"paramCode": "washSolutions", "paramName": "\u6e05\u6d17\u6db2\u8bbe\u7f6e", "ioType": "INPUT", "dataType": "array", "value": null, "defaultValue": "1", "script": null, "required": 1, "advanced": null, "timeFlag": null, "elementDataType": "object", "bindDataType": "", "bindDataTypeProperty": "", "property": null, "childParams": [{"paramCode": "washSolution", "paramName": "\u6e05\u6d17\u6db2", "ioType": "INPUT", "dataType": "int", "value": null, "defaultValue": null, "script": null, "required": 1, "advanced": null, "timeFlag": null, "elementDataType": null, "bindDataType": null, "bindDataTypeProperty": null, "property": null, "childParams": null, "constraintType": "ENUM", "constraintValue": "[{\"label\":\"\u6c34\",\"value\":1},{\"label\":\"\u9152\u7cbe\",\"value\":2},{\"label\":\"\u53cc\u6c27\u6c34\",\"value\":3}]", "constraintValueEn": "", "unitTypeCode": null, "unitTypeName": null, "noteCn": null, "noteEn": null, "flatten": false, "selectorType": null, "selection": null}], "constraintType": "", "constraintValue": "", "constraintValueEn": "", "unitTypeCode": null, "unitTypeName": null, "noteCn": null, "noteEn": null, "flatten": false, "selectorType": null, "selection": null}, {"paramCode": "autoStatus", "paramName": "\u81ea\u52a8\u8bbe\u7f6e\u52a0\u6db2\u72b6\u6001", "ioType": "INPUT", "dataType": "int", "value": null, "defaultValue": "1", "script": null, "required": 1, "advanced": null, "timeFlag": null, "elementDataType": "", "bindDataType": "", "bindDataTypeProperty": null, "property": null, "childParams": [], "constraintType": "ENUM", "constraintValue": "[{\"label\":\"\u662f\",\"value\":0},{\"label\":\"\u5426\",\"value\":1}]", "constraintValueEn": "", "unitTypeCode": null, "unitTypeName": null, "noteCn": null, "noteEn": null, "flatten": false, "selectorType": null, "selection": null}, {"paramCode": "addLiquidNum", "paramName": "\u624b\u52a8\u8bbe\u7f6e\u52a0\u6db2\u91cf", "ioType": "INPUT", "dataType": "int", "value": null, "defaultValue": "15", "script": null, "required": 0, "advanced": null, "timeFlag": null, "elementDataType": "", "bindDataType": "", "bindDataTypeProperty": null, "property": null, "childParams": [], "constraintType": "RANGE", "constraintValue": "[1,50]", "constraintValueEn": "", "unitTypeCode": "ml", "unitTypeName": "\u6beb\u5347", "noteCn": "", "noteEn": null, "flatten": false, "selectorType": null, "selection": null}, {"paramCode": "isLeaveWashSolution", "paramName": "\u662f\u5426\u4fdd\u7559\u6e05\u6d17\u6db2", "ioType": "INPUT", "dataType": "int", "value": null, "defaultValue": "0", "script": null, "required": 1, "advanced": null, "timeFlag": null, "elementDataType": "", "bindDataType": "", "bindDataTypeProperty": null, "property": null, "childParams": [], "constraintType": "ENUM", "constraintValue": "[{\"label\":\"\u662f\",\"value\":1},{\"label\":\"\u5426\",\"value\":0}]", "constraintValueEn": "", "unitTypeCode": "", "unitTypeName": null, "noteCn": null, "noteEn": null, "flatten": false, "selectorType": null, "selection": null}, {"paramCode": "leaveParam", "paramName": "\u4fdd\u7559\u6e05\u6d17\u6db2\u53c2\u6570", "ioType": "INPUT", "dataType": "object", "value": null, "defaultValue": null, "script": null, "required": 0, "advanced": null, "timeFlag": null, "elementDataType": "", "bindDataType": "", "bindDataTypeProperty": "", "property": null, "childParams": [{"paramCode": "leaveLiquidAmount", "paramName": "\u4fdd\u7559\u6e05\u6d17\u6db2\u6570\u91cf", "ioType": "INPUT", "dataType": "int", "value": null, "defaultValue": "10", "script": null, "required": 0, "advanced": null, "timeFlag": null, "elementDataType": null, "bindDataType": null, "bindDataTypeProperty": null, "property": null, "childParams": null, "constraintType": "RANGE", "constraintValue": "[1,50]", "constraintValueEn": "", "unitTypeCode": "ml", "unitTypeName": "\u6beb\u5347", "noteCn": null, "noteEn": null, "flatten": false, "selectorType": "", "selection": null}, {"paramCode": "washSolution", "paramName": "\u6e05\u6d17\u6db2", "ioType": "INPUT", "dataType": "int", "value": null, "defaultValue": "1", "script": null, "required": 0, "advanced": null, "timeFlag": null, "elementDataType": null, "bindDataType": null, "bindDataTypeProperty": null, "property": null, "childParams": null, "constraintType": "ENUM", "constraintValue": "[{\"label\":\"\u6c34\",\"value\":1},{\"label\":\"\u9152\u7cbe\",\"value\":2},{\"label\":\"\u53cc\u6c27\u6c34\",\"value\":3}]", "constraintValueEn": "", "unitTypeCode": null, "unitTypeName": null, "noteCn": null, "noteEn": null, "flatten": false, "selectorType": null, "selection": null}], "constraintType": null, "constraintValue": "", "constraintValueEn": "", "unitTypeCode": null, "unitTypeName": null, "noteCn": null, "noteEn": null, "flatten": false, "selectorType": null, "selection": null}]}], "allocates": [{"containerTypeCode": "bottle_storage", "maxHandleSize": 20}, {"containerTypeCode": "bottle_sample_retention", "maxHandleSize": 20}], "commands": [{"code": "allocation", "name": "\u5206\u914d\u5bb9\u5668", "noteCn": null, "noteEn": null, "actionCode": "allocate_container", "actionName": "allocate\u5206\u914d\u5bb9\u5668\u6307\u4ee4", "params": [{"paramCode": "containerType", "value": "[{\"minCount\":\"1\",\"containerTypeCode\":\"bottle_storage\",\"containerTypeName\":\"\u8fdb\u6837\u74f6\",\"allocateMode\":\"extend\",\"maxCount\":20,\"defaultCount\":5},{\"minCount\":0,\"containerTypeCode\":\"bottle_sample_retention\",\"containerTypeName\":\"\u7559\u6837\u74f6\",\"allocateMode\":\"extend\",\"maxCount\":20,\"defaultCount\":0}]"}, {"paramCode": "allocateOrder", "value": "small"}, {"paramCode": "allocateWorkstations", "value": "[]"}]}, {"code": "put-input", "name": "\u653e\u7f6e\u8fdb\u6837\u74f6", "noteCn": null, "noteEn": null, "actionCode": "put", "actionName": "put\u653e\u7f6e\u6307\u4ee4", "params": [{"paramCode": "containerType", "value": "{\"containerTypeCode\":\"bottle_storage\",\"containerTypeName\":\"\u8fdb\u6837\u74f6\"}"}, {"paramCode": "slotType", "value": "{}"}, {"paramCode": "robotCodes", "value": "[{\"robotCode\":\"hf_robot_4\",\"robotName\":\"\u822a\u53d1_303\"}]"}, {"paramCode": "fromOrder", "value": "small"}, {"paramCode": "toOrder", "value": "small"}, {"paramCode": "withParentContainerType", "value": "{\"containerTypeCode\":\"rack\",\"containerTypeName\":\"\u6837\u54c1\u67b6\"}"}]}, {"code": "take-input", "name": "\u62ff\u53d6\u8fdb\u6837\u74f6", "noteCn": null, "noteEn": null, "actionCode": "take", "actionName": "take\u62ff\u53d6\u6307\u4ee4", "params": [{"paramCode": "containerType", "value": "{\"containerTypeCode\":\"bottle_storage\",\"containerTypeName\":\"\u8fdb\u6837\u74f6\"}"}, {"paramCode": "slotType", "value": "{}"}, {"paramCode": "robotCodes", "value": "[{\"robotCode\":\"hf_robot_4\",\"robotName\":\"\u822a\u53d1_303\"}]"}, {"paramCode": "fromOrder", "value": "small"}, {"paramCode": "toOrder", "value": "small"}, {"paramCode": "storageWorkstation", "value": "{}"}, {"paramCode": "userDefinedPos", "value": ""}, {"paramCode": "withParentContainerType", "value": "{\"containerTypeCode\":\"rack\",\"containerTypeName\":\"\u6837\u54c1\u67b6\"}"}]}, {"code": "add_lock", "name": "\u52a0\u9501", "noteCn": "\u52a0\u9501", "noteEn": "add lock", "actionCode": "lock", "actionName": "\u52a0\u9501", "params": [{"paramCode": "robotList", "value": "[{\"robotCode\":\"hf_robot_4\",\"robotName\":\"\u822a\u53d1_303\"}]"}]}, {"code": "unlock", "name": "\u89e3\u9501", "noteCn": "\u89e3\u9501", "noteEn": "unlock", "actionCode": "unlock", "actionName": "\u89e3\u9501", "params": [{"paramCode": "robotList", "value": "[{\"robotCode\":\"hf_robot_4\",\"robotName\":\"\u822a\u53d1_303\"}]"}]}], "containerSettings": [{"typeId": 1390279958430720, "typeCode": "slot_bottle_storage", "typeName": "\u8fdb\u6837\u74f6\u69fd\u4f4d", "containerType": "slot", "allCount": 20, "children": []}, {"typeId": 1390279627342848, "typeCode": "slot_bottle_sample_retention", "typeName": "\u7559\u6837\u74f6\u69fd\u4f4d", "containerType": "slot", "allCount": 20, "children": []}, {"typeId": 881570976007168, "typeCode": "rack_slot", "typeName": "\u6837\u54c1\u67b6\u69fd\u4f4d", "containerType": "slot", "allCount": 1, "children": []}], "variables": [], "resultSetting": {"url": "", "type": null, "preview": null}, "ignoreMaterial": false, "defaultVersion": true, "updatedActions": null}