{"id": 1342145994359808, "version": "3.0", "code": "liquid_dispensing", "name": "\u6db2\u4f53\u8fdb\u6837\u7ad9", "noteCn": "\u81ea\u52a8\u6db2\u4f53\u5904\u7406\u5de5\u4f5c\u7ad9\u662f\u4e00\u79cd\u591a\u529f\u80fd\u7684\u6db2\u4f53\u5904\u7406\u8bbe\u5907\u3002\u5b83\u53ef\u4ee5\u8fdb\u884c\u7cbe\u786e\u7684\u79fb\u6db2\u3001\u5206\u6db2\u3001\u6df7\u5408\u7b49\u64cd\u4f5c\uff0c\u5e76\u4e14\u80fd\u591f\u6839\u636e\u4e0d\u540c\u7684\u5b9e\u9a8c\u9700\u6c42\u8fdb\u884c\u7075\u6d3b\u7f16\u7a0b\u3002\u5176\u914d\u5907\u7684\u9ad8\u7cbe\u5ea6\u6db2\u4f53\u5904\u7406\u6a21\u5757\u548c\u667a\u80fd\u63a7\u5236\u7cfb\u7edf\uff0c\u786e\u4fdd\u4e86\u6db2\u4f53\u5904\u7406\u7684\u51c6\u786e\u6027\u548c\u91cd\u590d\u6027\u3002\u5728\u836f\u7269\u7814\u53d1\u3001\u4e34\u5e8a\u68c0\u9a8c\u7b49\u9886\u57df\uff0c\u53ef\u7528\u4e8e\u9ad8\u901a\u91cf\u7684\u6837\u54c1\u5904\u7406\uff0c\u5982\u836f\u7269\u7b5b\u9009\u5b9e\u9a8c\u4e2d\u7684\u6837\u54c1\u7a00\u91ca\u3001\u6df7\u5408\u7b49\u64cd\u4f5c\uff0c\u63d0\u9ad8\u5b9e\u9a8c\u6548\u7387\u548c\u8d28\u91cf\u3002", "noteEn": "", "createTime": "2025-04-26 11:30:45", "updateTime": "2025-11-07 19:42:38", "paramUrl": null, "modelCode": null, "modelName": null, "modelImages": null, "definer": 0, "equipManufacturerCode": "ACP", "equipManufacturerName": "\u5b89\u5fbd\u78d0\u5fb7\u4fe1\u606f\u79d1\u6280\u6709\u9650\u516c\u53f8", "actions": [{"id": 1897802271261702, "code": "to_ethyl_ether", "name": "\u8f6c\u79fb\u81f3\u6ce8\u5165\u4e59\u919a\u5de5\u4f4d", "noteCn": "", "noteEn": null, "translator": "default", "translatorArgs": {"url": "/send", "method": "POST"}, "recommend": null, "params": [{"paramCode": "data", "paramName": "data", "ioType": "CONSTANT", "dataType": "string", "value": null, "defaultValue": "to_ethyl_ether", "script": null, "required": 1, "advanced": null, "timeFlag": null, "elementDataType": null, "bindDataType": null, "bindDataTypeProperty": null, "property": null, "childParams": [], "constraintType": null, "constraintValue": "", "constraintValueEn": "", "unitTypeCode": null, "unitTypeName": null, "noteCn": null, "noteEn": null, "flatten": false, "selectorType": null, "selection": null}, {"paramCode": "temp", "paramName": "temp", "ioType": "CONSTANT", "dataType": "int", "value": null, "defaultValue": "3", "script": null, "required": 1, "advanced": null, "timeFlag": null, "elementDataType": "", "bindDataType": "", "bindDataTypeProperty": null, "property": null, "childParams": [], "constraintType": null, "constraintValue": "", "constraintValueEn": "", "unitTypeCode": null, "unitTypeName": null, "noteCn": null, "noteEn": null, "flatten": false, "selectorType": null, "selection": null}]}, {"id": 1897802271261703, "code": "inject_ether", "name": "\u542f\u52a8\u6ce8\u5165\u4e59\u919a", "noteCn": null, "noteEn": null, "translator": "default", "translatorArgs": {"url": "/send", "method": "POST"}, "recommend": null, "params": [{"paramCode": "data", "paramName": "data", "ioType": "CONSTANT", "dataType": "string", "value": null, "defaultValue": "inject_ether", "script": null, "required": 1, "advanced": null, "timeFlag": null, "elementDataType": null, "bindDataType": null, "bindDataTypeProperty": null, "property": null, "childParams": [], "constraintType": null, "constraintValue": "", "constraintValueEn": "", "unitTypeCode": null, "unitTypeName": null, "noteCn": null, "noteEn": null, "flatten": false, "selectorType": null, "selection": null}, {"paramCode": "ml", "paramName": "ml", "ioType": "INPUT", "dataType": "int", "value": null, "defaultValue": "10", "script": null, "required": 1, "advanced": null, "timeFlag": null, "elementDataType": "", "bindDataType": "", "bindDataTypeProperty": null, "property": null, "childParams": [], "constraintType": null, "constraintValue": "", "constraintValueEn": "", "unitTypeCode": null, "unitTypeName": null, "noteCn": null, "noteEn": null, "flatten": false, "selectorType": null, "selection": null}, {"paramCode": "temp", "paramName": "temp", "ioType": "CONSTANT", "dataType": "int", "value": null, "defaultValue": "3", "script": null, "required": 1, "advanced": null, "timeFlag": null, "elementDataType": "", "bindDataType": "", "bindDataTypeProperty": null, "property": null, "childParams": [], "constraintType": null, "constraintValue": "", "constraintValueEn": "", "unitTypeCode": null, "unitTypeName": null, "noteCn": null, "noteEn": null, "flatten": false, "selectorType": null, "selection": null}]}, {"id": 1897802271261704, "code": "open_centrifuge", "name": "\u5f00\u542f\u79bb\u5fc3\u673a\u95e8\u540e\u5b9a\u4f4d\u5230id\u53f7\u5b54\u4f4d", "noteCn": null, "noteEn": null, "translator": "default", "translatorArgs": {"url": "/send", "method": "POST"}, "recommend": null, "params": [{"paramCode": "data", "paramName": "data", "ioType": "CONSTANT", "dataType": "string", "value": null, "defaultValue": "open_centrifuge", "script": null, "required": 1, "advanced": null, "timeFlag": null, "elementDataType": null, "bindDataType": null, "bindDataTypeProperty": null, "property": null, "childParams": [], "constraintType": null, "constraintValue": "", "constraintValueEn": "", "unitTypeCode": null, "unitTypeName": null, "noteCn": null, "noteEn": null, "flatten": false, "selectorType": null, "selection": null}, {"paramCode": "id", "paramName": "id", "ioType": "CONSTANT", "dataType": "int", "value": null, "defaultValue": "3", "script": null, "required": 1, "advanced": null, "timeFlag": null, "elementDataType": "", "bindDataType": "", "bindDataTypeProperty": null, "property": null, "childParams": [], "constraintType": null, "constraintValue": "", "constraintValueEn": "", "unitTypeCode": null, "unitTypeName": null, "noteCn": null, "noteEn": null, "flatten": false, "selectorType": null, "selection": null}, {"paramCode": "temp", "paramName": "temp", "ioType": "CONSTANT", "dataType": "int", "value": null, "defaultValue": "3", "script": null, "required": 1, "advanced": null, "timeFlag": null, "elementDataType": "", "bindDataType": "", "bindDataTypeProperty": null, "property": null, "childParams": [], "constraintType": null, "constraintValue": "", "constraintValueEn": "", "unitTypeCode": null, "unitTypeName": null, "noteCn": null, "noteEn": null, "flatten": false, "selectorType": null, "selection": null}]}, {"id": 1897802271261705, "code": "balance_to_out", "name": "\u5c06\u914d\u5e73\u79bb\u5fc3\u673a\u7684\u74f6\u5b50\u4e22\u8fdb\u56de\u6536\u53e3", "noteCn": null, "noteEn": null, "translator": "default", "translatorArgs": {"url": "/send", "method": "POST"}, "recommend": null, "params": [{"paramCode": "data", "paramName": "data", "ioType": "CONSTANT", "dataType": "string", "value": null, "defaultValue": "balance_to_out", "script": null, "required": 1, "advanced": null, "timeFlag": null, "elementDataType": null, "bindDataType": null, "bindDataTypeProperty": null, "property": null, "childParams": [], "constraintType": null, "constraintValue": "", "constraintValueEn": "", "unitTypeCode": null, "unitTypeName": null, "noteCn": null, "noteEn": null, "flatten": false, "selectorType": null, "selection": null}, {"paramCode": "temp", "paramName": "temp", "ioType": "CONSTANT", "dataType": "int", "value": null, "defaultValue": "3", "script": null, "required": 1, "advanced": null, "timeFlag": null, "elementDataType": "", "bindDataType": "", "bindDataTypeProperty": null, "property": null, "childParams": [], "constraintType": null, "constraintValue": "", "constraintValueEn": "", "unitTypeCode": null, "unitTypeName": null, "noteCn": null, "noteEn": null, "flatten": false, "selectorType": null, "selection": null}]}, {"id": 1897802271261706, "code": "to_water", "name": "\u5c06\u5438\u6db2\u5de5\u4f4d\u7684\u74f6\u5b50\u8f6c\u79fb\u81f3\u6ce8\u6c34\u5de5\u4f4d", "noteCn": null, "noteEn": null, "translator": "default", "translatorArgs": {"url": "/send", "method": "POST"}, "recommend": null, "params": [{"paramCode": "data", "paramName": "data", "ioType": "CONSTANT", "dataType": "string", "value": null, "defaultValue": "to_water", "script": null, "required": 1, "advanced": null, "timeFlag": null, "elementDataType": null, "bindDataType": null, "bindDataTypeProperty": null, "property": null, "childParams": [], "constraintType": null, "constraintValue": "", "constraintValueEn": "", "unitTypeCode": null, "unitTypeName": null, "noteCn": null, "noteEn": null, "flatten": false, "selectorType": null, "selection": null}, {"paramCode": "temp", "paramName": "temp", "ioType": "CONSTANT", "dataType": "string", "value": null, "defaultValue": "3", "script": null, "required": 1, "advanced": null, "timeFlag": null, "elementDataType": null, "bindDataType": null, "bindDataTypeProperty": null, "property": null, "childParams": [], "constraintType": null, "constraintValue": "", "constraintValueEn": "", "unitTypeCode": null, "unitTypeName": null, "noteCn": null, "noteEn": null, "flatten": false, "selectorType": null, "selection": null}]}, {"id": 1897802271261707, "code": "add_water", "name": "\u6ce8\u6c34\u6eb6\u89e3", "noteCn": null, "noteEn": null, "translator": "default", "translatorArgs": {"url": "/send", "method": "POST"}, "recommend": null, "params": [{"paramCode": "data", "paramName": "data", "ioType": "CONSTANT", "dataType": "string", "value": null, "defaultValue": "add_water", "script": null, "required": 1, "advanced": null, "timeFlag": null, "elementDataType": null, "bindDataType": null, "bindDataTypeProperty": null, "property": null, "childParams": [], "constraintType": null, "constraintValue": "", "constraintValueEn": "", "unitTypeCode": null, "unitTypeName": null, "noteCn": null, "noteEn": null, "flatten": false, "selectorType": null, "selection": null}, {"paramCode": "ml", "paramName": "ml", "ioType": "INPUT", "dataType": "int", "value": null, "defaultValue": "10", "script": null, "required": 1, "advanced": null, "timeFlag": null, "elementDataType": "", "bindDataType": "", "bindDataTypeProperty": null, "property": null, "childParams": [], "constraintType": null, "constraintValue": "", "constraintValueEn": "", "unitTypeCode": null, "unitTypeName": null, "noteCn": null, "noteEn": null, "flatten": false, "selectorType": null, "selection": null}, {"paramCode": "temp", "paramName": "temp", "ioType": "CONSTANT", "dataType": "int", "value": null, "defaultValue": "3", "script": null, "required": 1, "advanced": null, "timeFlag": null, "elementDataType": "", "bindDataType": "", "bindDataTypeProperty": null, "property": null, "childParams": [], "constraintType": null, "constraintValue": "", "constraintValueEn": "", "unitTypeCode": null, "unitTypeName": null, "noteCn": null, "noteEn": null, "flatten": false, "selectorType": null, "selection": null}]}, {"id": 1897802271261708, "code": "to_shaker_dissolve", "name": "\u5c06\u51bb\u5e72\u4ed3\u91cc\u7684num\u4e2a\u74f6\u5b50\uff0c\u52a0\u6ce8ml\u6beb\u5347\u6eb6\u89e3\u5242\uff0c\u653e\u7f6e\u5230\u6447\u5e8a\u6447\u52a8time\u5206\u949f", "noteCn": null, "noteEn": null, "translator": "default", "translatorArgs": {"url": "/send", "method": "POST"}, "recommend": null, "params": [{"paramCode": "data", "paramName": "data", "ioType": "CONSTANT", "dataType": "string", "value": null, "defaultValue": "to_shaker_dissolve", "script": null, "required": 1, "advanced": null, "timeFlag": null, "elementDataType": null, "bindDataType": null, "bindDataTypeProperty": null, "property": null, "childParams": [], "constraintType": null, "constraintValue": "", "constraintValueEn": "", "unitTypeCode": null, "unitTypeName": null, "noteCn": null, "noteEn": null, "flatten": false, "selectorType": null, "selection": null}, {"paramCode": "num", "paramName": "num", "ioType": "INPUT", "dataType": "int", "value": null, "defaultValue": null, "script": null, "required": 1, "advanced": null, "timeFlag": null, "elementDataType": "", "bindDataType": "", "bindDataTypeProperty": null, "property": null, "childParams": [], "constraintType": null, "constraintValue": "", "constraintValueEn": "", "unitTypeCode": null, "unitTypeName": null, "noteCn": null, "noteEn": null, "flatten": false, "selectorType": null, "selection": null}, {"paramCode": "ml", "paramName": "ml", "ioType": "INPUT", "dataType": "int", "value": null, "defaultValue": "", "script": null, "required": 1, "advanced": null, "timeFlag": null, "elementDataType": "", "bindDataType": "", "bindDataTypeProperty": null, "property": null, "childParams": [], "constraintType": null, "constraintValue": "", "constraintValueEn": "", "unitTypeCode": null, "unitTypeName": null, "noteCn": null, "noteEn": null, "flatten": false, "selectorType": null, "selection": null}, {"paramCode": "time", "paramName": "time", "ioType": "INPUT", "dataType": "int", "value": null, "defaultValue": null, "script": null, "required": 1, "advanced": null, "timeFlag": null, "elementDataType": "", "bindDataType": "", "bindDataTypeProperty": null, "property": null, "childParams": [], "constraintType": null, "constraintValue": "", "constraintValueEn": "", "unitTypeCode": null, "unitTypeName": null, "noteCn": null, "noteEn": null, "flatten": false, "selectorType": null, "selection": null}, {"paramCode": "temp", "paramName": "temp", "ioType": "CONSTANT", "dataType": "int", "value": null, "defaultValue": "3", "script": null, "required": 1, "advanced": null, "timeFlag": null, "elementDataType": "", "bindDataType": "", "bindDataTypeProperty": null, "property": null, "childParams": [], "constraintType": null, "constraintValue": "", "constraintValueEn": "", "unitTypeCode": null, "unitTypeName": null, "noteCn": null, "noteEn": null, "flatten": false, "selectorType": null, "selection": null}]}, {"id": 1897802271261709, "code": "test", "name": "\u6d4b\u8bd5", "noteCn": null, "noteEn": null, "translator": "default", "translatorArgs": {"url": "/send", "method": "POST"}, "recommend": null, "params": null}], "allocates": [], "commands": [], "containerSettings": [], "variables": [], "resultSetting": {"url": "", "type": null, "preview": null}, "ignoreMaterial": false, "defaultVersion": false, "updatedActions": null}