{"id": 1393069779977216, "version": "1.0", "code": "nucleic_acid_extractor", "name": "\u6838\u9178\u63d0\u53d6\u4eea", "noteCn": "\u6838\u9178\u63d0\u53d6\u4eea\u662f\u4e00\u79cd\u7528\u4e8e\u4ece\u751f\u7269\u6837\u672c\u4e2d\u81ea\u52a8\u63d0\u53d6\u6838\u9178\uff08DNA \u6216 RNA\uff09\u7684\u8bbe\u5907\u3002\u5b83\u5229\u7528\u78c1\u73e0\u6cd5\uff0c\u901a\u8fc7\u81ea\u52a8\u5316\u7684\u64cd\u4f5c\u6d41\u7a0b\uff0c\u5feb\u901f\u3001\u9ad8\u6548\u5730\u4ece\u6837\u672c\u4e2d\u5206\u79bb\u51fa\u7eaf\u51c0\u7684\u6838\u9178\u3002\u5728\u4e34\u5e8a\u8bca\u65ad\u3001\u5206\u5b50\u751f\u7269\u5b66\u7814\u7a76\u7b49\u9886\u57df\u5e7f\u6cdb\u5e94\u7528\u3002\u4f8b\u5982\u5728\u65b0\u51a0\u75c5\u6bd2\u68c0\u6d4b\u4e2d\uff0c\u6838\u9178\u63d0\u53d6\u4eea\u53ef\u4ee5\u5feb\u901f\u4ece\u54bd\u62ed\u5b50\u7b49\u6837\u672c\u4e2d\u63d0\u53d6\u75c5\u6bd2\u6838\u9178\uff0c\u4e3a\u540e\u7eed\u7684\u6838\u9178\u68c0\u6d4b\u63d0\u4f9b\u9ad8\u8d28\u91cf\u7684\u6837\u672c\uff0c\u63d0\u9ad8\u68c0\u6d4b\u6548\u7387\u548c\u51c6\u786e\u6027\u3002", "noteEn": "", "createTime": "2025-05-14 11:11:55", "updateTime": "2025-11-07 19:42:38", "paramUrl": "", "modelCode": null, "modelName": null, "modelImages": null, "definer": 0, "equipManufacturerCode": "ABP", "equipManufacturerName": "\u5408\u80a5\u827e\u683c\u535a\u65af\u751f\u7269\u6280\u672f\u6709\u9650\u516c\u53f8", "actions": [{"id": 1897802271196178, "code": "getProcedureList", "name": "\u83b7\u53d6\u65b9\u6cd5\u5217\u8868", "noteCn": null, "noteEn": null, "translator": "default", "translatorArgs": {"url": "/operate", "method": "POST"}, "recommend": null, "params": [{"paramCode": "operate", "paramName": "\u6307\u4ee4\u7f16\u7801", "ioType": "CONSTANT", "dataType": "string", "value": null, "defaultValue": "getProcedureList", "script": null, "required": 1, "advanced": null, "timeFlag": null, "elementDataType": null, "bindDataType": null, "bindDataTypeProperty": null, "property": null, "childParams": [], "constraintType": null, "constraintValue": "", "constraintValueEn": "", "unitTypeCode": null, "unitTypeName": null, "noteCn": null, "noteEn": null, "flatten": false, "selectorType": null, "selection": null}]}, {"id": 1897802271196179, "code": "getCurrentProcedure", "name": "\u83b7\u53d6\u5f53\u524d\u4f7f\u7528\u7684\u65b9\u6cd5", "noteCn": null, "noteEn": null, "translator": "default", "translatorArgs": {"url": "/operate", "method": "POST"}, "recommend": null, "params": [{"paramCode": "operate", "paramName": "\u6307\u4ee4\u7f16\u7801", "ioType": "CONSTANT", "dataType": "string", "value": null, "defaultValue": "getCurrentProcedure", "script": null, "required": 1, "advanced": null, "timeFlag": null, "elementDataType": null, "bindDataType": null, "bindDataTypeProperty": null, "property": null, "childParams": [], "constraintType": null, "constraintValue": "", "constraintValueEn": "", "unitTypeCode": null, "unitTypeName": null, "noteCn": "", "noteEn": null, "flatten": false, "selectorType": null, "selection": null}]}, {"id": 1897802271228928, "code": "setCurrentProcedure", "name": "\u8bbe\u7f6e\u5f53\u524d\u4f7f\u7528\u7684\u65b9\u6cd5", "noteCn": null, "noteEn": null, "translator": "default", "translatorArgs": {"url": "/operate", "method": "POST"}, "recommend": null, "params": [{"paramCode": "operate", "paramName": "\u6307\u4ee4\u7f16\u7801", "ioType": "CONSTANT", "dataType": "string", "value": null, "defaultValue": "setCurrentProcedure", "script": null, "required": 1, "advanced": null, "timeFlag": null, "elementDataType": null, "bindDataType": null, "bindDataTypeProperty": null, "property": null, "childParams": [], "constraintType": null, "constraintValue": "", "constraintValueEn": "", "unitTypeCode": null, "unitTypeName": null, "noteCn": null, "noteEn": null, "flatten": false, "selectorType": null, "selection": null}, {"paramCode": "Name", "paramName": "\u65b9\u6cd5\u540d\u79f0", "ioType": "INPUT", "dataType": "string", "value": null, "defaultValue": null, "script": null, "required": 1, "advanced": null, "timeFlag": null, "elementDataType": null, "bindDataType": null, "bindDataTypeProperty": null, "property": null, "childParams": [], "constraintType": "ENUM", "constraintValue": "[{\"label\":\"DP713\",\"value\":\"DP713\"},{\"label\":\"test\",\"value\":\"test\"},{\"label\":\"\u78c1\u5438\u6d4b\u8bd5\",\"value\":\"\u78c1\u5438\u6d4b\u8bd5\"},{\"label\":\"DP802\",\"value\":\"DP802\"},{\"label\":\"DP802 \u526f\u672c\",\"value\":\"DP802 \u526f\u672c\"}]", "constraintValueEn": "", "unitTypeCode": null, "unitTypeName": null, "noteCn": null, "noteEn": null, "flatten": false, "selectorType": null, "selection": null}]}, {"id": 1897802271228929, "code": "startScanSample", "name": "\u542f\u52a8\u65b9\u6cd5", "noteCn": null, "noteEn": null, "translator": "default", "translatorArgs": {"url": "/operate", "method": "POST"}, "recommend": null, "params": [{"paramCode": "operate", "paramName": "\u6307\u4ee4\u7f16\u7801", "ioType": "CONSTANT", "dataType": "string", "value": null, "defaultValue": "startScanSample", "script": null, "required": 1, "advanced": null, "timeFlag": null, "elementDataType": null, "bindDataType": null, "bindDataTypeProperty": null, "property": null, "childParams": [], "constraintType": null, "constraintValue": "", "constraintValueEn": "", "unitTypeCode": null, "unitTypeName": null, "noteCn": "", "noteEn": null, "flatten": false, "selectorType": null, "selection": null}]}, {"id": 1897802271228930, "code": "stopProcedure", "name": "\u505c\u6b62\u65b9\u6cd5", "noteCn": null, "noteEn": null, "translator": "default", "translatorArgs": {"url": "/operate", "method": "POST"}, "recommend": null, "params": [{"paramCode": "operate", "paramName": "\u6307\u4ee4\u7f16\u7801", "ioType": "CONSTANT", "dataType": "string", "value": null, "defaultValue": "stopProcedure", "script": null, "required": 1, "advanced": null, "timeFlag": null, "elementDataType": null, "bindDataType": null, "bindDataTypeProperty": null, "property": null, "childParams": [], "constraintType": null, "constraintValue": "", "constraintValueEn": "", "unitTypeCode": null, "unitTypeName": null, "noteCn": null, "noteEn": null, "flatten": false, "selectorType": null, "selection": null}]}, {"id": 1897802271228931, "code": "getState", "name": "\u83b7\u53d6\u8bbe\u5907\u72b6\u6001", "noteCn": null, "noteEn": null, "translator": "default", "translatorArgs": {"url": "/operate", "method": "POST"}, "recommend": null, "params": [{"paramCode": "operate", "paramName": "\u6307\u4ee4\u7f16\u7801", "ioType": "CONSTANT", "dataType": "string", "value": null, "defaultValue": "getState", "script": null, "required": 1, "advanced": null, "timeFlag": null, "elementDataType": null, "bindDataType": null, "bindDataTypeProperty": null, "property": null, "childParams": [], "constraintType": null, "constraintValue": "", "constraintValueEn": "", "unitTypeCode": null, "unitTypeName": null, "noteCn": null, "noteEn": null, "flatten": false, "selectorType": null, "selection": null}]}], "allocates": [{"containerTypeCode": "container_3000ml", "maxHandleSize": 2}], "commands": [], "containerSettings": [{"typeId": 1390279958430720, "typeCode": "slot_bottle_storage", "typeName": "\u8fdb\u6837\u74f6\u69fd\u4f4d", "containerType": "slot", "allCount": 1, "children": []}], "variables": [], "resultSetting": {"url": "", "type": null, "preview": null}, "ignoreMaterial": false, "defaultVersion": true, "updatedActions": null}