{"id": 1396669754016768, "version": "2.0", "code": "solid_dispensing", "name": "\u56fa\u4f53\u8fdb\u6837\u5de5\u4f5c\u7ad9", "noteCn": "\u56fa\u4f53\u81ea\u52a8\u8fdb\u6837\u5de5\u4f5c\u7ad9\u7528\u4e8e\u81ea\u52a8\u5411\u5bb9\u5668\u4e2d\u52a0\u5165\u56fa\u4f53\u6837\u54c1\u3002\u5b83\u80fd\u591f\u51c6\u786e\u5730\u79f0\u91cf\u548c\u52a0\u5165\u4e00\u5b9a\u91cf\u7684\u56fa\u4f53\u6837\u54c1\uff0c\u907f\u514d\u4e86\u4eba\u5de5\u64cd\u4f5c\u53ef\u80fd\u5e26\u6765\u7684\u8bef\u5dee\u548c\u6c61\u67d3\u3002\u8be5\u5de5\u4f5c\u7ad9\u901a\u5e38\u914d\u5907\u6709\u9ad8\u7cbe\u5ea6\u7684\u79f0\u91cf\u88c5\u7f6e\u548c\u52a0\u6837\u7cfb\u7edf\uff0c\u53ef\u4ee5\u6309\u7167\u9884\u8bbe\u7684\u7a0b\u5e8f\u5c06\u56fa\u4f53\u6837\u54c1\u51c6\u786e\u5730\u52a0\u5165\u76ee\u6807\u5bb9\u5668\uff0c\u53ef\u63d0\u9ad8\u56fa\u4f53\u6837\u54c1\u79f0\u91cf\u7684\u6548\u7387\u548c\u51c6\u786e\u6027\u3002", "noteEn": "", "createTime": "2025-05-15 17:42:58", "updateTime": "2025-11-07 19:42:38", "paramUrl": "", "modelCode": null, "modelName": null, "modelImages": null, "definer": 0, "equipManufacturerCode": "ACU", "equipManufacturerName": "\u5408\u80a5\u8700\u5c71\u6052\u5174\u5b9e\u9a8c\u4eea\u5668\u7ecf\u8425\u90e8", "actions": [{"id": 1897802271294464, "code": "door_open", "name": "\u5f00\u95e8", "noteCn": "", "noteEn": "", "translator": "default", "translatorArgs": {"url": "/command", "method": "POST"}, "recommend": null, "params": [{"paramCode": "operation", "paramName": null, "ioType": "CONSTANT", "dataType": "string", "value": null, "defaultValue": "door_open", "script": null, "required": 1, "advanced": null, "timeFlag": null, "elementDataType": null, "bindDataType": null, "bindDataTypeProperty": null, "property": null, "childParams": [], "constraintType": null, "constraintValue": "", "constraintValueEn": "", "unitTypeCode": null, "unitTypeName": null, "noteCn": null, "noteEn": null, "flatten": false, "selectorType": null, "selection": null}, {"paramCode": "door_position", "paramName": "\u5f00\u95e8\u4f4d\u7f6e", "ioType": "INPUT", "dataType": "string", "value": null, "defaultValue": "right", "script": null, "required": 0, "advanced": null, "timeFlag": null, "elementDataType": null, "bindDataType": null, "bindDataTypeProperty": null, "property": null, "childParams": [], "constraintType": "ENUM", "constraintValue": "right,left,all", "constraintValueEn": "", "unitTypeCode": "", "unitTypeName": "", "noteCn": null, "noteEn": null, "flatten": false, "selectorType": null, "selection": null}]}, {"id": 1897802271294465, "code": "door_close", "name": "\u5173\u95e8", "noteCn": "", "noteEn": "", "translator": "default", "translatorArgs": {"url": "/command", "method": "POST"}, "recommend": null, "params": [{"paramCode": "operation", "paramName": null, "ioType": "CONSTANT", "dataType": "string", "value": null, "defaultValue": "door_close", "script": null, "required": 1, "advanced": null, "timeFlag": null, "elementDataType": null, "bindDataType": null, "bindDataTypeProperty": null, "property": null, "childParams": [], "constraintType": null, "constraintValue": "", "constraintValueEn": "", "unitTypeCode": null, "unitTypeName": null, "noteCn": null, "noteEn": null, "flatten": false, "selectorType": null, "selection": null}, {"paramCode": "door_position", "paramName": "\u5173\u95e8\u4f4d\u7f6e", "ioType": "INPUT", "dataType": "string", "value": null, "defaultValue": "right", "script": null, "required": 0, "advanced": null, "timeFlag": null, "elementDataType": null, "bindDataType": null, "bindDataTypeProperty": null, "property": null, "childParams": [], "constraintType": "ENUM", "constraintValue": "right,left,all", "constraintValueEn": "", "unitTypeCode": "", "unitTypeName": "", "noteCn": null, "noteEn": null, "flatten": false, "selectorType": null, "selection": null}]}, {"id": 1897802271294466, "code": "set_balance", "name": "\u8fdb\u6837", "noteCn": "", "noteEn": "", "translator": "default", "translatorArgs": {"url": "/command", "method": "POST"}, "recommend": null, "params": [{"paramCode": "operation", "paramName": null, "ioType": "CONSTANT", "dataType": "string", "value": null, "defaultValue": "set_balance", "script": null, "required": 1, "advanced": null, "timeFlag": null, "elementDataType": null, "bindDataType": null, "bindDataTypeProperty": null, "property": null, "childParams": [], "constraintType": null, "constraintValue": "", "constraintValueEn": "", "unitTypeCode": null, "unitTypeName": null, "noteCn": null, "noteEn": null, "flatten": false, "selectorType": null, "selection": null}, {"paramCode": "weight", "paramName": "\u8fdb\u6837\u8d28\u91cf\uff08\u514b\uff09", "ioType": "INPUT", "dataType": "float", "value": null, "defaultValue": "", "script": null, "required": 1, "advanced": null, "timeFlag": null, "elementDataType": "", "bindDataType": "", "bindDataTypeProperty": null, "property": null, "childParams": [], "constraintType": "RANGE", "constraintValue": "(0,200)", "constraintValueEn": "", "unitTypeCode": "", "unitTypeName": "", "noteCn": null, "noteEn": null, "flatten": false, "selectorType": null, "selection": null}]}, {"id": 1897802271294467, "code": "force_online", "name": "\u5f3a\u5236\u4e0a\u7ebf", "noteCn": "\u5f3a\u5236\u4e0a\u7ebf", "noteEn": "force online", "translator": "default", "translatorArgs": {"url": "/online", "method": "GET"}, "recommend": null, "params": [{"paramCode": "operation", "paramName": "\u64cd\u4f5c\u7c7b\u578b", "ioType": "CONSTANT", "dataType": "string", "value": null, "defaultValue": "online", "script": null, "required": 1, "advanced": null, "timeFlag": null, "elementDataType": null, "bindDataType": null, "bindDataTypeProperty": null, "property": null, "childParams": [], "constraintType": null, "constraintValue": "", "constraintValueEn": "", "unitTypeCode": null, "unitTypeName": null, "noteCn": null, "noteEn": null, "flatten": false, "selectorType": null, "selection": null}]}, {"id": 1897802271294468, "code": "force_offline", "name": "\u5f3a\u5236\u4e0b\u7ebf", "noteCn": "\u5f3a\u5236\u4e0b\u7ebf", "noteEn": "force offline", "translator": "default", "translatorArgs": {"url": "/offline", "method": "GET"}, "recommend": null, "params": [{"paramCode": "operation", "paramName": "\u64cd\u4f5c\u7c7b\u578b", "ioType": "CONSTANT", "dataType": "string", "value": null, "defaultValue": "offline", "script": null, "required": 1, "advanced": null, "timeFlag": null, "elementDataType": null, "bindDataType": null, "bindDataTypeProperty": null, "property": null, "childParams": [], "constraintType": null, "constraintValue": "", "constraintValueEn": "", "unitTypeCode": null, "unitTypeName": null, "noteCn": null, "noteEn": null, "flatten": false, "selectorType": null, "selection": null}]}], "allocates": [{"containerTypeCode": "bottle_storage", "maxHandleSize": 10}], "commands": [{"code": "allocation", "name": "\u5bb9\u5668\u5206\u914d", "noteCn": "\u5bb9\u5668\u5206\u914d", "noteEn": null, "actionCode": "allocate_container", "actionName": "allocate\u5206\u914d\u5bb9\u5668\u6307\u4ee4", "params": [{"paramCode": "containerType", "value": "[{\"minCount\":\"1\",\"containerTypeCode\":\"bottle_storage\",\"containerTypeName\":\"\u8fdb\u6837\u74f6\",\"allocateMode\":\"extend\",\"maxCount\":10,\"defaultCount\":1}]"}, {"paramCode": "allocateOrder", "value": "small"}, {"paramCode": "allocateWorkstations", "value": "[{\"workstationCode\":\"starting_station_303\",\"workstationName\":\"303\u7269\u6599\u7ad9\"}]"}]}, {"code": "put-input", "name": "\u653e\u7f6e\u8fdb\u6837\u74f6", "noteCn": "", "noteEn": null, "actionCode": "put", "actionName": "put\u653e\u7f6e\u6307\u4ee4", "params": [{"paramCode": "containerType", "value": "{\"containerTypeCode\":\"bottle_storage\",\"containerTypeName\":\"\u8fdb\u6837\u74f6\"}"}, {"paramCode": "slotType", "value": "{\"slotTypeCode\":\"\",\"slotTypeName\":\"\"}"}, {"paramCode": "robotCodes", "value": "[{\"robotCode\":\"hf_robot_4\",\"robotName\":\"\u822a\u53d1_303\"}]"}, {"paramCode": "fromOrder", "value": "small"}, {"paramCode": "toOrder", "value": "small"}, {"paramCode": "withParentContainerType", "value": "{}"}]}, {"code": "take-input", "name": "\u62ff\u53d6\u8fdb\u6837\u74f6", "noteCn": "", "noteEn": null, "actionCode": "take", "actionName": "take\u62ff\u53d6\u6307\u4ee4", "params": [{"paramCode": "containerType", "value": "{\"containerTypeCode\":\"bottle_storage\",\"containerTypeName\":\"\u8fdb\u6837\u74f6\"}"}, {"paramCode": "slotType", "value": "{\"slotTypeCode\":\"\",\"slotTypeName\":\"\"}"}, {"paramCode": "robotCodes", "value": "[{\"robotCode\":\"hf_robot_4\",\"robotName\":\"\u822a\u53d1_303\"}]"}, {"paramCode": "fromOrder", "value": "small"}, {"paramCode": "toOrder", "value": "small"}, {"paramCode": "storageWorkstation", "value": "{}"}, {"paramCode": "userDefinedPos", "value": ""}, {"paramCode": "withParentContainerType", "value": "{}"}]}, {"code": "lock", "name": "\u56fa\u4f53\u8fdb\u6837\u9501", "noteCn": "\u56fa\u4f53\u8fdb\u6837\u9501", "noteEn": "lock", "actionCode": "lock", "actionName": "\u52a0\u9501", "params": [{"paramCode": "robotList", "value": "[{\"robotCode\":\"hf_robot_4\",\"robotName\":\"\u822a\u53d1_303\"}]"}]}, {"code": "unlock", "name": "\u56fa\u4f53\u8fdb\u6837\u91ca\u653e\u9501", "noteCn": "\u56fa\u4f53\u8fdb\u6837\u91ca\u653e\u9501", "noteEn": "unlock", "actionCode": "unlock", "actionName": "\u89e3\u9501", "params": [{"paramCode": "robotList", "value": "[{\"robotCode\":\"hf_robot_4\",\"robotName\":\"\u822a\u53d1_303\"}]"}]}], "containerSettings": [{"typeId": 1390279958430720, "typeCode": "slot_bottle_storage", "typeName": "\u8fdb\u6837\u74f6\u69fd\u4f4d", "containerType": "slot", "allCount": 1, "children": []}], "variables": [], "resultSetting": {"url": "", "type": "", "preview": false}, "ignoreMaterial": false, "defaultVersion": true, "updatedActions": null}