{"id": 1407201366803456, "version": "1.0", "code": "ic", "name": "\u79bb\u5b50\u8272\u8c31", "noteCn": "\u79bb\u5b50\u8272\u8c31\u4eea\u4e3b\u8981\u7528\u4e8e\u5206\u79bb\u548c\u68c0\u6d4b\u6eb6\u6db2\u4e2d\u7684\u5404\u79cd\u79bb\u5b50\u3002\u5b83\u5229\u7528\u79bb\u5b50\u4ea4\u6362\u6811\u8102\u5bf9\u4e0d\u540c\u79bb\u5b50\u7684\u4eb2\u548c\u529b\u5dee\u5f02\uff0c\u5c06\u6df7\u5408\u6eb6\u6db2\u4e2d\u7684\u79bb\u5b50\u8fdb\u884c\u5206\u79bb\uff0c\u7136\u540e\u901a\u8fc7\u68c0\u6d4b\u5668\u5bf9\u5206\u79bb\u540e\u7684\u79bb\u5b50\u8fdb\u884c\u5b9a\u91cf\u5206\u6790\u3002\u5728\u73af\u5883\u76d1\u6d4b\u7b49\u9886\u57df\u5e7f\u6cdb\u5e94\u7528\u3002\u4f8b\u5982\u5728\u73af\u5883\u6c34\u6837\u68c0\u6d4b\u4e2d\uff0c\u53ef\u4ee5\u68c0\u6d4b\u6c34\u4e2d\u7684\u5e38\u89c1\u9634\u79bb\u5b50\uff08\u5982\u6c2f\u79bb\u5b50\u3001\u785d\u9178\u6839\u79bb\u5b50\u3001\u786b\u9178\u6839\u79bb\u5b50\u7b49\uff09\u7684\u542b\u91cf\uff0c\u8bc4\u4f30\u6c34\u8d28\u7684\u6c61\u67d3\u7a0b\u5ea6\uff1b\u5728\u98df\u54c1\u68c0\u6d4b\u4e2d\uff0c\u53ef\u68c0\u6d4b\u98df\u54c1\u4e2d\u7684\u6dfb\u52a0\u5242\u3001\u8425\u517b\u6210\u5206\u7b49\u6240\u542b\u7684\u79bb\u5b50\u3002", "noteEn": "", "createTime": "2025-05-19 10:59:37", "updateTime": "2025-11-07 19:42:38", "paramUrl": "", "modelCode": null, "modelName": null, "modelImages": null, "definer": 0, "equipManufacturerCode": "ABE", "equipManufacturerName": "\u5b89\u5fbd\u6d69\u4eea\u4eea\u5668\u8bbe\u5907\u6709\u9650\u516c\u53f8", "actions": [{"id": 1897802271360012, "code": "ControlSample", "name": "\u6837\u54c1\u4e0b\u53d1", "noteCn": "\u6837\u54c1\u4e0b\u53d1", "noteEn": null, "translator": "default", "translatorArgs": {"url": "/ic/operate", "method": "POST"}, "recommend": null, "params": [{"paramCode": "operate", "paramName": "\u6307\u4ee4\u7f16\u7801", "ioType": "CONSTANT", "dataType": "string", "value": null, "defaultValue": "ControlSample", "script": null, "required": 1, "advanced": null, "timeFlag": null, "elementDataType": null, "bindDataType": null, "bindDataTypeProperty": null, "property": null, "childParams": [], "constraintType": null, "constraintValue": "", "constraintValueEn": "", "unitTypeCode": null, "unitTypeName": null, "noteCn": null, "noteEn": null, "flatten": false, "selectorType": null, "selection": null}, {"paramCode": "cup_position", "paramName": "\u4eea\u5668\u7aef\u676f\u4f4d\u4fe1\u606f", "ioType": "INPUT", "dataType": "int", "value": null, "defaultValue": null, "script": null, "required": 1, "advanced": null, "timeFlag": null, "elementDataType": "", "bindDataType": "", "bindDataTypeProperty": null, "property": null, "childParams": [], "constraintType": null, "constraintValue": "", "constraintValueEn": "", "unitTypeCode": null, "unitTypeName": null, "noteCn": null, "noteEn": null, "flatten": false, "selectorType": null, "selection": null}, {"paramCode": "sample_code", "paramName": "\u6837\u54c1\u7f16\u7801", "ioType": "INPUT", "dataType": "string", "value": null, "defaultValue": null, "script": null, "required": 1, "advanced": null, "timeFlag": null, "elementDataType": null, "bindDataType": null, "bindDataTypeProperty": null, "property": null, "childParams": [], "constraintType": null, "constraintValue": "", "constraintValueEn": "", "unitTypeCode": null, "unitTypeName": null, "noteCn": null, "noteEn": null, "flatten": false, "selectorType": null, "selection": null}]}, {"id": 1897802271360013, "code": "StartSequence", "name": "\u542f\u52a8\u5e8f\u5217", "noteCn": "\u542f\u52a8\u5e8f\u5217", "noteEn": null, "translator": "default", "translatorArgs": {"url": "/ic/operate", "method": "POST"}, "recommend": null, "params": [{"paramCode": "operate", "paramName": "\u6307\u4ee4\u7f16\u7801", "ioType": "CONSTANT", "dataType": "string", "value": null, "defaultValue": "StartSequence", "script": null, "required": 1, "advanced": null, "timeFlag": null, "elementDataType": null, "bindDataType": null, "bindDataTypeProperty": null, "property": null, "childParams": [], "constraintType": null, "constraintValue": "", "constraintValueEn": "", "unitTypeCode": null, "unitTypeName": null, "noteCn": null, "noteEn": null, "flatten": false, "selectorType": null, "selection": null}]}, {"id": 1897802271360014, "code": "ObtainResult", "name": "\u83b7\u53d6\u7ed3\u679c", "noteCn": "\u83b7\u53d6\u7ed3\u679c", "noteEn": null, "translator": "default", "translatorArgs": {"url": "/ic/operate", "method": "POST"}, "recommend": null, "params": [{"paramCode": "operate", "paramName": "\u6307\u4ee4\u7f16\u7801", "ioType": "CONSTANT", "dataType": "string", "value": null, "defaultValue": "ObtainResult", "script": null, "required": 1, "advanced": null, "timeFlag": null, "elementDataType": null, "bindDataType": null, "bindDataTypeProperty": null, "property": null, "childParams": [], "constraintType": null, "constraintValue": "", "constraintValueEn": "", "unitTypeCode": null, "unitTypeName": null, "noteCn": null, "noteEn": null, "flatten": false, "selectorType": null, "selection": null}, {"paramCode": "sample_code", "paramName": "\u6837\u54c1\u7f16\u7801", "ioType": "INPUT", "dataType": "string", "value": null, "defaultValue": "", "script": null, "required": 1, "advanced": null, "timeFlag": null, "elementDataType": null, "bindDataType": null, "bindDataTypeProperty": null, "property": null, "childParams": [], "constraintType": null, "constraintValue": "", "constraintValueEn": "", "unitTypeCode": null, "unitTypeName": null, "noteCn": null, "noteEn": null, "flatten": false, "selectorType": null, "selection": null}, {"paramCode": "result", "paramName": "\u6d4b\u8bd5\u7ed3\u679c", "ioType": "OUTPUT", "dataType": "file", "value": null, "defaultValue": null, "script": null, "required": 1, "advanced": null, "timeFlag": null, "elementDataType": "", "bindDataType": "", "bindDataTypeProperty": null, "property": null, "childParams": [], "constraintType": null, "constraintValue": "", "constraintValueEn": "", "unitTypeCode": null, "unitTypeName": null, "noteCn": null, "noteEn": null, "flatten": false, "selectorType": null, "selection": null}]}, {"id": 1897802271360015, "code": "StopSequence", "name": "\u7ed3\u675f\u5e8f\u5217", "noteCn": "\u7ed3\u675f\u5e8f\u5217", "noteEn": null, "translator": "default", "translatorArgs": {"url": "/ic/operate", "method": "POST"}, "recommend": null, "params": [{"paramCode": "StopSequence", "paramName": "\u7ed3\u675f\u5e8f\u5217", "ioType": "CONSTANT", "dataType": "string", "value": null, "defaultValue": "StopSequence", "script": null, "required": 1, "advanced": null, "timeFlag": null, "elementDataType": null, "bindDataType": null, "bindDataTypeProperty": null, "property": null, "childParams": [], "constraintType": null, "constraintValue": "", "constraintValueEn": "", "unitTypeCode": null, "unitTypeName": null, "noteCn": null, "noteEn": null, "flatten": false, "selectorType": null, "selection": null}]}, {"id": 1897802271360016, "code": "EntrySampleList", "name": "\u6279\u91cf\u5f55\u5165\u6837\u54c1", "noteCn": "\u6279\u91cf\u5f55\u5165\u6837\u54c1", "noteEn": null, "translator": "default", "translatorArgs": {"url": "/ic/operate", "method": "POST"}, "recommend": null, "params": [{"paramCode": "operate", "paramName": "\u6307\u4ee4\u7f16\u7801", "ioType": "CONSTANT", "dataType": "string", "value": null, "defaultValue": "EntrySampleList", "script": null, "required": 1, "advanced": null, "timeFlag": null, "elementDataType": null, "bindDataType": null, "bindDataTypeProperty": null, "property": null, "childParams": [], "constraintType": null, "constraintValue": "", "constraintValueEn": "", "unitTypeCode": null, "unitTypeName": null, "noteCn": null, "noteEn": null, "flatten": false, "selectorType": null, "selection": null}, {"paramCode": "sample_info_list", "paramName": "\u6837\u54c1\u4fe1\u606f\u5217\u8868", "ioType": "INPUT", "dataType": "array", "value": null, "defaultValue": "", "script": null, "required": 1, "advanced": null, "timeFlag": null, "elementDataType": "object", "bindDataType": "", "bindDataTypeProperty": null, "property": null, "childParams": [{"paramCode": "sample_no", "paramName": "\u6837\u54c1\u7f16\u7801", "ioType": "INPUT", "dataType": "string", "value": null, "defaultValue": null, "script": null, "required": 1, "advanced": null, "timeFlag": null, "elementDataType": null, "bindDataType": null, "bindDataTypeProperty": null, "property": null, "childParams": null, "constraintType": null, "constraintValue": "", "constraintValueEn": "", "unitTypeCode": null, "unitTypeName": null, "noteCn": null, "noteEn": null, "flatten": false, "selectorType": null, "selection": null}, {"paramCode": "slot_num", "paramName": "\u5b54\u4f4d", "ioType": "INPUT", "dataType": "int", "value": null, "defaultValue": null, "script": null, "required": 0, "advanced": null, "timeFlag": null, "elementDataType": null, "bindDataType": null, "bindDataTypeProperty": null, "property": null, "childParams": null, "constraintType": "RANGE", "constraintValue": "(0,66]", "constraintValueEn": "", "unitTypeCode": null, "unitTypeName": null, "noteCn": null, "noteEn": null, "flatten": false, "selectorType": null, "selection": null}], "constraintType": null, "constraintValue": "", "constraintValueEn": "", "unitTypeCode": null, "unitTypeName": null, "noteCn": null, "noteEn": null, "flatten": false, "selectorType": null, "selection": null}]}, {"id": 1897802271360017, "code": "SendSampleList", "name": "\u6279\u91cf\u4e0b\u53d1\u6837\u54c1", "noteCn": "\u6279\u91cf\u4e0b\u53d1\u6837\u54c1", "noteEn": null, "translator": "default", "translatorArgs": {"url": "/ic/operate", "method": "POST"}, "recommend": null, "params": [{"paramCode": "operate", "paramName": "\u6307\u4ee4\u7f16\u7801", "ioType": "CONSTANT", "dataType": "string", "value": null, "defaultValue": "SendSampleList", "script": null, "required": 1, "advanced": null, "timeFlag": null, "elementDataType": null, "bindDataType": null, "bindDataTypeProperty": null, "property": null, "childParams": [], "constraintType": null, "constraintValue": "", "constraintValueEn": "", "unitTypeCode": null, "unitTypeName": null, "noteCn": null, "noteEn": null, "flatten": false, "selectorType": null, "selection": null}]}, {"id": 1897802271360018, "code": "ObtainResultList", "name": "\u83b7\u53d6\u7ed3\u679c\uff08\u591a\u4e2a\uff09", "noteCn": "\u83b7\u53d6\u7ed3\u679c\uff08\u591a\u4e2a\uff09", "noteEn": null, "translator": "default", "translatorArgs": {"url": "/ic/operate", "method": "POST"}, "recommend": null, "params": [{"paramCode": "operate", "paramName": "\u6307\u4ee4\u7f16\u7801", "ioType": "CONSTANT", "dataType": "string", "value": null, "defaultValue": "ObtainResultList", "script": null, "required": 1, "advanced": null, "timeFlag": null, "elementDataType": null, "bindDataType": null, "bindDataTypeProperty": null, "property": null, "childParams": [], "constraintType": null, "constraintValue": "", "constraintValueEn": "", "unitTypeCode": null, "unitTypeName": null, "noteCn": null, "noteEn": null, "flatten": false, "selectorType": null, "selection": null}]}, {"id": 1897802271360019, "code": "wait_device_ready", "name": "\u7b49\u5f85\u5c31\u7eea", "noteCn": "\u7b49\u5f85\u5c31\u7eea", "noteEn": null, "translator": "default", "translatorArgs": {"url": "/wait_device_ready", "method": "POST"}, "recommend": null, "params": null}, {"id": 1897802271360020, "code": "wait_loop", "name": "\u5bb9\u5668\u5206\u914d", "noteCn": "", "noteEn": null, "translator": "default", "translatorArgs": {"url": "/ic/wait_loop", "method": "POST"}, "recommend": null, "params": null}], "allocates": [], "commands": [], "containerSettings": [{"typeId": 1413305388729344, "typeCode": "slot_50ml_position", "typeName": "\u6c34\u8d2850ml\u69fd\u4f4d", "containerType": "slot", "allCount": 66, "children": []}], "variables": [], "resultSetting": {"url": "/water/icAnalyzer/result", "type": null, "preview": null}, "ignoreMaterial": true, "defaultVersion": true, "updatedActions": null}