{"id": 1407201072448512, "version": "1.0", "code": "nh3n", "name": "\u6c28\u6c2e\u5de5\u4f5c\u7ad9", "noteCn": "\u6c28\u6c2e\u6d4b\u5b9a\u4eea\u4e13\u95e8\u7528\u4e8e\u6d4b\u5b9a\u6c34\u6837\u4e2d\u6c28\u6c2e\u7684\u542b\u91cf\u3002\u6c28\u6c2e\u662f\u6307\u6c34\u4e2d\u4ee5\u6e38\u79bb\u6c28\uff08NH\u2083\uff09\u548c\u94f5\u79bb\u5b50\uff08NH\u2084\u207a\uff09\u5f62\u5f0f\u5b58\u5728\u7684\u6c2e\u3002\u8be5\u4eea\u5668\u901a\u5e38\u91c7\u7528\u6bd4\u8272\u6cd5\u7b49\u68c0\u6d4b\u65b9\u6cd5\uff0c\u901a\u8fc7\u4e0e\u7279\u5b9a\u8bd5\u5242\u53cd\u5e94\uff0c\u751f\u6210\u5177\u6709\u7279\u5b9a\u989c\u8272\u7684\u4ea7\u7269\uff0c\u7136\u540e\u6839\u636e\u989c\u8272\u7684\u6df1\u6d45\u6765\u5b9a\u91cf\u6d4b\u5b9a\u6c28\u6c2e\u7684\u542b\u91cf\u3002\u5728\u6c34\u8d28\u76d1\u6d4b\u4e2d\uff0c\u6c28\u6c2e\u542b\u91cf\u662f\u8bc4\u4f30\u6c34\u4f53\u6c61\u67d3\u7a0b\u5ea6\u7684\u91cd\u8981\u6307\u6807\u4e4b\u4e00\uff0c\u8fc7\u9ad8\u7684\u6c28\u6c2e\u542b\u91cf\u4f1a\u5bf9\u6c34\u751f\u751f\u7269\u9020\u6210\u5371\u5bb3\uff0c\u6c28\u6c2e\u6d4b\u5b9a\u4eea\u5bf9\u4e8e\u53ca\u65f6\u638c\u63e1\u6c34\u8d28\u72b6\u51b5\u548c\u91c7\u53d6\u76f8\u5e94\u6cbb\u7406\u63aa\u65bd\u5177\u6709\u91cd\u8981\u610f\u4e49\u3002", "noteEn": "", "createTime": "2025-05-19 10:59:28", "updateTime": "2025-11-07 19:42:38", "paramUrl": "", "modelCode": null, "modelName": null, "modelImages": null, "definer": 0, "equipManufacturerCode": "AAW", "equipManufacturerName": "\u5b89\u5fbd\u99a8\u7ef4\u514b\u4eea\u5668\u8bbe\u5907\u6709\u9650\u516c\u53f8", "actions": [{"id": 1897802271228946, "code": "StartSampleEntry", "name": "\u5f00\u59cb\u8fdb\u6837", "noteCn": "\u5f00\u59cb\u8fdb\u6837", "noteEn": null, "translator": "default", "translatorArgs": {"url": "/nh3h/operate", "method": "POST"}, "recommend": null, "params": [{"paramCode": "operate", "paramName": "\u6307\u4ee4\u7f16\u7801", "ioType": "CONSTANT", "dataType": "string", "value": null, "defaultValue": "StartSampleEntry", "script": null, "required": 1, "advanced": null, "timeFlag": null, "elementDataType": null, "bindDataType": null, "bindDataTypeProperty": null, "property": null, "childParams": [], "constraintType": null, "constraintValue": "", "constraintValueEn": "", "unitTypeCode": null, "unitTypeName": null, "noteCn": null, "noteEn": null, "flatten": false, "selectorType": null, "selection": null}, {"paramCode": "cup_position", "paramName": "\u4eea\u5668\u7aef\u676f\u4f4d\u4fe1\u606f[1,100]", "ioType": "INPUT", "dataType": "int", "value": null, "defaultValue": null, "script": null, "required": 1, "advanced": null, "timeFlag": null, "elementDataType": "", "bindDataType": "", "bindDataTypeProperty": null, "property": null, "childParams": [], "constraintType": null, "constraintValue": "", "constraintValueEn": "", "unitTypeCode": null, "unitTypeName": null, "noteCn": null, "noteEn": null, "flatten": false, "selectorType": null, "selection": null}, {"paramCode": "sample_type", "paramName": "\u6837\u54c1\u7c7b\u578b 1-\u5168\u7a0b\u7a7a\u767d\u6837 2-\u6c34\u6837 3-\u5168\u7a0b\u5e73\u884c\u6837", "ioType": "INPUT", "dataType": "int", "value": null, "defaultValue": "2", "script": null, "required": 1, "advanced": null, "timeFlag": null, "elementDataType": "", "bindDataType": "", "bindDataTypeProperty": null, "property": null, "childParams": [], "constraintType": null, "constraintValue": "", "constraintValueEn": "", "unitTypeCode": null, "unitTypeName": null, "noteCn": null, "noteEn": null, "flatten": false, "selectorType": null, "selection": null}, {"paramCode": "sample_code", "paramName": "\u6837\u54c1\u7f16\u7801", "ioType": "INPUT", "dataType": "string", "value": null, "defaultValue": null, "script": null, "required": 1, "advanced": null, "timeFlag": null, "elementDataType": null, "bindDataType": null, "bindDataTypeProperty": null, "property": null, "childParams": [], "constraintType": null, "constraintValue": "", "constraintValueEn": "", "unitTypeCode": null, "unitTypeName": null, "noteCn": null, "noteEn": null, "flatten": false, "selectorType": null, "selection": null}, {"paramCode": "actual_volume", "paramName": "\u5b9e\u9645\u5206\u6db2\u4f53\u79ef", "ioType": "INPUT", "dataType": "int", "value": null, "defaultValue": "100", "script": null, "required": 1, "advanced": null, "timeFlag": null, "elementDataType": "", "bindDataType": "", "bindDataTypeProperty": null, "property": null, "childParams": [], "constraintType": null, "constraintValue": "", "constraintValueEn": "", "unitTypeCode": null, "unitTypeName": null, "noteCn": null, "noteEn": null, "flatten": false, "selectorType": null, "selection": null}, {"paramCode": "is_flocculation", "paramName": "\u7d6e\u51dd\u6c89\u6dc0\uff1a0=\u5426\uff0c1=\u662f", "ioType": "INPUT", "dataType": "int", "value": null, "defaultValue": "0", "script": null, "required": 1, "advanced": null, "timeFlag": null, "elementDataType": "", "bindDataType": "", "bindDataTypeProperty": null, "property": null, "childParams": [], "constraintType": null, "constraintValue": "", "constraintValueEn": "", "unitTypeCode": null, "unitTypeName": null, "noteCn": null, "noteEn": null, "flatten": false, "selectorType": null, "selection": null}, {"paramCode": "is_self_reference", "paramName": "\u662f\u5426\u81ea\u53c2\u6bd4\uff1a0=\u5426\uff0c1=\u662f", "ioType": "INPUT", "dataType": "int", "value": null, "defaultValue": "0", "script": null, "required": 1, "advanced": null, "timeFlag": null, "elementDataType": "", "bindDataType": "", "bindDataTypeProperty": null, "property": null, "childParams": [], "constraintType": null, "constraintValue": "", "constraintValueEn": "", "unitTypeCode": null, "unitTypeName": null, "noteCn": null, "noteEn": null, "flatten": false, "selectorType": null, "selection": null}, {"paramCode": "dilution_factor", "paramName": "\u7a00\u91ca\u500d\u6570", "ioType": "INPUT", "dataType": "int", "value": null, "defaultValue": "1", "script": null, "required": 1, "advanced": null, "timeFlag": null, "elementDataType": "", "bindDataType": "", "bindDataTypeProperty": null, "property": null, "childParams": [], "constraintType": null, "constraintValue": "", "constraintValueEn": "", "unitTypeCode": null, "unitTypeName": null, "noteCn": null, "noteEn": null, "flatten": false, "selectorType": null, "selection": null}, {"paramCode": "is_filtered", "paramName": "\u8fc7\u6ee4\uff1a0=\u5426\uff0c1=\u662f", "ioType": "INPUT", "dataType": "int", "value": null, "defaultValue": "0", "script": null, "required": 1, "advanced": null, "timeFlag": null, "elementDataType": "", "bindDataType": "", "bindDataTypeProperty": null, "property": null, "childParams": [], "constraintType": null, "constraintValue": "", "constraintValueEn": "", "unitTypeCode": null, "unitTypeName": null, "noteCn": null, "noteEn": null, "flatten": false, "selectorType": null, "selection": null}]}, {"id": 1897802271228947, "code": "StartSequence", "name": "\u542f\u52a8\u5e8f\u5217", "noteCn": "\u542f\u52a8\u5e8f\u5217", "noteEn": null, "translator": "default", "translatorArgs": {"url": "/nh3h/operate", "method": "POST"}, "recommend": null, "params": [{"paramCode": "operate", "paramName": "\u6307\u4ee4\u7f16\u7801", "ioType": "CONSTANT", "dataType": "string", "value": null, "defaultValue": "StartSequence", "script": null, "required": 1, "advanced": null, "timeFlag": null, "elementDataType": null, "bindDataType": null, "bindDataTypeProperty": null, "property": null, "childParams": [], "constraintType": null, "constraintValue": "", "constraintValueEn": "", "unitTypeCode": null, "unitTypeName": null, "noteCn": null, "noteEn": null, "flatten": false, "selectorType": null, "selection": null}]}, {"id": 1897802271228948, "code": "ObtainResult", "name": "\u83b7\u53d6\u68c0\u6d4b\u7ed3\u679c", "noteCn": "\u83b7\u53d6\u68c0\u6d4b\u7ed3\u679c", "noteEn": null, "translator": "default", "translatorArgs": {"url": "/nh3h/operate", "method": "POST"}, "recommend": null, "params": [{"paramCode": "operate", "paramName": "\u6307\u4ee4\u7f16\u7801", "ioType": "CONSTANT", "dataType": "string", "value": null, "defaultValue": "ObtainResult", "script": null, "required": 1, "advanced": null, "timeFlag": null, "elementDataType": null, "bindDataType": null, "bindDataTypeProperty": null, "property": null, "childParams": [], "constraintType": null, "constraintValue": "", "constraintValueEn": "", "unitTypeCode": null, "unitTypeName": null, "noteCn": null, "noteEn": null, "flatten": false, "selectorType": null, "selection": null}, {"paramCode": "sample_code", "paramName": "\u6837\u54c1\u7f16\u7801", "ioType": "INPUT", "dataType": "string", "value": null, "defaultValue": null, "script": null, "required": 1, "advanced": null, "timeFlag": null, "elementDataType": null, "bindDataType": null, "bindDataTypeProperty": null, "property": null, "childParams": [], "constraintType": null, "constraintValue": "", "constraintValueEn": "", "unitTypeCode": null, "unitTypeName": null, "noteCn": null, "noteEn": null, "flatten": false, "selectorType": null, "selection": null}, {"paramCode": "result", "paramName": "\u6d4b\u8bd5\u7ed3\u679c", "ioType": "OUTPUT", "dataType": "file", "value": null, "defaultValue": null, "script": null, "required": 1, "advanced": null, "timeFlag": null, "elementDataType": "", "bindDataType": "", "bindDataTypeProperty": null, "property": null, "childParams": [], "constraintType": null, "constraintValue": "", "constraintValueEn": "", "unitTypeCode": null, "unitTypeName": null, "noteCn": null, "noteEn": null, "flatten": false, "selectorType": null, "selection": null}]}, {"id": 1897802271228949, "code": "StopSequence", "name": "\u7ed3\u675f\u5e8f\u5217", "noteCn": "\u7ed3\u675f\u5e8f\u5217", "noteEn": null, "translator": "default", "translatorArgs": {"url": "/nh3h/operate", "method": "POST"}, "recommend": null, "params": [{"paramCode": "operate", "paramName": "\u6307\u4ee4\u7f16\u7801", "ioType": "CONSTANT", "dataType": "string", "value": null, "defaultValue": "StopSequence", "script": null, "required": 1, "advanced": null, "timeFlag": null, "elementDataType": null, "bindDataType": null, "bindDataTypeProperty": null, "property": null, "childParams": [], "constraintType": null, "constraintValue": "", "constraintValueEn": "", "unitTypeCode": null, "unitTypeName": null, "noteCn": null, "noteEn": null, "flatten": false, "selectorType": null, "selection": null}]}, {"id": 1897802271228950, "code": "EntrySampleList", "name": "\u5f55\u5165\u6837\u54c1\u4fe1\u606f", "noteCn": "\u5f55\u5165\u6837\u54c1\u4fe1\u606f", "noteEn": null, "translator": "default", "translatorArgs": {"url": "/nh3h/operate", "method": "POST"}, "recommend": null, "params": [{"paramCode": "operate", "paramName": "\u6307\u4ee4\u7f16\u7801", "ioType": "CONSTANT", "dataType": "string", "value": null, "defaultValue": "EntrySampleList", "script": null, "required": 1, "advanced": null, "timeFlag": null, "elementDataType": null, "bindDataType": null, "bindDataTypeProperty": null, "property": null, "childParams": [], "constraintType": null, "constraintValue": "", "constraintValueEn": "", "unitTypeCode": null, "unitTypeName": null, "noteCn": null, "noteEn": null, "flatten": false, "selectorType": null, "selection": null}, {"paramCode": "sample_info_list", "paramName": "\u6837\u54c1\u4fe1\u606f\u5217\u8868", "ioType": "INPUT", "dataType": "array", "value": null, "defaultValue": null, "script": null, "required": 1, "advanced": null, "timeFlag": null, "elementDataType": "object", "bindDataType": "", "bindDataTypeProperty": null, "property": null, "childParams": [{"paramCode": "sample_no", "paramName": "\u6837\u54c1\u7f16\u7801", "ioType": "INPUT", "dataType": "string", "value": null, "defaultValue": null, "script": null, "required": 1, "advanced": null, "timeFlag": null, "elementDataType": null, "bindDataType": null, "bindDataTypeProperty": null, "property": null, "childParams": null, "constraintType": null, "constraintValue": "", "constraintValueEn": "", "unitTypeCode": null, "unitTypeName": null, "noteCn": null, "noteEn": null, "flatten": false, "selectorType": null, "selection": null}, {"paramCode": "sample_type", "paramName": "\u6837\u54c1\u7c7b\u578b", "ioType": "INPUT", "dataType": "int", "value": null, "defaultValue": null, "script": null, "required": 1, "advanced": null, "timeFlag": null, "elementDataType": null, "bindDataType": null, "bindDataTypeProperty": null, "property": null, "childParams": null, "constraintType": "ENUM", "constraintValue": "[{\"label\":\"\u5168\u7a0b\u7a7a\u767d\u6837\",\"value\":1},{\"label\":\"\u6c34\u6837\",\"value\":2},{\"label\":\"\u5168\u7a0b\u5e73\u884c\u6837\",\"value\":3}]", "constraintValueEn": "", "unitTypeCode": null, "unitTypeName": null, "noteCn": null, "noteEn": null, "flatten": false, "selectorType": null, "selection": null}, {"paramCode": "is_flocculation", "paramName": "\u7d6e\u51dd\u6c89\u6dc0", "ioType": "INPUT", "dataType": "int", "value": null, "defaultValue": "0", "script": null, "required": 1, "advanced": null, "timeFlag": null, "elementDataType": null, "bindDataType": null, "bindDataTypeProperty": null, "property": null, "childParams": null, "constraintType": "ENUM", "constraintValue": "[{\"label\":\"\u662f\",\"value\":1},{\"label\":\"\u5426\",\"value\":0}]", "constraintValueEn": "", "unitTypeCode": null, "unitTypeName": null, "noteCn": null, "noteEn": null, "flatten": false, "selectorType": null, "selection": null}, {"paramCode": "is_self_reference", "paramName": "\u81ea\u53c2\u6bd4", "ioType": "INPUT", "dataType": "int", "value": null, "defaultValue": "0", "script": null, "required": 1, "advanced": null, "timeFlag": null, "elementDataType": null, "bindDataType": null, "bindDataTypeProperty": null, "property": null, "childParams": null, "constraintType": "ENUM", "constraintValue": "[{\"label\":\"\u662f\",\"value\":1},{\"label\":\"\u5426\",\"value\":0}]", "constraintValueEn": "", "unitTypeCode": null, "unitTypeName": null, "noteCn": null, "noteEn": null, "flatten": false, "selectorType": null, "selection": null}, {"paramCode": "is_filtered", "paramName": "\u8fc7\u6ee4", "ioType": "INPUT", "dataType": "int", "value": null, "defaultValue": "0", "script": null, "required": 1, "advanced": null, "timeFlag": null, "elementDataType": null, "bindDataType": null, "bindDataTypeProperty": null, "property": null, "childParams": null, "constraintType": "ENUM", "constraintValue": "[{\"label\":\"\u662f\",\"value\":1},{\"label\":\"\u5426\",\"value\":0}]", "constraintValueEn": "", "unitTypeCode": null, "unitTypeName": null, "noteCn": null, "noteEn": null, "flatten": false, "selectorType": null, "selection": null}, {"paramCode": "dilution_factor", "paramName": "\u7a00\u91ca\u500d\u6570", "ioType": "INPUT", "dataType": "float", "value": null, "defaultValue": "1.0", "script": null, "required": 1, "advanced": null, "timeFlag": null, "elementDataType": null, "bindDataType": null, "bindDataTypeProperty": null, "property": null, "childParams": null, "constraintType": null, "constraintValue": "", "constraintValueEn": "", "unitTypeCode": null, "unitTypeName": null, "noteCn": null, "noteEn": null, "flatten": false, "selectorType": null, "selection": null}, {"paramCode": "actual_volume", "paramName": "\u6837\u54c1\u91cf", "ioType": "INPUT", "dataType": "float", "value": null, "defaultValue": "", "script": null, "required": 0, "advanced": null, "timeFlag": null, "elementDataType": null, "bindDataType": null, "bindDataTypeProperty": null, "property": null, "childParams": null, "constraintType": null, "constraintValue": "", "constraintValueEn": "", "unitTypeCode": "ml", "unitTypeName": "\u6beb\u5347", "noteCn": null, "noteEn": null, "flatten": false, "selectorType": null, "selection": null}, {"paramCode": "slot_num", "paramName": "\u5b54\u4f4d", "ioType": "INPUT", "dataType": "int", "value": null, "defaultValue": "", "script": null, "required": 0, "advanced": null, "timeFlag": null, "elementDataType": null, "bindDataType": null, "bindDataTypeProperty": null, "property": null, "childParams": null, "constraintType": "RANGE", "constraintValue": "(0,24]", "constraintValueEn": "", "unitTypeCode": null, "unitTypeName": null, "noteCn": null, "noteEn": null, "flatten": false, "selectorType": null, "selection": null}], "constraintType": null, "constraintValue": "", "constraintValueEn": "", "unitTypeCode": null, "unitTypeName": null, "noteCn": null, "noteEn": null, "flatten": false, "selectorType": null, "selection": null}]}, {"id": 1897802271228951, "code": "SendSampleList", "name": "\u4e0b\u53d1\u6240\u6709\u6837\u54c1", "noteCn": "\u4e0b\u53d1\u6240\u6709\u6837\u54c1", "noteEn": null, "translator": "default", "translatorArgs": {"url": "/nh3h/operate", "method": "POST"}, "recommend": null, "params": [{"paramCode": "operate", "paramName": "\u6307\u4ee4\u7f16\u7801", "ioType": "CONSTANT", "dataType": "string", "value": null, "defaultValue": "SendSampleList", "script": null, "required": 1, "advanced": null, "timeFlag": null, "elementDataType": null, "bindDataType": null, "bindDataTypeProperty": null, "property": null, "childParams": [], "constraintType": null, "constraintValue": "", "constraintValueEn": "", "unitTypeCode": null, "unitTypeName": null, "noteCn": null, "noteEn": null, "flatten": false, "selectorType": null, "selection": null}]}, {"id": 1897802271228952, "code": "ObtainResultList", "name": "\u83b7\u53d6\u68c0\u6d4b\u7ed3\u679c\uff08\u591a\u4e2a\uff09", "noteCn": "\u83b7\u53d6\u68c0\u6d4b\u7ed3\u679c\uff08\u591a\u4e2a\uff09", "noteEn": null, "translator": "default", "translatorArgs": {"url": "/nh3h/operate", "method": "POST"}, "recommend": null, "params": [{"paramCode": "operate", "paramName": "\u6307\u4ee4\u7f16\u7801", "ioType": "CONSTANT", "dataType": "string", "value": null, "defaultValue": "ObtainResultList", "script": null, "required": 1, "advanced": null, "timeFlag": null, "elementDataType": null, "bindDataType": null, "bindDataTypeProperty": null, "property": null, "childParams": [], "constraintType": null, "constraintValue": "", "constraintValueEn": "", "unitTypeCode": null, "unitTypeName": null, "noteCn": null, "noteEn": null, "flatten": false, "selectorType": null, "selection": null}]}, {"id": 1897802271228953, "code": "wait_device_ready", "name": "\u7b49\u5f85\u5c31\u7eea", "noteCn": "\u7b49\u5f85\u5c31\u7eea", "noteEn": null, "translator": "default", "translatorArgs": {"url": "/wait_device_ready", "method": "POST"}, "recommend": null, "params": null}, {"id": 1897802271228954, "code": "wait_loop", "name": "\u5bb9\u5668\u5206\u914d", "noteCn": "\u5bb9\u5668\u5206\u914d", "noteEn": null, "translator": "default", "translatorArgs": {"url": "/nh3h/wait_loop", "method": "POST"}, "recommend": null, "params": null}, {"id": 1897802271228955, "code": "getState", "name": "\u83b7\u53d6\u72b6\u6001", "noteCn": null, "noteEn": null, "translator": "default", "translatorArgs": {"url": "/nh3h/operate", "method": "POST"}, "recommend": null, "params": [{"paramCode": "operate", "paramName": "\u64cd\u4f5c", "ioType": "CONSTANT", "dataType": "string", "value": null, "defaultValue": "GetMachineStatus", "script": null, "required": 1, "advanced": null, "timeFlag": null, "elementDataType": null, "bindDataType": null, "bindDataTypeProperty": null, "property": null, "childParams": [], "constraintType": null, "constraintValue": "", "constraintValueEn": "", "unitTypeCode": null, "unitTypeName": null, "noteCn": null, "noteEn": null, "flatten": false, "selectorType": null, "selection": null}]}], "allocates": [{"containerTypeCode": "rack", "maxHandleSize": 24}], "commands": [], "containerSettings": [{"typeId": 1413306103104512, "typeCode": "slot_100ml_position", "typeName": "\u6c34\u8d28100ml\u69fd\u4f4d", "containerType": "slot", "allCount": 24, "children": []}], "variables": [], "resultSetting": {"url": "/water/nh3nAnalyzer/result", "type": "table", "preview": true}, "ignoreMaterial": true, "defaultVersion": true, "updatedActions": null}