{"id": 1407200435831808, "version": "1.0", "code": "tptn", "name": "\u603b\u78f7\u603b\u6c2e\u5de5\u4f5c\u7ad9", "noteCn": "\u603b\u78f7\u603b\u6c2e\u6d4b\u5b9a\u4eea\u7528\u4e8e\u540c\u65f6\u6d4b\u5b9a\u6c34\u6837\u4e2d\u7684\u603b\u78f7\u548c\u603b\u6c2e\u542b\u91cf\u3002\u5bf9\u4e8e\u603b\u78f7\u7684\u6d4b\u5b9a\uff0c\u901a\u5e38\u5148\u5c06\u6c34\u6837\u4e2d\u7684\u5404\u79cd\u542b\u78f7\u5316\u5408\u7269\u6c27\u5316\u4e3a\u6b63\u78f7\u9178\u76d0\uff0c\u7136\u540e\u901a\u8fc7\u6bd4\u8272\u6cd5\u7b49\u65b9\u6cd5\u8fdb\u884c\u5b9a\u91cf\u5206\u6790\uff1b\u5bf9\u4e8e\u603b\u6c2e\u7684\u6d4b\u5b9a\uff0c\u4e00\u822c\u5c06\u6c34\u6837\u4e2d\u7684\u542b\u6c2e\u5316\u5408\u7269\u6c27\u5316\u4e3a\u785d\u9178\u76d0\uff0c\u518d\u8fdb\u884c\u68c0\u6d4b\u3002\u603b\u78f7\u548c\u603b\u6c2e\u662f\u6c34\u4f53\u5bcc\u8425\u517b\u5316\u7684\u91cd\u8981\u6307\u6807\uff0c\u901a\u8fc7\u603b\u78f7\u603b\u6c2e\u6d4b\u5b9a\u4eea\u53ef\u4ee5\u53ca\u65f6\u4e86\u89e3\u6c34\u4f53\u7684\u8425\u517b\u72b6\u51b5\uff0c\u4e3a\u6c34\u8d44\u6e90\u4fdd\u62a4\u548c\u6cbb\u7406\u63d0\u4f9b\u6570\u636e\u652f\u6301\u3002", "noteEn": "", "createTime": "2025-05-19 10:59:09", "updateTime": "2025-11-07 19:42:38", "paramUrl": "", "modelCode": null, "modelName": null, "modelImages": null, "definer": 0, "equipManufacturerCode": "AAX", "equipManufacturerName": "\u5408\u80a5\u5317\u665f\u4eea\u5668\u6709\u9650\u516c\u53f8", "actions": [{"id": 1897802271163406, "code": "StartSequence", "name": "\u542f\u52a8\u5e8f\u5217", "noteCn": "\u542f\u52a8\u5e8f\u5217", "noteEn": null, "translator": "default", "translatorArgs": {"url": "/tptn/operate", "method": "POST"}, "recommend": null, "params": [{"paramCode": "operate", "paramName": "\u6307\u4ee4\u7f16\u7801", "ioType": "CONSTANT", "dataType": "string", "value": null, "defaultValue": "StartSequence", "script": null, "required": 1, "advanced": null, "timeFlag": null, "elementDataType": null, "bindDataType": null, "bindDataTypeProperty": null, "property": null, "childParams": [], "constraintType": null, "constraintValue": "", "constraintValueEn": "", "unitTypeCode": null, "unitTypeName": null, "noteCn": null, "noteEn": null, "flatten": false, "selectorType": null, "selection": null}]}, {"id": 1897802271163407, "code": "StartSampleEntry", "name": "\u5f00\u59cb\u8fdb\u6837", "noteCn": "\u5f00\u59cb\u8fdb\u6837", "noteEn": null, "translator": "default", "translatorArgs": {"url": "/tptn/operate", "method": "POST"}, "recommend": null, "params": [{"paramCode": "operate", "paramName": "\u6307\u4ee4\u7f16\u7801", "ioType": "CONSTANT", "dataType": "string", "value": null, "defaultValue": "StartSampleEntry", "script": null, "required": 1, "advanced": null, "timeFlag": null, "elementDataType": null, "bindDataType": null, "bindDataTypeProperty": null, "property": null, "childParams": [], "constraintType": null, "constraintValue": "", "constraintValueEn": "", "unitTypeCode": null, "unitTypeName": null, "noteCn": null, "noteEn": null, "flatten": false, "selectorType": null, "selection": null}, {"paramCode": "flag", "paramName": "0: \u603b\u78f7 1: \u603b\u6c2e", "ioType": "INPUT", "dataType": "int", "value": null, "defaultValue": "", "script": null, "required": 1, "advanced": null, "timeFlag": null, "elementDataType": "", "bindDataType": "", "bindDataTypeProperty": null, "property": null, "childParams": [], "constraintType": null, "constraintValue": "", "constraintValueEn": "", "unitTypeCode": null, "unitTypeName": null, "noteCn": "", "noteEn": null, "flatten": false, "selectorType": null, "selection": null}, {"paramCode": "cup_position", "paramName": "\u4eea\u5668\u7aef\u676f\u4f4d\u4fe1\u606f[1,100]", "ioType": "INPUT", "dataType": "int", "value": null, "defaultValue": "", "script": null, "required": 1, "advanced": null, "timeFlag": null, "elementDataType": "", "bindDataType": "", "bindDataTypeProperty": null, "property": null, "childParams": [], "constraintType": null, "constraintValue": "", "constraintValueEn": "", "unitTypeCode": null, "unitTypeName": null, "noteCn": null, "noteEn": null, "flatten": false, "selectorType": null, "selection": null}, {"paramCode": "sample_type", "paramName": "\u6837\u54c1\u7c7b\u578b 1-\u5168\u7a0b\u7a7a\u767d\u6837 2-\u6c34\u6837 3-\u5168\u7a0b\u5e73\u884c\u6837", "ioType": "INPUT", "dataType": "int", "value": null, "defaultValue": "2", "script": null, "required": 1, "advanced": null, "timeFlag": null, "elementDataType": "", "bindDataType": "", "bindDataTypeProperty": null, "property": null, "childParams": [], "constraintType": null, "constraintValue": "", "constraintValueEn": "", "unitTypeCode": null, "unitTypeName": null, "noteCn": null, "noteEn": null, "flatten": false, "selectorType": null, "selection": null}, {"paramCode": "sample_code", "paramName": "\u6837\u54c1\u7f16\u7801", "ioType": "INPUT", "dataType": "string", "value": null, "defaultValue": "", "script": null, "required": 1, "advanced": null, "timeFlag": null, "elementDataType": null, "bindDataType": null, "bindDataTypeProperty": null, "property": null, "childParams": [], "constraintType": null, "constraintValue": "", "constraintValueEn": "", "unitTypeCode": null, "unitTypeName": null, "noteCn": null, "noteEn": null, "flatten": false, "selectorType": null, "selection": null}, {"paramCode": "actual_volume", "paramName": "\u5b9e\u9645\u5206\u6db2\u4f53\u79ef", "ioType": "INPUT", "dataType": "int", "value": null, "defaultValue": "100", "script": null, "required": 1, "advanced": null, "timeFlag": null, "elementDataType": "", "bindDataType": "", "bindDataTypeProperty": null, "property": null, "childParams": [], "constraintType": null, "constraintValue": "", "constraintValueEn": "", "unitTypeCode": null, "unitTypeName": null, "noteCn": null, "noteEn": null, "flatten": false, "selectorType": null, "selection": null}, {"paramCode": "is_flocculation", "paramName": "\u7d6e\u51dd\u6c89\u6dc0\uff1a0=\u5426\uff0c1=\u662f", "ioType": "INPUT", "dataType": "int", "value": null, "defaultValue": "0", "script": null, "required": 1, "advanced": null, "timeFlag": null, "elementDataType": "", "bindDataType": "", "bindDataTypeProperty": null, "property": null, "childParams": [], "constraintType": null, "constraintValue": "", "constraintValueEn": "", "unitTypeCode": null, "unitTypeName": null, "noteCn": null, "noteEn": null, "flatten": false, "selectorType": null, "selection": null}, {"paramCode": "is_self_reference", "paramName": "\u662f\u5426\u81ea\u53c2\u6bd4\uff1a0=\u5426\uff0c1=\u662f", "ioType": "INPUT", "dataType": "int", "value": null, "defaultValue": "0", "script": null, "required": 1, "advanced": null, "timeFlag": null, "elementDataType": "", "bindDataType": "", "bindDataTypeProperty": null, "property": null, "childParams": [], "constraintType": null, "constraintValue": "", "constraintValueEn": "", "unitTypeCode": null, "unitTypeName": null, "noteCn": null, "noteEn": null, "flatten": false, "selectorType": null, "selection": null}, {"paramCode": "is_filtered", "paramName": "\u8fc7\u6ee4\uff1a0=\u5426\uff0c1=\u662f", "ioType": "INPUT", "dataType": "int", "value": null, "defaultValue": "0", "script": null, "required": 1, "advanced": null, "timeFlag": null, "elementDataType": "", "bindDataType": "", "bindDataTypeProperty": null, "property": null, "childParams": [], "constraintType": null, "constraintValue": "", "constraintValueEn": "", "unitTypeCode": null, "unitTypeName": null, "noteCn": null, "noteEn": null, "flatten": false, "selectorType": null, "selection": null}, {"paramCode": "dilution_factor", "paramName": "\u7a00\u91ca\u500d\u6570", "ioType": "INPUT", "dataType": "float", "value": null, "defaultValue": "1", "script": null, "required": 1, "advanced": null, "timeFlag": null, "elementDataType": "", "bindDataType": "", "bindDataTypeProperty": null, "property": null, "childParams": [], "constraintType": null, "constraintValue": "", "constraintValueEn": "", "unitTypeCode": null, "unitTypeName": null, "noteCn": null, "noteEn": null, "flatten": false, "selectorType": null, "selection": null}]}, {"id": 1897802271163408, "code": "ObtainResult", "name": "\u83b7\u53d6\u68c0\u6d4b\u7ed3\u679c\uff08\u5355\u4e2a\uff09", "noteCn": "\u83b7\u53d6\u68c0\u6d4b\u7ed3\u679c\uff08\u5355\u4e2a\uff09", "noteEn": null, "translator": "default", "translatorArgs": {"url": "/tptn/operate", "method": "POST"}, "recommend": null, "params": [{"paramCode": "operate", "paramName": "\u6307\u4ee4\u7f16\u7801", "ioType": "CONSTANT", "dataType": "string", "value": null, "defaultValue": "ObtainResult", "script": null, "required": 1, "advanced": null, "timeFlag": null, "elementDataType": null, "bindDataType": null, "bindDataTypeProperty": null, "property": null, "childParams": [], "constraintType": null, "constraintValue": "", "constraintValueEn": "", "unitTypeCode": null, "unitTypeName": null, "noteCn": null, "noteEn": null, "flatten": false, "selectorType": null, "selection": null}, {"paramCode": "sample_code", "paramName": "\u6837\u54c1\u7f16\u7801", "ioType": "INPUT", "dataType": "string", "value": null, "defaultValue": null, "script": null, "required": 1, "advanced": null, "timeFlag": null, "elementDataType": null, "bindDataType": null, "bindDataTypeProperty": null, "property": null, "childParams": [], "constraintType": null, "constraintValue": "", "constraintValueEn": "", "unitTypeCode": null, "unitTypeName": null, "noteCn": null, "noteEn": null, "flatten": false, "selectorType": null, "selection": null}, {"paramCode": "result", "paramName": "\u6d4b\u91cf\u7ed3\u679c", "ioType": "OUTPUT", "dataType": "string", "value": null, "defaultValue": null, "script": null, "required": 1, "advanced": null, "timeFlag": null, "elementDataType": null, "bindDataType": null, "bindDataTypeProperty": null, "property": null, "childParams": [], "constraintType": null, "constraintValue": "", "constraintValueEn": "", "unitTypeCode": null, "unitTypeName": null, "noteCn": null, "noteEn": null, "flatten": false, "selectorType": null, "selection": null}]}, {"id": 1897802271163409, "code": "StopSequence", "name": "\u7ed3\u675f\u5e8f\u5217", "noteCn": "\u7ed3\u675f\u5e8f\u5217", "noteEn": null, "translator": "default", "translatorArgs": {"url": "/tptn/operate", "method": "POST"}, "recommend": null, "params": [{"paramCode": "operate", "paramName": "\u6307\u4ee4\u7f16\u7801", "ioType": "CONSTANT", "dataType": "string", "value": null, "defaultValue": "StopSequence", "script": null, "required": 1, "advanced": null, "timeFlag": null, "elementDataType": null, "bindDataType": null, "bindDataTypeProperty": null, "property": null, "childParams": [], "constraintType": null, "constraintValue": "", "constraintValueEn": "", "unitTypeCode": null, "unitTypeName": null, "noteCn": null, "noteEn": null, "flatten": false, "selectorType": null, "selection": null}]}, {"id": 1897802271163410, "code": "EntrySampleList", "name": "\u5f55\u5165\u6837\u54c1\u4fe1\u606f", "noteCn": "\u5f55\u5165\u6837\u54c1\u4fe1\u606f", "noteEn": null, "translator": "default", "translatorArgs": {"url": "/tptn/operate", "method": "POST"}, "recommend": null, "params": [{"paramCode": "operate", "paramName": "\u64cd\u4f5c\u7f16\u7801", "ioType": "CONSTANT", "dataType": "string", "value": null, "defaultValue": "EntrySampleList", "script": null, "required": 1, "advanced": null, "timeFlag": null, "elementDataType": null, "bindDataType": null, "bindDataTypeProperty": null, "property": null, "childParams": [], "constraintType": null, "constraintValue": "", "constraintValueEn": "", "unitTypeCode": null, "unitTypeName": null, "noteCn": null, "noteEn": null, "flatten": false, "selectorType": null, "selection": null}, {"paramCode": "sample_info_list", "paramName": "\u6837\u54c1\u4fe1\u606f\u5217\u8868", "ioType": "INPUT", "dataType": "array", "value": null, "defaultValue": null, "script": null, "required": 1, "advanced": null, "timeFlag": null, "elementDataType": "object", "bindDataType": "", "bindDataTypeProperty": null, "property": null, "childParams": [{"paramCode": "sample_no", "paramName": "\u6837\u54c1\u7f16\u7801", "ioType": "INPUT", "dataType": "string", "value": null, "defaultValue": null, "script": null, "required": 1, "advanced": null, "timeFlag": null, "elementDataType": null, "bindDataType": null, "bindDataTypeProperty": null, "property": null, "childParams": null, "constraintType": null, "constraintValue": "", "constraintValueEn": "", "unitTypeCode": null, "unitTypeName": null, "noteCn": null, "noteEn": null, "flatten": false, "selectorType": null, "selection": null}, {"paramCode": "sample_type", "paramName": "\u6837\u54c1\u7c7b\u578b", "ioType": "INPUT", "dataType": "int", "value": null, "defaultValue": null, "script": null, "required": 1, "advanced": null, "timeFlag": null, "elementDataType": null, "bindDataType": null, "bindDataTypeProperty": null, "property": null, "childParams": null, "constraintType": "ENUM", "constraintValue": "[{\"label\":\"\u5168\u7a0b\u7a7a\u767d\u6837\",\"value\":1},{\"label\":\"\u6c34\u6837\",\"value\":2},{\"label\":\"\u5168\u7a0b\u5e73\u884c\u6837\",\"value\":3}]", "constraintValueEn": "", "unitTypeCode": null, "unitTypeName": null, "noteCn": null, "noteEn": null, "flatten": false, "selectorType": null, "selection": null}, {"paramCode": "assay_type", "paramName": "\u68c0\u9a8c\u7c7b\u578b", "ioType": "INPUT", "dataType": "int", "value": null, "defaultValue": "0", "script": null, "required": 1, "advanced": null, "timeFlag": null, "elementDataType": null, "bindDataType": null, "bindDataTypeProperty": null, "property": null, "childParams": null, "constraintType": "ENUM", "constraintValue": "[{\"label\":\"\u603b\u78f7\",\"value\":0},{\"label\":\"\u603b\u6c2e\",\"value\":1}]", "constraintValueEn": "", "unitTypeCode": null, "unitTypeName": null, "noteCn": null, "noteEn": null, "flatten": false, "selectorType": null, "selection": null}, {"paramCode": "is_flocculation", "paramName": "\u7d6e\u51dd\u6c89\u6dc0", "ioType": "INPUT", "dataType": "int", "value": null, "defaultValue": "0", "script": null, "required": 1, "advanced": null, "timeFlag": null, "elementDataType": null, "bindDataType": null, "bindDataTypeProperty": null, "property": null, "childParams": null, "constraintType": "ENUM", "constraintValue": "[{\"label\":\"\u662f\",\"value\":1},{\"label\":\"\u5426\",\"value\":0}]", "constraintValueEn": "", "unitTypeCode": null, "unitTypeName": null, "noteCn": null, "noteEn": null, "flatten": false, "selectorType": null, "selection": null}, {"paramCode": "is_self_reference", "paramName": "\u81ea\u53c2\u6bd4", "ioType": "INPUT", "dataType": "int", "value": null, "defaultValue": "0", "script": null, "required": 1, "advanced": null, "timeFlag": null, "elementDataType": null, "bindDataType": null, "bindDataTypeProperty": null, "property": null, "childParams": null, "constraintType": "ENUM", "constraintValue": "[{\"label\":\"\u662f\",\"value\":1},{\"label\":\"\u5426\",\"value\":0}]", "constraintValueEn": "", "unitTypeCode": null, "unitTypeName": null, "noteCn": null, "noteEn": null, "flatten": false, "selectorType": null, "selection": null}, {"paramCode": "is_filtered", "paramName": "\u8fc7\u6ee4", "ioType": "INPUT", "dataType": "int", "value": null, "defaultValue": "0", "script": null, "required": 1, "advanced": null, "timeFlag": null, "elementDataType": null, "bindDataType": null, "bindDataTypeProperty": null, "property": null, "childParams": null, "constraintType": "ENUM", "constraintValue": "[{\"label\":\"\u662f\",\"value\":1},{\"label\":\"\u5426\",\"value\":0}]", "constraintValueEn": "", "unitTypeCode": null, "unitTypeName": null, "noteCn": null, "noteEn": null, "flatten": false, "selectorType": null, "selection": null}, {"paramCode": "dilution_factor", "paramName": "\u7a00\u91ca\u500d\u6570", "ioType": "INPUT", "dataType": "float", "value": null, "defaultValue": "1.0", "script": null, "required": 1, "advanced": null, "timeFlag": null, "elementDataType": null, "bindDataType": null, "bindDataTypeProperty": null, "property": null, "childParams": null, "constraintType": null, "constraintValue": "", "constraintValueEn": "", "unitTypeCode": null, "unitTypeName": "", "noteCn": null, "noteEn": null, "flatten": false, "selectorType": null, "selection": null}, {"paramCode": "actual_volume", "paramName": "\u6837\u54c1\u91cf", "ioType": "INPUT", "dataType": "float", "value": null, "defaultValue": "", "script": null, "required": 0, "advanced": null, "timeFlag": null, "elementDataType": null, "bindDataType": null, "bindDataTypeProperty": null, "property": null, "childParams": null, "constraintType": null, "constraintValue": "", "constraintValueEn": "", "unitTypeCode": "ml", "unitTypeName": "\u6beb\u5347", "noteCn": null, "noteEn": null, "flatten": false, "selectorType": null, "selection": null}, {"paramCode": "slot_num", "paramName": "\u5b54\u4f4d", "ioType": "INPUT", "dataType": "int", "value": null, "defaultValue": "", "script": null, "required": 0, "advanced": null, "timeFlag": null, "elementDataType": null, "bindDataType": null, "bindDataTypeProperty": null, "property": null, "childParams": null, "constraintType": "RANGE", "constraintValue": "(0,49]", "constraintValueEn": "", "unitTypeCode": null, "unitTypeName": "", "noteCn": null, "noteEn": null, "flatten": false, "selectorType": null, "selection": null}], "constraintType": null, "constraintValue": "", "constraintValueEn": "", "unitTypeCode": null, "unitTypeName": null, "noteCn": null, "noteEn": null, "flatten": false, "selectorType": null, "selection": null}]}, {"id": 1897802271163411, "code": "SendSampleList", "name": "\u4e0b\u53d1\u6240\u6709\u6837\u54c1", "noteCn": "\u4e0b\u53d1\u6240\u6709\u6837\u54c1", "noteEn": null, "translator": "default", "translatorArgs": {"url": "/tptn/operate", "method": "POST"}, "recommend": null, "params": [{"paramCode": "operate", "paramName": "\u6307\u4ee4\u7f16\u7801", "ioType": "CONSTANT", "dataType": "string", "value": null, "defaultValue": "SendSampleList", "script": null, "required": 1, "advanced": null, "timeFlag": null, "elementDataType": null, "bindDataType": null, "bindDataTypeProperty": null, "property": null, "childParams": [], "constraintType": null, "constraintValue": "", "constraintValueEn": "", "unitTypeCode": null, "unitTypeName": null, "noteCn": null, "noteEn": null, "flatten": false, "selectorType": null, "selection": null}]}, {"id": 1897802271163412, "code": "wait_device_ready", "name": "\u7b49\u5f85\u5c31\u7eea", "noteCn": "\u7b49\u5f85\u5c31\u7eea", "noteEn": null, "translator": "default", "translatorArgs": {"url": "/wait_device_ready", "method": "POST"}, "recommend": null, "params": null}, {"id": 1897802271163413, "code": "ObtainResultList", "name": "\u83b7\u53d6\u68c0\u6d4b\u7ed3\u679c\uff08\u591a\u4e2a\uff09", "noteCn": "\u83b7\u53d6\u68c0\u6d4b\u7ed3\u679c\uff08\u591a\u4e2a\uff09", "noteEn": "", "translator": "default", "translatorArgs": {"url": "/tptn/operate", "method": "POST"}, "recommend": null, "params": [{"paramCode": "operate", "paramName": "\u83b7\u53d6\u68c0\u6d4b\u7ed3\u679c\uff08\u591a\u4e2a\uff09", "ioType": "CONSTANT", "dataType": "string", "value": null, "defaultValue": "ObtainResultList", "script": null, "required": 1, "advanced": null, "timeFlag": null, "elementDataType": null, "bindDataType": null, "bindDataTypeProperty": null, "property": null, "childParams": [], "constraintType": null, "constraintValue": "", "constraintValueEn": "", "unitTypeCode": null, "unitTypeName": null, "noteCn": null, "noteEn": null, "flatten": false, "selectorType": null, "selection": null}]}, {"id": 1897802271163414, "code": "wait_loop", "name": "\u5bb9\u5668\u5206\u914d", "noteCn": "\u5bb9\u5668\u5206\u914d", "noteEn": "", "translator": "default", "translatorArgs": {"url": "/tptn/wait_loop", "method": "POST"}, "recommend": null, "params": [{"paramCode": "operate", "paramName": "\u83b7\u53d6\u68c0\u6d4b\u7ed3\u679c\uff08\u591a\u4e2a\uff09", "ioType": "CONSTANT", "dataType": "string", "value": null, "defaultValue": "ObtainResultList", "script": null, "required": 1, "advanced": null, "timeFlag": null, "elementDataType": null, "bindDataType": null, "bindDataTypeProperty": null, "property": null, "childParams": [], "constraintType": null, "constraintValue": "", "constraintValueEn": "", "unitTypeCode": null, "unitTypeName": null, "noteCn": null, "noteEn": null, "flatten": false, "selectorType": null, "selection": null}]}], "allocates": [], "commands": [], "containerSettings": [{"typeId": 1413305388729344, "typeCode": "slot_50ml_position", "typeName": "\u6c34\u8d2850ml\u69fd\u4f4d", "containerType": "slot", "allCount": 49, "children": []}], "variables": [], "resultSetting": {"url": "/water/tptnAnalyzer/result", "type": "table", "preview": true}, "ignoreMaterial": true, "defaultVersion": true, "updatedActions": null}