{"id": 1407200122307584, "version": "1.0", "code": "cod", "name": "COD\u5206\u6790\u4eea", "noteCn": "\u5316\u5b66\u9700\u6c27\u91cf\u6d4b\u5b9a\u4eea\u4e3b\u8981\u7528\u4e8e\u6d4b\u5b9a\u6c34\u6837\u4e2d\u6709\u673a\u7269\u7b49\u8fd8\u539f\u6027\u7269\u8d28\u7684\u542b\u91cf\u3002\u5176\u539f\u7406\u662f\u5728\u5f3a\u9178\u6027\u6761\u4ef6\u4e0b\uff0c\u7528\u4e00\u5b9a\u91cf\u7684\u91cd\u94ec\u9178\u94be\u6c27\u5316\u6c34\u6837\u4e2d\u7684\u8fd8\u539f\u6027\u7269\u8d28\uff0c\u901a\u8fc7\u6d4b\u91cf\u6c27\u5316\u5242\u7684\u6d88\u8017\u91cf\u6765\u8ba1\u7b97\u5316\u5b66\u9700\u6c27\u91cf\uff08COD\uff09\u7684\u503c\u3002COD \u662f\u8861\u91cf\u6c34\u4f53\u53d7\u6709\u673a\u7269\u6c61\u67d3\u7a0b\u5ea6\u7684\u91cd\u8981\u6307\u6807\u4e4b\u4e00\u3002\u5728\u73af\u5883\u76d1\u6d4b\u4e2d\uff0c\u901a\u8fc7 COD \u6d4b\u5b9a\u4eea\u53ef\u4ee5\u5feb\u901f\u3001\u51c6\u786e\u5730\u68c0\u6d4b\u5730\u8868\u6c34\u3001\u5de5\u4e1a\u5e9f\u6c34\u7b49\u7684\u6c61\u67d3\u72b6\u51b5\uff0c\u4e3a\u6c34\u8d28\u8bc4\u4ef7\u548c\u6c61\u67d3\u6cbb\u7406\u63d0\u4f9b\u4f9d\u636e\u3002", "noteEn": "", "createTime": "2025-05-19 10:58:59", "updateTime": "2025-11-07 19:42:38", "paramUrl": "", "modelCode": null, "modelName": null, "modelImages": null, "definer": 0, "equipManufacturerCode": "AAW", "equipManufacturerName": "\u5b89\u5fbd\u99a8\u7ef4\u514b\u4eea\u5668\u8bbe\u5907\u6709\u9650\u516c\u53f8", "actions": [{"id": 1897802271294492, "code": "start_cod", "name": "\u542f\u52a8COD", "noteCn": "\u542f\u52a8COD", "noteEn": "start_cod", "translator": "default", "translatorArgs": {"url": "/cod/operate", "method": "POST"}, "recommend": null, "params": [{"paramCode": "operate", "paramName": "\u6307\u4ee4\u7f16\u7801", "ioType": "CONSTANT", "dataType": "string", "value": null, "defaultValue": "start_cod", "script": null, "required": 1, "advanced": null, "timeFlag": null, "elementDataType": null, "bindDataType": null, "bindDataTypeProperty": null, "property": null, "childParams": [], "constraintType": null, "constraintValue": "", "constraintValueEn": "", "unitTypeCode": null, "unitTypeName": null, "noteCn": null, "noteEn": null, "flatten": false, "selectorType": null, "selection": null}]}, {"id": 1897802271294493, "code": "stop_cod", "name": "\u505c\u6b62COD", "noteCn": "\u505c\u6b62COD", "noteEn": "stop_cod", "translator": "default", "translatorArgs": {"url": "/cod/operate", "method": "POST"}, "recommend": null, "params": [{"paramCode": "stop_cod", "paramName": "\u64cd\u4f5c\u7f16\u7801", "ioType": "CONSTANT", "dataType": "string", "value": null, "defaultValue": "stop_cod", "script": null, "required": 1, "advanced": null, "timeFlag": null, "elementDataType": null, "bindDataType": null, "bindDataTypeProperty": null, "property": null, "childParams": [], "constraintType": null, "constraintValue": "", "constraintValueEn": "", "unitTypeCode": null, "unitTypeName": null, "noteCn": null, "noteEn": null, "flatten": false, "selectorType": null, "selection": null}]}, {"id": 1897802271294494, "code": "sample_issuse", "name": "\u6837\u54c1\u4e0b\u53d1", "noteCn": "\u6837\u54c1\u4e0b\u53d1", "noteEn": "sample_issuse", "translator": "default", "translatorArgs": {"url": "/cod/operate", "method": "POST"}, "recommend": null, "params": [{"paramCode": "action_type", "paramName": "1\uff1a\u589e\u52a0\u6837\u54c1 2\uff1a\u5220\u9664\u6837\u54c1", "ioType": "INPUT", "dataType": "int", "value": null, "defaultValue": null, "script": null, "required": 1, "advanced": null, "timeFlag": null, "elementDataType": "", "bindDataType": "", "bindDataTypeProperty": null, "property": null, "childParams": [], "constraintType": null, "constraintValue": "", "constraintValueEn": "", "unitTypeCode": null, "unitTypeName": null, "noteCn": null, "noteEn": null, "flatten": false, "selectorType": null, "selection": null}, {"paramCode": "hole_num", "paramName": "\u5b54\u4f4d\uff1a\u53d6\u503c\u8303\u56f41-60\uff08\u5b54\u4f4d\u4e0d\u53ef\u91cd\u590d\uff09", "ioType": "INPUT", "dataType": "int", "value": null, "defaultValue": "", "script": null, "required": 1, "advanced": null, "timeFlag": null, "elementDataType": "", "bindDataType": "", "bindDataTypeProperty": null, "property": null, "childParams": [], "constraintType": null, "constraintValue": "", "constraintValueEn": "", "unitTypeCode": null, "unitTypeName": null, "noteCn": "", "noteEn": null, "flatten": false, "selectorType": null, "selection": null}, {"paramCode": "sample_no", "paramName": "\u6837\u54c1\u7f16\u53f7\uff0c\u552f\u4e00\u6807\u8bc6\u4e0d\u53ef\u91cd\u590d", "ioType": "INPUT", "dataType": "string", "value": null, "defaultValue": null, "script": null, "required": 1, "advanced": null, "timeFlag": null, "elementDataType": null, "bindDataType": null, "bindDataTypeProperty": null, "property": null, "childParams": [], "constraintType": null, "constraintValue": "", "constraintValueEn": "", "unitTypeCode": null, "unitTypeName": null, "noteCn": null, "noteEn": null, "flatten": false, "selectorType": null, "selection": null}, {"paramCode": "sample_name", "paramName": "\u6837\u54c1\u540d\u79f0", "ioType": "INPUT", "dataType": "string", "value": null, "defaultValue": null, "script": null, "required": 1, "advanced": null, "timeFlag": null, "elementDataType": null, "bindDataType": null, "bindDataTypeProperty": null, "property": null, "childParams": [], "constraintType": null, "constraintValue": "", "constraintValueEn": "", "unitTypeCode": null, "unitTypeName": null, "noteCn": null, "noteEn": null, "flatten": false, "selectorType": null, "selection": null}, {"paramCode": "sample_type", "paramName": "\u6837\u54c1\u7c7b\u578b 1\uff1a\u672a\u77e5\u6837 2\uff1a\u6c34\u6837 3\uff1a\u6807\u6837 4\uff1a\u7a7a\u767d\u6837 5\uff1a\u8d28\u63a7\u6837 6\uff1a\u5e73\u884c\u6837 7\uff1a\u52a0\u6807\u56de\u6536\u6837 8\uff1a\u6821\u51c6\u70b9\u6838\u67e5\u6837", "ioType": "INPUT", "dataType": "int", "value": null, "defaultValue": null, "script": null, "required": 1, "advanced": null, "timeFlag": null, "elementDataType": "", "bindDataType": "", "bindDataTypeProperty": null, "property": null, "childParams": [], "constraintType": null, "constraintValue": "", "constraintValueEn": "", "unitTypeCode": null, "unitTypeName": null, "noteCn": null, "noteEn": null, "flatten": false, "selectorType": null, "selection": null}, {"paramCode": "method_id", "paramName": "\u65b9\u6cd5\u7f16\u7801 1 : 15min\u6d88\u89e3-\u8d85\u4f4e\u91cf\u7a0b 2 : 15min\u6d88\u89e3-\u4f4e\u91cf\u7a0b  3 : 15min\u6d88\u89e3-\u9ad8\u91cf\u7a0b", "ioType": "INPUT", "dataType": "int", "value": null, "defaultValue": null, "script": null, "required": 1, "advanced": null, "timeFlag": null, "elementDataType": "", "bindDataType": "", "bindDataTypeProperty": null, "property": null, "childParams": [], "constraintType": null, "constraintValue": "", "constraintValueEn": "", "unitTypeCode": null, "unitTypeName": null, "noteCn": null, "noteEn": null, "flatten": false, "selectorType": null, "selection": null}, {"paramCode": "operate", "paramName": "\u64cd\u4f5c\u7c7b\u578b", "ioType": "CONSTANT", "dataType": "string", "value": null, "defaultValue": "sample_issuse", "script": null, "required": 1, "advanced": null, "timeFlag": null, "elementDataType": null, "bindDataType": null, "bindDataTypeProperty": null, "property": null, "childParams": [], "constraintType": null, "constraintValue": "", "constraintValueEn": "", "unitTypeCode": null, "unitTypeName": null, "noteCn": null, "noteEn": null, "flatten": false, "selectorType": null, "selection": null}]}, {"id": 1897802271294495, "code": "obtain_result", "name": "\u83b7\u53d6\u6837\u54c1\u7ed3\u679c", "noteCn": "\u83b7\u53d6\u6837\u54c1\u7ed3\u679c", "noteEn": "obtain_result", "translator": "default", "translatorArgs": {"url": "/cod/operate", "method": "POST"}, "recommend": null, "params": [{"paramCode": "operate", "paramName": "\u64cd\u4f5c\u7f16\u7801", "ioType": "CONSTANT", "dataType": "string", "value": null, "defaultValue": "obtain_result", "script": null, "required": 1, "advanced": null, "timeFlag": null, "elementDataType": null, "bindDataType": null, "bindDataTypeProperty": null, "property": null, "childParams": [], "constraintType": null, "constraintValue": "", "constraintValueEn": "", "unitTypeCode": null, "unitTypeName": null, "noteCn": null, "noteEn": null, "flatten": false, "selectorType": null, "selection": null}, {"paramCode": "result", "paramName": "\u6d4b\u91cf\u7ed3\u679c", "ioType": "OUTPUT", "dataType": "file", "value": null, "defaultValue": null, "script": null, "required": 1, "advanced": null, "timeFlag": null, "elementDataType": "", "bindDataType": "", "bindDataTypeProperty": null, "property": null, "childParams": [{"paramCode": "HoleNum", "paramName": "\u5b54\u4f4d", "ioType": "OUTPUT", "dataType": "int", "value": null, "defaultValue": null, "script": null, "required": 1, "advanced": null, "timeFlag": null, "elementDataType": null, "bindDataType": null, "bindDataTypeProperty": null, "property": null, "childParams": null, "constraintType": null, "constraintValue": "", "constraintValueEn": "", "unitTypeCode": null, "unitTypeName": null, "noteCn": null, "noteEn": null, "flatten": false, "selectorType": null, "selection": null}, {"paramCode": "SampleNo", "paramName": "\u6837\u54c1\u7f16\u7801", "ioType": "OUTPUT", "dataType": "string", "value": null, "defaultValue": null, "script": null, "required": 1, "advanced": null, "timeFlag": null, "elementDataType": null, "bindDataType": null, "bindDataTypeProperty": null, "property": null, "childParams": null, "constraintType": null, "constraintValue": "", "constraintValueEn": "", "unitTypeCode": null, "unitTypeName": null, "noteCn": null, "noteEn": null, "flatten": false, "selectorType": null, "selection": null}, {"paramCode": "Concentration", "paramName": "\u6d53\u5ea6", "ioType": "OUTPUT", "dataType": "string", "value": null, "defaultValue": null, "script": null, "required": 1, "advanced": null, "timeFlag": null, "elementDataType": null, "bindDataType": null, "bindDataTypeProperty": null, "property": null, "childParams": null, "constraintType": null, "constraintValue": "", "constraintValueEn": "", "unitTypeCode": null, "unitTypeName": null, "noteCn": null, "noteEn": null, "flatten": false, "selectorType": null, "selection": null}, {"paramCode": "ResultUnit", "paramName": "\u6d53\u5ea6\u5355\u4f4d", "ioType": "OUTPUT", "dataType": "string", "value": null, "defaultValue": null, "script": null, "required": 1, "advanced": null, "timeFlag": null, "elementDataType": null, "bindDataType": null, "bindDataTypeProperty": null, "property": null, "childParams": null, "constraintType": null, "constraintValue": "", "constraintValueEn": "", "unitTypeCode": null, "unitTypeName": null, "noteCn": null, "noteEn": null, "flatten": false, "selectorType": null, "selection": null}, {"paramCode": "TestStartTime", "paramName": "\u5206\u6790\u5f00\u59cb\u65f6\u95f4", "ioType": "OUTPUT", "dataType": "string", "value": null, "defaultValue": null, "script": null, "required": 1, "advanced": null, "timeFlag": null, "elementDataType": null, "bindDataType": null, "bindDataTypeProperty": null, "property": null, "childParams": null, "constraintType": null, "constraintValue": "", "constraintValueEn": "", "unitTypeCode": null, "unitTypeName": null, "noteCn": null, "noteEn": null, "flatten": false, "selectorType": null, "selection": null}, {"paramCode": "TestEndTime", "paramName": "\u5206\u6790\u7ed3\u675f\u65f6\u95f4", "ioType": "OUTPUT", "dataType": "string", "value": null, "defaultValue": null, "script": null, "required": 1, "advanced": null, "timeFlag": null, "elementDataType": null, "bindDataType": null, "bindDataTypeProperty": null, "property": null, "childParams": null, "constraintType": null, "constraintValue": "", "constraintValueEn": "", "unitTypeCode": null, "unitTypeName": null, "noteCn": null, "noteEn": null, "flatten": false, "selectorType": null, "selection": null}, {"paramCode": "Equation", "paramName": "\u56de\u5f52\u65b9\u7a0b", "ioType": "OUTPUT", "dataType": "string", "value": null, "defaultValue": null, "script": null, "required": 1, "advanced": null, "timeFlag": null, "elementDataType": null, "bindDataType": null, "bindDataTypeProperty": null, "property": null, "childParams": null, "constraintType": null, "constraintValue": "", "constraintValueEn": "", "unitTypeCode": null, "unitTypeName": null, "noteCn": null, "noteEn": null, "flatten": false, "selectorType": null, "selection": null}, {"paramCode": "DrawTime", "paramName": "\u6807\u66f2\u7ed8\u5236\u65e5\u671f", "ioType": "OUTPUT", "dataType": "string", "value": null, "defaultValue": null, "script": null, "required": 1, "advanced": null, "timeFlag": null, "elementDataType": null, "bindDataType": null, "bindDataTypeProperty": null, "property": null, "childParams": null, "constraintType": null, "constraintValue": "", "constraintValueEn": "", "unitTypeCode": null, "unitTypeName": null, "noteCn": null, "noteEn": null, "flatten": false, "selectorType": null, "selection": null}, {"paramCode": "Slope", "paramName": "\u659c\u7387", "ioType": "OUTPUT", "dataType": "string", "value": null, "defaultValue": null, "script": null, "required": 1, "advanced": null, "timeFlag": null, "elementDataType": null, "bindDataType": null, "bindDataTypeProperty": null, "property": null, "childParams": null, "constraintType": null, "constraintValue": "", "constraintValueEn": "", "unitTypeCode": null, "unitTypeName": null, "noteCn": null, "noteEn": null, "flatten": false, "selectorType": null, "selection": null}, {"paramCode": "Intercept", "paramName": "\u622a\u8ddd", "ioType": "OUTPUT", "dataType": "string", "value": null, "defaultValue": null, "script": null, "required": 1, "advanced": null, "timeFlag": null, "elementDataType": null, "bindDataType": null, "bindDataTypeProperty": null, "property": null, "childParams": null, "constraintType": null, "constraintValue": "", "constraintValueEn": "", "unitTypeCode": null, "unitTypeName": null, "noteCn": null, "noteEn": null, "flatten": false, "selectorType": null, "selection": null}, {"paramCode": "r", "paramName": "\u76f8\u5173\u7cfb\u6570", "ioType": "OUTPUT", "dataType": "string", "value": null, "defaultValue": null, "script": null, "required": 1, "advanced": null, "timeFlag": null, "elementDataType": null, "bindDataType": null, "bindDataTypeProperty": null, "property": null, "childParams": null, "constraintType": null, "constraintValue": "", "constraintValueEn": "", "unitTypeCode": null, "unitTypeName": null, "noteCn": null, "noteEn": null, "flatten": false, "selectorType": null, "selection": null}, {"paramCode": "ElementName", "paramName": "\u56e0\u5b50\u540d\u79f0", "ioType": "OUTPUT", "dataType": "string", "value": null, "defaultValue": null, "script": null, "required": 1, "advanced": null, "timeFlag": null, "elementDataType": null, "bindDataType": null, "bindDataTypeProperty": null, "property": null, "childParams": null, "constraintType": null, "constraintValue": "", "constraintValueEn": "", "unitTypeCode": null, "unitTypeName": null, "noteCn": null, "noteEn": null, "flatten": false, "selectorType": null, "selection": null}], "constraintType": null, "constraintValue": "", "constraintValueEn": "", "unitTypeCode": null, "unitTypeName": null, "noteCn": null, "noteEn": null, "flatten": false, "selectorType": null, "selection": null}]}, {"id": 1897802271294496, "code": "clear_sample_list", "name": "\u6e05\u7a7a\u6837\u54c1\u5217\u8868", "noteCn": "\u6e05\u7a7a\u6837\u54c1\u5217\u8868", "noteEn": "clear_sample_list", "translator": "default", "translatorArgs": {"url": "/cod/operate", "method": "POST"}, "recommend": null, "params": [{"paramCode": "operate", "paramName": "\u64cd\u4f5c\u7f16\u7801", "ioType": "CONSTANT", "dataType": "string", "value": null, "defaultValue": "clear_sample_list", "script": null, "required": 1, "advanced": null, "timeFlag": null, "elementDataType": null, "bindDataType": null, "bindDataTypeProperty": null, "property": null, "childParams": [], "constraintType": null, "constraintValue": "", "constraintValueEn": "", "unitTypeCode": null, "unitTypeName": null, "noteCn": null, "noteEn": null, "flatten": false, "selectorType": null, "selection": null}]}, {"id": 1897802271327232, "code": "enter_sample_info", "name": "\u5f55\u5165\u6837\u54c1\u4fe1\u606f", "noteCn": "\u5f55\u5165\u6837\u54c1\u4fe1\u606f", "noteEn": "enter_sample_info", "translator": "default", "translatorArgs": {"url": "/cod/operate", "method": "POST"}, "recommend": null, "params": [{"paramCode": "operate", "paramName": "\u6307\u4ee4\u7f16\u7801", "ioType": "CONSTANT", "dataType": "string", "value": null, "defaultValue": "enter_sample_info", "script": null, "required": 1, "advanced": null, "timeFlag": null, "elementDataType": null, "bindDataType": null, "bindDataTypeProperty": null, "property": null, "childParams": [], "constraintType": null, "constraintValue": "", "constraintValueEn": "", "unitTypeCode": null, "unitTypeName": null, "noteCn": null, "noteEn": null, "flatten": false, "selectorType": null, "selection": null}, {"paramCode": "sample_info_list", "paramName": "\u6837\u54c1\u4fe1\u606f\u5217\u8868", "ioType": "INPUT", "dataType": "array", "value": null, "defaultValue": null, "script": null, "required": 1, "advanced": null, "timeFlag": null, "elementDataType": "object", "bindDataType": "", "bindDataTypeProperty": null, "property": null, "childParams": [{"paramCode": "sample_no", "paramName": "\u6837\u54c1\u7f16\u7801", "ioType": "INPUT", "dataType": "string", "value": null, "defaultValue": null, "script": null, "required": 1, "advanced": null, "timeFlag": null, "elementDataType": null, "bindDataType": null, "bindDataTypeProperty": null, "property": null, "childParams": null, "constraintType": null, "constraintValue": "", "constraintValueEn": "", "unitTypeCode": null, "unitTypeName": null, "noteCn": null, "noteEn": null, "flatten": false, "selectorType": null, "selection": null}, {"paramCode": "sample_name", "paramName": "\u6837\u54c1\u540d\u79f0", "ioType": "INPUT", "dataType": "string", "value": null, "defaultValue": null, "script": null, "required": 1, "advanced": null, "timeFlag": null, "elementDataType": null, "bindDataType": null, "bindDataTypeProperty": null, "property": null, "childParams": null, "constraintType": null, "constraintValue": "", "constraintValueEn": "", "unitTypeCode": null, "unitTypeName": null, "noteCn": null, "noteEn": null, "flatten": false, "selectorType": null, "selection": null}, {"paramCode": "sample_type", "paramName": "\u6837\u54c1\u7c7b\u578b", "ioType": "INPUT", "dataType": "int", "value": null, "defaultValue": null, "script": null, "required": 1, "advanced": null, "timeFlag": null, "elementDataType": null, "bindDataType": null, "bindDataTypeProperty": null, "property": null, "childParams": null, "constraintType": "ENUM", "constraintValue": "[{\"label\":\"\u672a\u77e5\u6837\",\"value\":1},{\"label\":\"\u6c34\u6837\",\"value\":2},{\"label\":\"\u6807\u6837\",\"value\":3},{\"label\":\"\u7a7a\u767d\u6837\",\"value\":4},{\"label\":\"\u8d28\u63a7\u6837\",\"value\":5},{\"label\":\"\u5e73\u884c\u6837\",\"value\":6},{\"label\":\"\u52a0\u6807\u56de\u6536\u6837\",\"value\":7},{\"label\":\"\u6821\u51c6\u70b9\u6838\u67e5\u6837\",\"value\":8}]", "constraintValueEn": "", "unitTypeCode": null, "unitTypeName": null, "noteCn": null, "noteEn": null, "flatten": false, "selectorType": null, "selection": null}, {"paramCode": "method_id", "paramName": "\u6d4b\u91cf\u65b9\u6cd5\u7c7b\u578b", "ioType": "INPUT", "dataType": "int", "value": null, "defaultValue": null, "script": null, "required": 1, "advanced": null, "timeFlag": null, "elementDataType": null, "bindDataType": null, "bindDataTypeProperty": null, "property": null, "childParams": null, "constraintType": "ENUM", "constraintValue": "[{\"label\":\"15min\u6d88\u89e3-\u8d85\u4f4e\u91cf\u7a0b\",\"value\":1},{\"label\":\"15min\u6d88\u89e3-\u4f4e\u91cf\u7a0b\",\"value\":2},{\"label\":\"15min\u6d88\u89e3-\u9ad8\u91cf\u7a0b\",\"value\":3}]", "constraintValueEn": "", "unitTypeCode": null, "unitTypeName": null, "noteCn": null, "noteEn": null, "flatten": false, "selectorType": null, "selection": null}, {"paramCode": "slot_num", "paramName": "\u5b54\u4f4d", "ioType": "INPUT", "dataType": "int", "value": null, "defaultValue": null, "script": null, "required": 0, "advanced": null, "timeFlag": null, "elementDataType": null, "bindDataType": null, "bindDataTypeProperty": null, "property": null, "childParams": null, "constraintType": "RANGE", "constraintValue": "(0,66]", "constraintValueEn": "", "unitTypeCode": null, "unitTypeName": null, "noteCn": null, "noteEn": null, "flatten": false, "selectorType": null, "selection": null}], "constraintType": null, "constraintValue": "", "constraintValueEn": "", "unitTypeCode": null, "unitTypeName": null, "noteCn": null, "noteEn": null, "flatten": false, "selectorType": null, "selection": null}]}, {"id": 1897802271327233, "code": "wait_device_ready", "name": "\u7b49\u5f85\u5c31\u7eea", "noteCn": "\u7b49\u5f85\u5c31\u7eea", "noteEn": "wait_device_ready", "translator": "default", "translatorArgs": {"url": "/wait_device_ready", "method": "POST"}, "recommend": null, "params": null}, {"id": 1897802271327234, "code": "send_sample_list", "name": "\u6279\u91cf\u4e0b\u53d1\u6837\u54c1", "noteCn": "\u6279\u91cf\u4e0b\u53d1\u6837\u54c1", "noteEn": "send_sample_list", "translator": "default", "translatorArgs": {"url": "/cod/operate", "method": "POST"}, "recommend": null, "params": [{"paramCode": "operate", "paramName": "\u6279\u91cf\u4e0b\u53d1\u6837\u54c1", "ioType": "CONSTANT", "dataType": "string", "value": null, "defaultValue": "send_sample_list", "script": null, "required": 1, "advanced": null, "timeFlag": null, "elementDataType": null, "bindDataType": null, "bindDataTypeProperty": null, "property": null, "childParams": [], "constraintType": null, "constraintValue": "", "constraintValueEn": "", "unitTypeCode": null, "unitTypeName": null, "noteCn": null, "noteEn": null, "flatten": false, "selectorType": null, "selection": null}]}, {"id": 1897802271327235, "code": "wait_loop", "name": "\u5bb9\u5668\u5206\u914d", "noteCn": "", "noteEn": "", "translator": "default", "translatorArgs": {"url": "/cod/wait_loop", "method": "POST"}, "recommend": null, "params": [{"paramCode": "operate", "paramName": "\u6279\u91cf\u4e0b\u53d1\u6837\u54c1", "ioType": "CONSTANT", "dataType": "string", "value": null, "defaultValue": "send_sample_list", "script": null, "required": 1, "advanced": null, "timeFlag": null, "elementDataType": null, "bindDataType": null, "bindDataTypeProperty": null, "property": null, "childParams": [], "constraintType": null, "constraintValue": "", "constraintValueEn": "", "unitTypeCode": null, "unitTypeName": null, "noteCn": null, "noteEn": null, "flatten": false, "selectorType": null, "selection": null}]}], "allocates": [], "commands": [], "containerSettings": [{"typeId": 1413305388729344, "typeCode": "slot_50ml_position", "typeName": "\u6c34\u8d2850ml\u69fd\u4f4d", "containerType": "slot", "allCount": 66, "children": []}], "variables": [], "resultSetting": {"url": "/water/codAnalyzer/result", "type": "table", "preview": true}, "ignoreMaterial": true, "defaultVersion": true, "updatedActions": null}