{"id": 1407199338169344, "version": "gxq_1.0", "code": "icpms_workstation", "name": "\u7b49\u79bb\u5b50\u4f53\u8d28\u8c31\u4eea", "noteCn": "\u7535\u611f\u8026\u5408\u7b49\u79bb\u5b50\u4f53\u8d28\u8c31\u4eea\u662f\u4e00\u79cd\u7528\u4e8e\u5143\u7d20\u5206\u6790\u7684\u9ad8\u7075\u654f\u5ea6\u4eea\u5668\u3002\u5b83\u5c06\u6837\u54c1\u5f15\u5165\u9ad8\u6e29\u7b49\u79bb\u5b50\u4f53\u4e2d\uff0c\u4f7f\u6837\u54c1\u4e2d\u7684\u5143\u7d20\u539f\u5b50\u5316\u5e76\u79bb\u5b50\u5316\uff0c\u7136\u540e\u901a\u8fc7\u8d28\u8c31\u4eea\u5bf9\u79bb\u5b50\u8fdb\u884c\u5206\u79bb\u548c\u68c0\u6d4b\u3002\u8be5\u4eea\u5668\u80fd\u591f\u540c\u65f6\u68c0\u6d4b\u591a\u79cd\u5143\u7d20\uff0c\u5e76\u4e14\u5177\u6709\u6781\u4f4e\u7684\u68c0\u6d4b\u9650\uff0c\u53ef\u68c0\u6d4b\u5230\u75d5\u91cf\u751a\u81f3\u8d85\u75d5\u91cf\u7684\u5143\u7d20\u3002\u5728\u73af\u5883\u76d1\u6d4b\u3001\u5730\u8d28\u5206\u6790\u3001\u751f\u7269\u533b\u5b66\u7b49\u9886\u57df\u5e7f\u6cdb\u5e94\u7528\u3002\u4f8b\u5982\u5728\u73af\u5883\u6837\u54c1\u4e2d\uff0c\u53ef\u4ee5\u68c0\u6d4b\u91cd\u91d1\u5c5e\u5143\u7d20\u7684\u542b\u91cf\uff1b\u5728\u751f\u7269\u533b\u5b66\u7814\u7a76\u4e2d\uff0c\u53ef\u7528\u4e8e\u5fae\u91cf\u5143\u7d20\u7684\u4ee3\u8c22\u7814\u7a76\u7b49\u3002", "noteEn": "", "createTime": "2025-05-19 10:58:35", "updateTime": "2025-11-07 19:42:38", "paramUrl": "", "modelCode": null, "modelName": null, "modelImages": null, "definer": 0, "equipManufacturerCode": "ABD", "equipManufacturerName": "\u5408\u80a5\u5143\u6b63\u8d28\u91cf\u6280\u672f\u670d\u52a1\u6709\u9650\u516c\u53f8", "actions": [{"id": 1897802271097858, "code": "ignite", "name": "\u70b9\u706b", "noteCn": "\u70b9\u706b", "noteEn": null, "translator": "default", "translatorArgs": {"url": "/icpms/operate", "method": "POST"}, "recommend": null, "params": [{"paramCode": "operate", "paramName": "ignite", "ioType": "CONSTANT", "dataType": "string", "value": null, "defaultValue": "ignite", "script": null, "required": 1, "advanced": null, "timeFlag": null, "elementDataType": null, "bindDataType": null, "bindDataTypeProperty": null, "property": null, "childParams": [], "constraintType": null, "constraintValue": "", "constraintValueEn": "", "unitTypeCode": null, "unitTypeName": null, "noteCn": null, "noteEn": null, "flatten": false, "selectorType": null, "selection": null}]}, {"id": 1897802271097859, "code": "analysisStart", "name": "\u5206\u6790\u542f\u52a8", "noteCn": "\u5206\u6790\u542f\u52a8", "noteEn": "", "translator": "default", "translatorArgs": {"url": "/icpms/operate", "method": "POST"}, "recommend": null, "params": [{"paramCode": "operate", "paramName": "\u6307\u4ee4\u7f16\u7801", "ioType": "CONSTANT", "dataType": "string", "value": null, "defaultValue": "anaysisStart", "script": null, "required": 1, "advanced": null, "timeFlag": null, "elementDataType": null, "bindDataType": null, "bindDataTypeProperty": null, "property": null, "childParams": [], "constraintType": null, "constraintValue": "", "constraintValueEn": "", "unitTypeCode": null, "unitTypeName": null, "noteCn": null, "noteEn": null, "flatten": false, "selectorType": null, "selection": null}, {"paramCode": "sequence_id", "paramName": "\u5e8f\u5217ID", "ioType": "INPUT", "dataType": "string", "value": null, "defaultValue": "", "script": null, "required": 1, "advanced": null, "timeFlag": null, "elementDataType": null, "bindDataType": null, "bindDataTypeProperty": null, "property": null, "childParams": [], "constraintType": null, "constraintValue": "", "constraintValueEn": "", "unitTypeCode": null, "unitTypeName": null, "noteCn": null, "noteEn": null, "flatten": false, "selectorType": null, "selection": null}, {"paramCode": "sample_id", "paramName": "\u6837\u54c1ID", "ioType": "INPUT", "dataType": "string", "value": null, "defaultValue": "", "script": null, "required": 1, "advanced": null, "timeFlag": null, "elementDataType": null, "bindDataType": null, "bindDataTypeProperty": null, "property": null, "childParams": [], "constraintType": null, "constraintValue": "", "constraintValueEn": "", "unitTypeCode": null, "unitTypeName": null, "noteCn": null, "noteEn": null, "flatten": false, "selectorType": null, "selection": null}]}, {"id": 1897802271097860, "code": "flameout", "name": "\u7184\u706b", "noteCn": "\u7184\u706b", "noteEn": "", "translator": "default", "translatorArgs": {"url": "/icpms/operate", "method": "POST"}, "recommend": null, "params": [{"paramCode": "operate", "paramName": "\u7184\u706b", "ioType": "CONSTANT", "dataType": "string", "value": null, "defaultValue": "flameout", "script": null, "required": 1, "advanced": null, "timeFlag": null, "elementDataType": null, "bindDataType": null, "bindDataTypeProperty": null, "property": null, "childParams": [], "constraintType": null, "constraintValue": "", "constraintValueEn": "", "unitTypeCode": null, "unitTypeName": null, "noteCn": null, "noteEn": null, "flatten": false, "selectorType": null, "selection": null}]}, {"id": 1897802271097861, "code": "analysisStop", "name": "\u5206\u6790\u505c\u6b62", "noteCn": "\u5206\u6790\u505c\u6b62", "noteEn": null, "translator": "default", "translatorArgs": {"url": "/icpms/operate", "method": "POST"}, "recommend": null, "params": [{"paramCode": "operate", "paramName": "\u6307\u4ee4\u7f16\u7801", "ioType": "CONSTANT", "dataType": "string", "value": null, "defaultValue": "analysisStop", "script": null, "required": 1, "advanced": null, "timeFlag": null, "elementDataType": null, "bindDataType": null, "bindDataTypeProperty": null, "property": null, "childParams": [], "constraintType": null, "constraintValue": "", "constraintValueEn": "", "unitTypeCode": null, "unitTypeName": null, "noteCn": null, "noteEn": null, "flatten": false, "selectorType": null, "selection": null}, {"paramCode": "sequence_id", "paramName": "\u5f85\u5206\u6790\u5e8f\u5217id", "ioType": "INPUT", "dataType": "string", "value": null, "defaultValue": null, "script": null, "required": 1, "advanced": null, "timeFlag": null, "elementDataType": null, "bindDataType": null, "bindDataTypeProperty": null, "property": null, "childParams": [], "constraintType": null, "constraintValue": "", "constraintValueEn": "", "unitTypeCode": null, "unitTypeName": null, "noteCn": null, "noteEn": null, "flatten": false, "selectorType": null, "selection": null}, {"paramCode": "sample_id", "paramName": "\u5f85\u5206\u6790\u6837\u54c1id", "ioType": "INPUT", "dataType": "string", "value": null, "defaultValue": "", "script": null, "required": 1, "advanced": null, "timeFlag": null, "elementDataType": null, "bindDataType": null, "bindDataTypeProperty": null, "property": null, "childParams": [], "constraintType": null, "constraintValue": "", "constraintValueEn": "", "unitTypeCode": null, "unitTypeName": null, "noteCn": null, "noteEn": null, "flatten": false, "selectorType": null, "selection": null}]}, {"id": 1897802271097862, "code": "setSampleList", "name": "\u8bbe\u7f6e\u5e8f\u5217", "noteCn": "\u8bbe\u7f6e\u5e8f\u5217", "noteEn": null, "translator": "default", "translatorArgs": {"url": "/icpms/operate", "method": "POST"}, "recommend": null, "params": [{"paramCode": "operate", "paramName": "\u8bbe\u7f6e\u5e8f\u5217", "ioType": "CONSTANT", "dataType": "string", "value": null, "defaultValue": "setSampleList", "script": null, "required": 1, "advanced": null, "timeFlag": null, "elementDataType": null, "bindDataType": null, "bindDataTypeProperty": null, "property": null, "childParams": [], "constraintType": null, "constraintValue": "", "constraintValueEn": "", "unitTypeCode": null, "unitTypeName": null, "noteCn": null, "noteEn": null, "flatten": false, "selectorType": null, "selection": null}, {"paramCode": "sequence_name", "paramName": "\u5e8f\u5217\u540d\u79f0", "ioType": "INPUT", "dataType": "string", "value": null, "defaultValue": null, "script": null, "required": 1, "advanced": null, "timeFlag": null, "elementDataType": null, "bindDataType": null, "bindDataTypeProperty": null, "property": null, "childParams": [], "constraintType": null, "constraintValue": "", "constraintValueEn": "", "unitTypeCode": null, "unitTypeName": null, "noteCn": null, "noteEn": null, "flatten": false, "selectorType": null, "selection": null}, {"paramCode": "method_id", "paramName": "\u65b9\u6cd5id", "ioType": "INPUT", "dataType": "string", "value": null, "defaultValue": "", "script": null, "required": 1, "advanced": null, "timeFlag": null, "elementDataType": null, "bindDataType": null, "bindDataTypeProperty": null, "property": null, "childParams": [], "constraintType": null, "constraintValue": "", "constraintValueEn": "", "unitTypeCode": null, "unitTypeName": null, "noteCn": null, "noteEn": null, "flatten": false, "selectorType": null, "selection": null}, {"paramCode": "sequence_id", "paramName": "\u5e8f\u5217id", "ioType": "INPUT", "dataType": "string", "value": null, "defaultValue": null, "script": null, "required": 1, "advanced": null, "timeFlag": null, "elementDataType": null, "bindDataType": null, "bindDataTypeProperty": null, "property": null, "childParams": [], "constraintType": null, "constraintValue": "", "constraintValueEn": "", "unitTypeCode": null, "unitTypeName": null, "noteCn": null, "noteEn": null, "flatten": false, "selectorType": null, "selection": null}, {"paramCode": "data", "paramName": "\u6837\u54c1\u4fe1\u606f", "ioType": "INPUT", "dataType": "array", "value": null, "defaultValue": null, "script": null, "required": 1, "advanced": null, "timeFlag": null, "elementDataType": "object", "bindDataType": "", "bindDataTypeProperty": null, "property": null, "childParams": [{"paramCode": "SampleName", "paramName": "\u6837\u54c1\u540d\u79f0", "ioType": "INPUT", "dataType": "string", "value": null, "defaultValue": null, "script": null, "required": 1, "advanced": null, "timeFlag": null, "elementDataType": null, "bindDataType": null, "bindDataTypeProperty": null, "property": null, "childParams": null, "constraintType": null, "constraintValue": "", "constraintValueEn": "", "unitTypeCode": null, "unitTypeName": null, "noteCn": null, "noteEn": null, "flatten": false, "selectorType": null, "selection": null}, {"paramCode": "SampleID", "paramName": "\u6837\u54c1id", "ioType": "INPUT", "dataType": "string", "value": null, "defaultValue": null, "script": null, "required": 1, "advanced": null, "timeFlag": null, "elementDataType": null, "bindDataType": null, "bindDataTypeProperty": null, "property": null, "childParams": null, "constraintType": null, "constraintValue": "", "constraintValueEn": "", "unitTypeCode": null, "unitTypeName": null, "noteCn": null, "noteEn": null, "flatten": false, "selectorType": null, "selection": null}, {"paramCode": "SampleType", "paramName": "\u6837\u54c1\u7c7b\u578b0:\u7a7a\u767d(QC) 1:\u5168\u5b9a\u91cf\u6807\u51c6 2:\u672a\u77e5\u6837\u54c1 3:QC\u6837\u54c1", "ioType": "INPUT", "dataType": "int", "value": null, "defaultValue": null, "script": null, "required": 1, "advanced": null, "timeFlag": null, "elementDataType": null, "bindDataType": null, "bindDataTypeProperty": null, "property": null, "childParams": null, "constraintType": null, "constraintValue": "", "constraintValueEn": "", "unitTypeCode": null, "unitTypeName": null, "noteCn": null, "noteEn": null, "flatten": false, "selectorType": null, "selection": null}, {"paramCode": "SamplePosition", "paramName": "\u6837\u54c1\u4f4d\u7f6e", "ioType": "INPUT", "dataType": "int", "value": null, "defaultValue": null, "script": null, "required": 1, "advanced": null, "timeFlag": null, "elementDataType": null, "bindDataType": null, "bindDataTypeProperty": null, "property": null, "childParams": null, "constraintType": null, "constraintValue": "", "constraintValueEn": "", "unitTypeCode": null, "unitTypeName": null, "noteCn": null, "noteEn": null, "flatten": false, "selectorType": null, "selection": null}], "constraintType": null, "constraintValue": "", "constraintValueEn": "", "unitTypeCode": null, "unitTypeName": null, "noteCn": null, "noteEn": null, "flatten": false, "selectorType": null, "selection": null}]}, {"id": 1897802271097863, "code": "entrySampleList", "name": "\u6279\u91cf\u5f55\u5165\u6837\u54c1\u4fe1\u606f", "noteCn": "\u6279\u91cf\u5f55\u5165\u6837\u54c1\u4fe1\u606f", "noteEn": null, "translator": "default", "translatorArgs": {"url": "/icpms/operate", "method": "POST"}, "recommend": null, "params": [{"paramCode": "operate", "paramName": "\u6307\u4ee4\u7f16\u7801", "ioType": "CONSTANT", "dataType": "string", "value": null, "defaultValue": "entrySampleList", "script": null, "required": 1, "advanced": null, "timeFlag": null, "elementDataType": null, "bindDataType": null, "bindDataTypeProperty": null, "property": null, "childParams": [], "constraintType": null, "constraintValue": "", "constraintValueEn": "", "unitTypeCode": null, "unitTypeName": null, "noteCn": null, "noteEn": null, "flatten": false, "selectorType": null, "selection": null}, {"paramCode": "sample_info_list", "paramName": "\u6837\u54c1\u4fe1\u606f\u5217\u8868", "ioType": "INPUT", "dataType": "array", "value": null, "defaultValue": null, "script": null, "required": 1, "advanced": null, "timeFlag": null, "elementDataType": "object", "bindDataType": "", "bindDataTypeProperty": null, "property": null, "childParams": [{"paramCode": "sample_no", "paramName": "\u6837\u54c1id", "ioType": "INPUT", "dataType": "string", "value": null, "defaultValue": null, "script": null, "required": 1, "advanced": null, "timeFlag": null, "elementDataType": null, "bindDataType": null, "bindDataTypeProperty": null, "property": null, "childParams": null, "constraintType": null, "constraintValue": "", "constraintValueEn": "", "unitTypeCode": null, "unitTypeName": null, "noteCn": null, "noteEn": null, "flatten": false, "selectorType": null, "selection": null}, {"paramCode": "slot_num", "paramName": "\u5b54\u4f4d", "ioType": "INPUT", "dataType": "int", "value": null, "defaultValue": null, "script": null, "required": 0, "advanced": null, "timeFlag": null, "elementDataType": null, "bindDataType": null, "bindDataTypeProperty": null, "property": null, "childParams": null, "constraintType": "RANGE", "constraintValue": "(0,66]", "constraintValueEn": "", "unitTypeCode": null, "unitTypeName": null, "noteCn": null, "noteEn": null, "flatten": false, "selectorType": null, "selection": null}], "constraintType": null, "constraintValue": "", "constraintValueEn": "", "unitTypeCode": null, "unitTypeName": null, "noteCn": null, "noteEn": null, "flatten": false, "selectorType": null, "selection": null}, {"paramCode": "sequence_name", "paramName": "\u5e8f\u5217\u540d\u79f0", "ioType": "CONSTANT", "dataType": "string", "value": null, "defaultValue": "auto-sequence", "script": null, "required": 1, "advanced": null, "timeFlag": null, "elementDataType": null, "bindDataType": null, "bindDataTypeProperty": null, "property": null, "childParams": [], "constraintType": null, "constraintValue": "", "constraintValueEn": "", "unitTypeCode": null, "unitTypeName": null, "noteCn": null, "noteEn": null, "flatten": false, "selectorType": null, "selection": null}, {"paramCode": "is_standard_running", "paramName": "\u662f\u5426\u8fd0\u884c\u6807\u6837", "ioType": "INPUT", "dataType": "int", "value": null, "defaultValue": "1", "script": null, "required": 1, "advanced": null, "timeFlag": null, "elementDataType": "", "bindDataType": "", "bindDataTypeProperty": null, "property": null, "childParams": [], "constraintType": "ENUM", "constraintValue": "[{\"label\":\"\u662f\",\"value\":1},{\"label\":\"\u5426\",\"value\":0}]", "constraintValueEn": "", "unitTypeCode": null, "unitTypeName": null, "noteCn": null, "noteEn": "", "flatten": false, "selectorType": null, "selection": null}]}, {"id": 1897802271097864, "code": "analysisListStart", "name": "\u5f00\u59cb\u5206\u6790\u6837\u54c1\uff08\u6279\u91cf\uff09", "noteCn": "\u5f00\u59cb\u5206\u6790\u6837\u54c1\uff08\u6279\u91cf\uff09", "noteEn": null, "translator": "default", "translatorArgs": {"url": "/icpms/operate", "method": "POST"}, "recommend": null, "params": [{"paramCode": "operate", "paramName": "\u6307\u4ee4\u7f16\u7801", "ioType": "CONSTANT", "dataType": "string", "value": null, "defaultValue": "analysisListStart", "script": null, "required": 1, "advanced": null, "timeFlag": null, "elementDataType": null, "bindDataType": null, "bindDataTypeProperty": null, "property": null, "childParams": [], "constraintType": null, "constraintValue": "", "constraintValueEn": "", "unitTypeCode": null, "unitTypeName": null, "noteCn": null, "noteEn": null, "flatten": false, "selectorType": null, "selection": null}]}, {"id": 1897802271097865, "code": "obtainResultList", "name": "\u83b7\u53d6\u5b9e\u9a8c\u7ed3\u679c", "noteCn": "\u83b7\u53d6\u5b9e\u9a8c\u7ed3\u679c", "noteEn": null, "translator": "default", "translatorArgs": {"url": "/icpms/operate", "method": "POST"}, "recommend": null, "params": [{"paramCode": "operate", "paramName": "\u83b7\u53d6\u5b9e\u9a8c\u7ed3\u679c", "ioType": "CONSTANT", "dataType": "string", "value": null, "defaultValue": "obtainResultList", "script": null, "required": 1, "advanced": null, "timeFlag": null, "elementDataType": null, "bindDataType": null, "bindDataTypeProperty": null, "property": null, "childParams": [], "constraintType": null, "constraintValue": "", "constraintValueEn": "", "unitTypeCode": null, "unitTypeName": null, "noteCn": null, "noteEn": null, "flatten": false, "selectorType": null, "selection": null}]}, {"id": 1897802271097866, "code": "wait_device_ready", "name": "\u7b49\u5f85\u5c31\u7eea", "noteCn": "\u7b49\u5f85\u5c31\u7eea", "noteEn": null, "translator": "default", "translatorArgs": {"url": "/wait_device_ready", "method": "POST"}, "recommend": null, "params": null}, {"id": 1897802271097867, "code": "wait_loop", "name": "\u5bb9\u5668\u5206\u914d", "noteCn": null, "noteEn": null, "translator": "default", "translatorArgs": {"url": "/icpms/wait_loop", "method": "POST"}, "recommend": null, "params": null}], "allocates": [], "commands": [], "containerSettings": [{"typeId": 1413305388729344, "typeCode": "slot_50ml_position", "typeName": "\u6c34\u8d2850ml\u69fd\u4f4d", "containerType": "slot", "allCount": 66, "children": []}], "variables": [], "resultSetting": {"url": "/water/icpmsAnalyzer/result", "type": null, "preview": null}, "ignoreMaterial": true, "defaultVersion": true, "updatedActions": null}