{"id": 1407201702315008, "version": "1.0", "code": "flow_inj", "name": "\u6d41\u52a8\u6ce8\u5c04\u4eea", "noteCn": "SUPEC 5011\u6d41\u52a8\u6ce8\u5c04\u5206\u6790\u7cfb\u7edf\u4e3b\u8981\u9002\u7528\u4e8e\u996e\u7528\u6c34\u3001\u5730\u8868\u6c34\u3001\u5730\u4e0b\u6c34\u751f\u6d3b\u6c61\u6c34\u548c\u5de5\u4e1a\u5e9f\u6c34\u4e2d\u786b\u5316\u7269\u7684\u5206\u6790\u3002\u5176\u4e2d\uff0c\u4f7f\u7528\u4e9a\u7532\u57fa\u84dd\u5206\u5149\u5149\u5ea6\u6cd5\u7684\u6d4b\u5b9a\u8303\u56f4\u4e3a0.016mg/L~2.00mg/L\uff0c\u68c0\u51fa\u9650\u4e3a0.004mg/L(\u4ee5S2-\u8ba1)\u3002\n\u5176\u5de5\u4f5c\u539f\u7406\u4e3a\uff1a\u5728\u5c01\u95ed\u7684\u7ba1\u8def\u4e2d\uff0c\u5c06\u4e00\u5b9a\u4f53\u79ef\u7684\u6837\u54c1\u6ce8\u5c04\u5230\u4e00\u4e2a\u6d41\u52a8\u7684\u3001\u65e0\u7a7a\u6c14\u95f4\u9694\u7684\u8fde\u7eed\u8f7d\u6d41\u4e2d\uff0c\u6837\u54c1\u4e0e\u8bd5\u5242\u5728\u5206\u6790\u6a21\u5757\u4e2d\u6309\u9009\u5b9a\u7684\u987a\u5e8f\u548c\u6bd4\u4f8b\u6df7\u5408\u3001\u53cd\u5e94\uff0c\u5728\u975e\u5b8c\u5168\u53cd\u5e94\u7684\u6761\u4ef6\u4e0b\uff0c\u8fdb\u5165\u6d41\u52a8\u68c0\u6d4b\u6c60\u8fdb\u884c\u5149\u5ea6\u68c0\u6d4b\uff0c\u5b9a\u91cf\u6d4b\u5b9a\u6837\u54c1\u4e2d\u88ab\u6d4b\u7269\u8d28\u7684\u542b\u91cf\u3002\n\u5176\u6027\u80fd\u4f18\u52bf\u5728\u4e8e\uff1a\u4fbf\u643a\u6027\uff1a\u4f53\u79ef\u5c0f\uff0c\u91cd\u91cf\u8f7b\uff0c\u65b9\u4fbf\u643a\u5e26\uff1b\u7075\u52a8\u6027\uff1a\u4eea\u5668\u53ef\u642d\u914d\u4e0d\u540c\u578b\u53f7\u7684\u81ea\u52a8\u8fdb\u6837\u5668\uff0c\u5e94\u7528\u4e8e\u5e38\u89c4\u5b9e\u9a8c\u5ba4\uff1b\u540c\u65f6\u914d\u5408\u4fbf\u643a\u7bb1\uff0c\u7528\u4e8e\u73b0\u573a\u5e94\u6025\u76d1\u6d4b\u3002\u5b9e\u73b0\u6279\u91cf\u81ea\u52a8\u3001\u5728\u7ebf\u8fde\u7eed\u68c0\u6d4b\u3002", "noteEn": "", "createTime": "2025-05-19 10:59:47", "updateTime": "2025-11-07 19:42:38", "paramUrl": "", "modelCode": null, "modelName": null, "modelImages": null, "definer": 0, "equipManufacturerCode": "AAX", "equipManufacturerName": "\u5408\u80a5\u5317\u665f\u4eea\u5668\u6709\u9650\u516c\u53f8", "actions": [{"id": 1897802271163392, "code": "start_flow_injection", "name": "\u542f\u52a8\u6d4b\u6837", "noteCn": "\u542f\u52a8\u6d4b\u6837", "noteEn": null, "translator": "default", "translatorArgs": {"url": "/flow/operate", "method": "POST"}, "recommend": null, "params": [{"paramCode": "operate", "paramName": "\u6307\u4ee4\u7f16\u7801", "ioType": "CONSTANT", "dataType": "string", "value": null, "defaultValue": "start_flow_injection", "script": null, "required": 1, "advanced": null, "timeFlag": null, "elementDataType": null, "bindDataType": null, "bindDataTypeProperty": null, "property": null, "childParams": [], "constraintType": null, "constraintValue": "", "constraintValueEn": "", "unitTypeCode": null, "unitTypeName": null, "noteCn": null, "noteEn": null, "flatten": false, "selectorType": null, "selection": null}]}, {"id": 1897802271163393, "code": "sample_issuse", "name": "\u6837\u54c1\u4e0b\u53d1", "noteCn": "\u6837\u54c1\u4e0b\u53d1", "noteEn": null, "translator": "default", "translatorArgs": {"url": "/flow/operate", "method": "POST"}, "recommend": null, "params": [{"paramCode": "operate", "paramName": "\u6307\u4ee4\u7f16\u7801", "ioType": "CONSTANT", "dataType": "string", "value": null, "defaultValue": "sample_issuse", "script": null, "required": 1, "advanced": null, "timeFlag": null, "elementDataType": null, "bindDataType": null, "bindDataTypeProperty": null, "property": null, "childParams": [], "constraintType": null, "constraintValue": "", "constraintValueEn": "", "unitTypeCode": null, "unitTypeName": null, "noteCn": null, "noteEn": null, "flatten": false, "selectorType": null, "selection": null}, {"paramCode": "action_type", "paramName": "1\uff1a\u589e\u52a0\u6837\u54c1 2\uff1a\u5220\u9664\u6837\u54c1", "ioType": "INPUT", "dataType": "int", "value": null, "defaultValue": "", "script": null, "required": 1, "advanced": null, "timeFlag": null, "elementDataType": "", "bindDataType": "", "bindDataTypeProperty": null, "property": null, "childParams": [], "constraintType": null, "constraintValue": "", "constraintValueEn": "", "unitTypeCode": null, "unitTypeName": null, "noteCn": "", "noteEn": null, "flatten": false, "selectorType": null, "selection": null}, {"paramCode": "hole_num", "paramName": "\u5b54\u4f4d", "ioType": "INPUT", "dataType": "int", "value": null, "defaultValue": null, "script": null, "required": 1, "advanced": null, "timeFlag": null, "elementDataType": "", "bindDataType": "", "bindDataTypeProperty": null, "property": null, "childParams": [], "constraintType": null, "constraintValue": "[1,66]", "constraintValueEn": "", "unitTypeCode": null, "unitTypeName": null, "noteCn": null, "noteEn": null, "flatten": false, "selectorType": null, "selection": null}, {"paramCode": "sample_no", "paramName": "\u6837\u54c1\u7f16\u53f7(\u552f\u4e00\u6807\u8bc6\u4e0d\u53ef\u91cd\u590d)", "ioType": "INPUT", "dataType": "string", "value": null, "defaultValue": null, "script": null, "required": 1, "advanced": null, "timeFlag": null, "elementDataType": null, "bindDataType": null, "bindDataTypeProperty": null, "property": null, "childParams": [], "constraintType": null, "constraintValue": "", "constraintValueEn": "", "unitTypeCode": null, "unitTypeName": null, "noteCn": null, "noteEn": null, "flatten": false, "selectorType": null, "selection": null}, {"paramCode": "sample_name", "paramName": "\u6837\u54c1\u540d\u79f0", "ioType": "INPUT", "dataType": "string", "value": null, "defaultValue": null, "script": null, "required": 1, "advanced": null, "timeFlag": null, "elementDataType": null, "bindDataType": null, "bindDataTypeProperty": null, "property": null, "childParams": [], "constraintType": null, "constraintValue": "", "constraintValueEn": "", "unitTypeCode": null, "unitTypeName": null, "noteCn": null, "noteEn": null, "flatten": false, "selectorType": null, "selection": null}, {"paramCode": "sample_type", "paramName": "\u6837\u54c1\u7c7b\u578b", "ioType": "INPUT", "dataType": "int", "value": null, "defaultValue": null, "script": null, "required": 1, "advanced": null, "timeFlag": null, "elementDataType": "", "bindDataType": "", "bindDataTypeProperty": null, "property": null, "childParams": [], "constraintType": "ENUM", "constraintValue": "[{\"label\":\"\u672a\u77e5\u6837\",\"value\":1},{\"label\":\"\u6c34\u6837\",\"value\":2},{\"label\":\"\u6807\u6837\",\"value\":3},{\"label\":\"\u7a7a\u767d\u6837\",\"value\":4},{\"label\":\"\u8d28\u63a7\u6837\",\"value\":5},{\"label\":\"\u5e73\u884c\u6837\",\"value\":6},{\"label\":\"\u52a0\u6807\u56de\u6536\u6837\",\"value\":7},{\"label\":\"\u6821\u51c6\u70b9\u6838\u67e5\u6837\",\"value\":8}]", "constraintValueEn": "", "unitTypeCode": null, "unitTypeName": null, "noteCn": null, "noteEn": null, "flatten": false, "selectorType": null, "selection": null}, {"paramCode": "factor_code", "paramName": "\u56e0\u5b50\u540d\u79f0", "ioType": "CONSTANT", "dataType": "string", "value": null, "defaultValue": "w21019", "script": null, "required": 1, "advanced": null, "timeFlag": null, "elementDataType": null, "bindDataType": null, "bindDataTypeProperty": null, "property": null, "childParams": [], "constraintType": null, "constraintValue": "", "constraintValueEn": "", "unitTypeCode": null, "unitTypeName": null, "noteCn": null, "noteEn": null, "flatten": false, "selectorType": null, "selection": null}]}, {"id": 1897802271163394, "code": "stop_flow_injection", "name": "\u7ed3\u675f\u6d4b\u6837", "noteCn": "\u7ed3\u675f\u6d4b\u6837", "noteEn": null, "translator": "default", "translatorArgs": {"url": "/flow/operate", "method": "POST"}, "recommend": null, "params": [{"paramCode": "operate", "paramName": "\u6307\u4ee4\u7f16\u7801", "ioType": "CONSTANT", "dataType": "string", "value": null, "defaultValue": "stop_flow_injection", "script": null, "required": 1, "advanced": null, "timeFlag": null, "elementDataType": null, "bindDataType": null, "bindDataTypeProperty": null, "property": null, "childParams": [], "constraintType": null, "constraintValue": "", "constraintValueEn": "", "unitTypeCode": null, "unitTypeName": null, "noteCn": null, "noteEn": null, "flatten": false, "selectorType": null, "selection": null}]}, {"id": 1897802271163395, "code": "obtain_result", "name": "\u83b7\u53d6\u7ed3\u679c", "noteCn": "\u83b7\u53d6\u7ed3\u679c", "noteEn": null, "translator": "default", "translatorArgs": {"url": "/flow/operate", "method": "POST"}, "recommend": null, "params": [{"paramCode": "operate", "paramName": "\u6307\u4ee4\u7f16\u7801", "ioType": "CONSTANT", "dataType": "string", "value": null, "defaultValue": "obtain_result", "script": null, "required": 1, "advanced": null, "timeFlag": null, "elementDataType": null, "bindDataType": null, "bindDataTypeProperty": null, "property": null, "childParams": [], "constraintType": null, "constraintValue": "", "constraintValueEn": "", "unitTypeCode": null, "unitTypeName": null, "noteCn": null, "noteEn": null, "flatten": false, "selectorType": null, "selection": null}, {"paramCode": "result", "paramName": "\u6d4b\u91cf\u7ed3\u679c", "ioType": "OUTPUT", "dataType": "file", "value": null, "defaultValue": null, "script": null, "required": 1, "advanced": null, "timeFlag": null, "elementDataType": "", "bindDataType": "", "bindDataTypeProperty": null, "property": null, "childParams": [], "constraintType": null, "constraintValue": "", "constraintValueEn": "", "unitTypeCode": null, "unitTypeName": null, "noteCn": null, "noteEn": null, "flatten": false, "selectorType": null, "selection": null}]}, {"id": 1897802271163396, "code": "clear_sample_list", "name": "\u6e05\u7a7a\u6837\u54c1\u5217\u8868", "noteCn": "\u6e05\u7a7a\u6837\u54c1\u5217\u8868", "noteEn": null, "translator": "default", "translatorArgs": {"url": "/flow/operate", "method": "POST"}, "recommend": null, "params": [{"paramCode": "operate", "paramName": "\u6307\u4ee4\u7f16\u7801", "ioType": "CONSTANT", "dataType": "string", "value": null, "defaultValue": "clear_sample_list", "script": null, "required": 1, "advanced": null, "timeFlag": null, "elementDataType": null, "bindDataType": null, "bindDataTypeProperty": null, "property": null, "childParams": [], "constraintType": null, "constraintValue": "", "constraintValueEn": "", "unitTypeCode": null, "unitTypeName": null, "noteCn": null, "noteEn": null, "flatten": false, "selectorType": null, "selection": null}]}, {"id": 1897802271163397, "code": "enter_sample_info", "name": "\u6279\u91cf\u5f55\u5165\u6837\u54c1\u4fe1\u606f", "noteCn": "\u6279\u91cf\u5f55\u5165\u6837\u54c1\u4fe1\u606f", "noteEn": "", "translator": "default", "translatorArgs": {"url": "/flow/operate", "method": "POST"}, "recommend": null, "params": [{"paramCode": "operate", "paramName": "\u6279\u91cf\u5f55\u5165\u6837\u54c1\u4fe1\u606f", "ioType": "CONSTANT", "dataType": "string", "value": null, "defaultValue": "enter_sample_info", "script": null, "required": 1, "advanced": null, "timeFlag": null, "elementDataType": null, "bindDataType": null, "bindDataTypeProperty": null, "property": null, "childParams": [], "constraintType": null, "constraintValue": "", "constraintValueEn": "", "unitTypeCode": null, "unitTypeName": null, "noteCn": null, "noteEn": null, "flatten": false, "selectorType": null, "selection": null}, {"paramCode": "sample_info_list", "paramName": "\u6837\u54c1\u4fe1\u606f\u5217\u8868", "ioType": "INPUT", "dataType": "array", "value": null, "defaultValue": null, "script": null, "required": 0, "advanced": null, "timeFlag": null, "elementDataType": "object", "bindDataType": "", "bindDataTypeProperty": null, "property": null, "childParams": [{"paramCode": "sample_no", "paramName": "\u6837\u54c1\u7f16\u7801", "ioType": "INPUT", "dataType": "string", "value": null, "defaultValue": null, "script": null, "required": 1, "advanced": null, "timeFlag": null, "elementDataType": null, "bindDataType": null, "bindDataTypeProperty": null, "property": null, "childParams": null, "constraintType": null, "constraintValue": "", "constraintValueEn": "", "unitTypeCode": null, "unitTypeName": null, "noteCn": null, "noteEn": null, "flatten": false, "selectorType": null, "selection": null}, {"paramCode": "sample_name", "paramName": "\u6837\u54c1\u540d\u79f0", "ioType": "INPUT", "dataType": "string", "value": null, "defaultValue": null, "script": null, "required": 1, "advanced": null, "timeFlag": null, "elementDataType": null, "bindDataType": null, "bindDataTypeProperty": null, "property": null, "childParams": null, "constraintType": null, "constraintValue": "", "constraintValueEn": "", "unitTypeCode": null, "unitTypeName": null, "noteCn": null, "noteEn": null, "flatten": false, "selectorType": null, "selection": null}, {"paramCode": "sample_type", "paramName": "\u6837\u54c1\u7c7b\u578b", "ioType": "INPUT", "dataType": "int", "value": null, "defaultValue": "2", "script": null, "required": 1, "advanced": null, "timeFlag": null, "elementDataType": null, "bindDataType": null, "bindDataTypeProperty": null, "property": null, "childParams": null, "constraintType": "ENUM", "constraintValue": "[{\"label\":\"\u672a\u77e5\u6837\",\"value\":1},{\"label\":\"\u6c34\u6837\",\"value\":2},{\"label\":\"\u6807\u6837\",\"value\":3},{\"label\":\"\u7a7a\u767d\u6837\",\"value\":4},{\"label\":\"\u8d28\u63a7\u6837\",\"value\":5},{\"label\":\"\u5e73\u884c\u6837\",\"value\":6},{\"label\":\"\u52a0\u6807\u56de\u6536\u6837\",\"value\":7},{\"label\":\"\u6821\u51c6\u70b9\u6838\u67e5\u6837\",\"value\":8}]", "constraintValueEn": "", "unitTypeCode": null, "unitTypeName": null, "noteCn": null, "noteEn": null, "flatten": false, "selectorType": null, "selection": null}, {"paramCode": "factor_code", "paramName": "\u56e0\u5b50\u7f16\u7801", "ioType": "CONSTANT", "dataType": "string", "value": null, "defaultValue": "w21019", "script": null, "required": 1, "advanced": null, "timeFlag": null, "elementDataType": null, "bindDataType": null, "bindDataTypeProperty": null, "property": null, "childParams": null, "constraintType": null, "constraintValue": "", "constraintValueEn": "", "unitTypeCode": null, "unitTypeName": null, "noteCn": null, "noteEn": null, "flatten": false, "selectorType": null, "selection": null}, {"paramCode": "slot_num", "paramName": "\u5b54\u4f4d", "ioType": "INPUT", "dataType": "int", "value": null, "defaultValue": "", "script": null, "required": 0, "advanced": null, "timeFlag": null, "elementDataType": null, "bindDataType": null, "bindDataTypeProperty": null, "property": null, "childParams": null, "constraintType": "RANGE", "constraintValue": "(0,66]", "constraintValueEn": "", "unitTypeCode": null, "unitTypeName": null, "noteCn": null, "noteEn": null, "flatten": false, "selectorType": null, "selection": null}], "constraintType": null, "constraintValue": "", "constraintValueEn": "", "unitTypeCode": null, "unitTypeName": null, "noteCn": null, "noteEn": null, "flatten": false, "selectorType": null, "selection": null}]}, {"id": 1897802271163398, "code": "send_sample_list", "name": "\u6279\u91cf\u4e0b\u53d1\u6837\u54c1", "noteCn": "\u6279\u91cf\u4e0b\u53d1\u6837\u54c1", "noteEn": "", "translator": "default", "translatorArgs": {"url": "/flow/operate", "method": "POST"}, "recommend": null, "params": [{"paramCode": "operate", "paramName": "\u6279\u91cf\u4e0b\u53d1\u6837\u54c1", "ioType": "CONSTANT", "dataType": "string", "value": null, "defaultValue": "send_sample_list", "script": null, "required": 1, "advanced": null, "timeFlag": null, "elementDataType": null, "bindDataType": null, "bindDataTypeProperty": null, "property": null, "childParams": [], "constraintType": null, "constraintValue": "", "constraintValueEn": "", "unitTypeCode": null, "unitTypeName": null, "noteCn": null, "noteEn": null, "flatten": false, "selectorType": null, "selection": null}]}, {"id": 1897802271163399, "code": "wait_device_ready", "name": "\u7b49\u5f85\u5c31\u7eea", "noteCn": "\u7b49\u5f85\u5c31\u7eea", "noteEn": null, "translator": "default", "translatorArgs": {"url": "/wait_device_ready", "method": "POST"}, "recommend": null, "params": null}, {"id": 1897802271163400, "code": "wait_loop", "name": "\u5bb9\u5668\u5206\u914d", "noteCn": "", "noteEn": null, "translator": "default", "translatorArgs": {"url": "/flow/wait_loop", "method": "POST"}, "recommend": null, "params": null}], "allocates": [], "commands": [], "containerSettings": [{"typeId": 1413305388729344, "typeCode": "slot_50ml_position", "typeName": "\u6c34\u8d2850ml\u69fd\u4f4d", "containerType": "slot", "allCount": 66, "children": []}], "variables": [], "resultSetting": {"url": "/water/flowInjection/result", "type": "table", "preview": true}, "ignoreMaterial": true, "defaultVersion": true, "updatedActions": null}