{"id": 1410579484279808, "version": "1.0", "code": "angularContact", "name": "\u89d2\u63a5\u89e6\u4eea\u5de5\u4f5c\u7ad9", "noteCn": "\u63a5\u89e6\u89d2\u6d4b\u91cf\u4eea\u7528\u4e8e\u6d4b\u91cf\u6db2\u4f53\u5728\u56fa\u4f53\u8868\u9762\u7684\u63a5\u89e6\u89d2\uff0c\u4ece\u800c\u5206\u6790\u6db2\u4f53\u5bf9\u56fa\u4f53\u8868\u9762\u7684\u6da6\u6e7f\u6027\u80fd\u3002\u5176\u539f\u7406\u662f\u901a\u8fc7\u5149\u5b66\u7cfb\u7edf\u7cbe\u786e\u6355\u6349\u6db2\u4f53\u5728\u56fa\u4f53\u8868\u9762\u5f62\u6210\u7684\u6db2\u6ef4\u5f62\u72b6\uff0c\u7136\u540e\u5229\u7528\u76f8\u5e94\u7684\u7b97\u6cd5\u8ba1\u7b97\u51fa\u63a5\u89e6\u89d2\u7684\u5927\u5c0f\u3002\u5728\u6750\u6599\u8868\u9762\u6027\u80fd\u7814\u7a76\u3001\u6d82\u6599\u7814\u53d1\u7b49\u9886\u57df\u6709\u7740\u91cd\u8981\u5e94\u7528\u3002\u4f8b\u5982\u5728\u7814\u7a76\u9632\u6c34\u6d82\u5c42\u6750\u6599\u65f6\uff0c\u901a\u8fc7\u6d4b\u91cf\u6c34\u6ef4\u5728\u6d82\u5c42\u8868\u9762\u7684\u63a5\u89e6\u89d2\uff0c\u53ef\u4ee5\u8bc4\u4f30\u6d82\u5c42\u7684\u9632\u6c34\u6027\u80fd\uff1b\u5728\u5370\u5237\u884c\u4e1a\u4e2d\uff0c\u6d4b\u91cf\u6cb9\u58a8\u4e0e\u7eb8\u5f20\u8868\u9762\u7684\u63a5\u89e6\u89d2\uff0c\u6709\u52a9\u4e8e\u4f18\u5316\u5370\u5237\u5de5\u827a\uff0c\u63d0\u9ad8\u5370\u5237\u8d28\u91cf\u3002", "noteEn": "", "createTime": "2025-05-20 15:37:49", "updateTime": "2025-11-07 19:42:38", "paramUrl": "", "modelCode": null, "modelName": null, "modelImages": null, "definer": 0, "equipManufacturerCode": "AFH", "equipManufacturerName": "\u5176\u4ed6", "actions": [{"id": 1897802271851522, "code": "startupWorkstation", "name": "\u542f\u52a8\u673a\u5668\u81c2", "noteCn": null, "noteEn": null, "translator": "default", "translatorArgs": {"url": "/send", "method": "POST"}, "recommend": null, "params": [{"paramCode": "chainName", "paramName": "chainName", "ioType": "CONSTANT", "dataType": "string", "value": null, "defaultValue": "methodExecute", "script": null, "required": 1, "advanced": null, "timeFlag": null, "elementDataType": null, "bindDataType": null, "bindDataTypeProperty": null, "property": null, "childParams": [], "constraintType": null, "constraintValue": "", "constraintValueEn": "", "unitTypeCode": null, "unitTypeName": null, "noteCn": null, "noteEn": null, "flatten": false, "selectorType": null, "selection": null}, {"paramCode": "ifAsynchronous", "paramName": "ifAsynchronous", "ioType": "CONSTANT", "dataType": "boolean", "value": null, "defaultValue": "false", "script": null, "required": 1, "advanced": null, "timeFlag": null, "elementDataType": "", "bindDataType": "", "bindDataTypeProperty": null, "property": null, "childParams": [], "constraintType": null, "constraintValue": "", "constraintValueEn": "", "unitTypeCode": null, "unitTypeName": null, "noteCn": null, "noteEn": null, "flatten": false, "selectorType": null, "selection": null}, {"paramCode": "sn", "paramName": "sn", "ioType": "CONSTANT", "dataType": "string", "value": null, "defaultValue": "W0A20DB0C9C429", "script": null, "required": 1, "advanced": null, "timeFlag": null, "elementDataType": null, "bindDataType": null, "bindDataTypeProperty": null, "property": null, "childParams": [], "constraintType": null, "constraintValue": "", "constraintValueEn": "", "unitTypeCode": null, "unitTypeName": null, "noteCn": null, "noteEn": null, "flatten": false, "selectorType": null, "selection": null}, {"paramCode": "method", "paramName": "method", "ioType": "CONSTANT", "dataType": "string", "value": null, "defaultValue": "startupWorkstation", "script": null, "required": 1, "advanced": null, "timeFlag": null, "elementDataType": null, "bindDataType": null, "bindDataTypeProperty": null, "property": null, "childParams": [], "constraintType": null, "constraintValue": "", "constraintValueEn": "", "unitTypeCode": null, "unitTypeName": null, "noteCn": null, "noteEn": null, "flatten": false, "selectorType": null, "selection": null}]}, {"id": 1897802271851523, "code": "robotActivation", "name": "\u6fc0\u6d3b\u673a\u5668\u81c2", "noteCn": null, "noteEn": null, "translator": "default", "translatorArgs": {"url": "/send", "method": "POST"}, "recommend": null, "params": [{"paramCode": "chainName", "paramName": "chainName", "ioType": "CONSTANT", "dataType": "string", "value": null, "defaultValue": "methodExecute", "script": null, "required": 1, "advanced": null, "timeFlag": null, "elementDataType": null, "bindDataType": null, "bindDataTypeProperty": null, "property": null, "childParams": [], "constraintType": null, "constraintValue": "", "constraintValueEn": "", "unitTypeCode": null, "unitTypeName": null, "noteCn": null, "noteEn": null, "flatten": false, "selectorType": null, "selection": null}, {"paramCode": "ifAsynchronous", "paramName": "ifAsynchronous", "ioType": "CONSTANT", "dataType": "boolean", "value": null, "defaultValue": "false", "script": null, "required": 1, "advanced": null, "timeFlag": null, "elementDataType": "", "bindDataType": "", "bindDataTypeProperty": null, "property": null, "childParams": [], "constraintType": null, "constraintValue": "", "constraintValueEn": "", "unitTypeCode": null, "unitTypeName": null, "noteCn": null, "noteEn": null, "flatten": false, "selectorType": null, "selection": null}, {"paramCode": "sn", "paramName": "sn", "ioType": "CONSTANT", "dataType": "string", "value": null, "defaultValue": "W0A20DB0C9C429", "script": null, "required": 1, "advanced": null, "timeFlag": null, "elementDataType": null, "bindDataType": null, "bindDataTypeProperty": null, "property": null, "childParams": [], "constraintType": null, "constraintValue": "", "constraintValueEn": "", "unitTypeCode": null, "unitTypeName": null, "noteCn": null, "noteEn": null, "flatten": false, "selectorType": null, "selection": null}, {"paramCode": "method", "paramName": "method", "ioType": "CONSTANT", "dataType": "string", "value": null, "defaultValue": "robotActivation", "script": null, "required": 1, "advanced": null, "timeFlag": null, "elementDataType": null, "bindDataType": null, "bindDataTypeProperty": null, "property": null, "childParams": [], "constraintType": null, "constraintValue": "", "constraintValueEn": "", "unitTypeCode": null, "unitTypeName": null, "noteCn": null, "noteEn": null, "flatten": false, "selectorType": null, "selection": null}]}, {"id": 1897802271851524, "code": "rawMaterialFinish", "name": "\u5b8c\u6210\u78b3\u7eb8\u51c6\u5907", "noteCn": null, "noteEn": null, "translator": "default", "translatorArgs": {"url": "/send", "method": "POST"}, "recommend": null, "params": [{"paramCode": "chainName", "paramName": "chainName", "ioType": "CONSTANT", "dataType": "string", "value": null, "defaultValue": "methodExecute", "script": null, "required": 1, "advanced": null, "timeFlag": null, "elementDataType": null, "bindDataType": null, "bindDataTypeProperty": null, "property": null, "childParams": [], "constraintType": null, "constraintValue": "", "constraintValueEn": "", "unitTypeCode": null, "unitTypeName": null, "noteCn": null, "noteEn": null, "flatten": false, "selectorType": null, "selection": null}, {"paramCode": "ifAsynchronous", "paramName": "ifAsynchronous", "ioType": "CONSTANT", "dataType": "boolean", "value": null, "defaultValue": "false", "script": null, "required": 1, "advanced": null, "timeFlag": null, "elementDataType": "", "bindDataType": "", "bindDataTypeProperty": null, "property": null, "childParams": [], "constraintType": null, "constraintValue": "", "constraintValueEn": "", "unitTypeCode": null, "unitTypeName": null, "noteCn": null, "noteEn": null, "flatten": false, "selectorType": null, "selection": null}, {"paramCode": "sn", "paramName": "sn", "ioType": "CONSTANT", "dataType": "string", "value": null, "defaultValue": "W0A20DB0C9C429", "script": null, "required": 1, "advanced": null, "timeFlag": null, "elementDataType": null, "bindDataType": null, "bindDataTypeProperty": null, "property": null, "childParams": [], "constraintType": null, "constraintValue": "", "constraintValueEn": "", "unitTypeCode": null, "unitTypeName": null, "noteCn": null, "noteEn": null, "flatten": false, "selectorType": null, "selection": null}, {"paramCode": "method", "paramName": "method", "ioType": "CONSTANT", "dataType": "string", "value": null, "defaultValue": "rawMaterialFinish", "script": null, "required": 1, "advanced": null, "timeFlag": null, "elementDataType": null, "bindDataType": null, "bindDataTypeProperty": null, "property": null, "childParams": [], "constraintType": null, "constraintValue": "", "constraintValueEn": "", "unitTypeCode": null, "unitTypeName": null, "noteCn": null, "noteEn": null, "flatten": false, "selectorType": null, "selection": null}]}, {"id": 1897802271851525, "code": "takeRawMaterials", "name": "\u53d6\u539f\u6599\u548c\u63a2\u7eb8\u5939", "noteCn": null, "noteEn": null, "translator": "default", "translatorArgs": {"url": "/send", "method": "POST"}, "recommend": null, "params": [{"paramCode": "chainName", "paramName": "chainName", "ioType": "CONSTANT", "dataType": "string", "value": null, "defaultValue": "methodExecute", "script": null, "required": 1, "advanced": null, "timeFlag": null, "elementDataType": null, "bindDataType": null, "bindDataTypeProperty": null, "property": null, "childParams": [], "constraintType": null, "constraintValue": "", "constraintValueEn": "", "unitTypeCode": null, "unitTypeName": null, "noteCn": null, "noteEn": null, "flatten": false, "selectorType": null, "selection": null}, {"paramCode": "ifAsynchronous", "paramName": "ifAsynchronous", "ioType": "CONSTANT", "dataType": "boolean", "value": null, "defaultValue": "false", "script": null, "required": 1, "advanced": null, "timeFlag": null, "elementDataType": "", "bindDataType": "", "bindDataTypeProperty": null, "property": null, "childParams": [], "constraintType": null, "constraintValue": "", "constraintValueEn": "", "unitTypeCode": null, "unitTypeName": null, "noteCn": null, "noteEn": null, "flatten": false, "selectorType": null, "selection": null}, {"paramCode": "sn", "paramName": "sn", "ioType": "CONSTANT", "dataType": "string", "value": null, "defaultValue": "W0A20DB0C9C429", "script": null, "required": 1, "advanced": null, "timeFlag": null, "elementDataType": null, "bindDataType": null, "bindDataTypeProperty": null, "property": null, "childParams": [], "constraintType": null, "constraintValue": "", "constraintValueEn": "", "unitTypeCode": null, "unitTypeName": null, "noteCn": null, "noteEn": null, "flatten": false, "selectorType": null, "selection": null}, {"paramCode": "method", "paramName": "method", "ioType": "CONSTANT", "dataType": "string", "value": null, "defaultValue": "takeRawMaterials", "script": null, "required": 1, "advanced": null, "timeFlag": null, "elementDataType": null, "bindDataType": null, "bindDataTypeProperty": null, "property": null, "childParams": [], "constraintType": null, "constraintValue": "", "constraintValueEn": "", "unitTypeCode": null, "unitTypeName": null, "noteCn": null, "noteEn": null, "flatten": false, "selectorType": null, "selection": null}]}, {"id": 1897802271851526, "code": "contactAnglePlatformUp", "name": "\u63a5\u89e6\u89d2\u5e73\u53f0\u4e0a\u5347", "noteCn": null, "noteEn": null, "translator": "default", "translatorArgs": {"url": "/send", "method": "POST"}, "recommend": null, "params": [{"paramCode": "chainName", "paramName": "chainName", "ioType": "CONSTANT", "dataType": "string", "value": null, "defaultValue": "methodExecute", "script": null, "required": 1, "advanced": null, "timeFlag": null, "elementDataType": null, "bindDataType": null, "bindDataTypeProperty": null, "property": null, "childParams": [], "constraintType": null, "constraintValue": "", "constraintValueEn": "", "unitTypeCode": null, "unitTypeName": null, "noteCn": null, "noteEn": null, "flatten": false, "selectorType": null, "selection": null}, {"paramCode": "ifAsynchronous", "paramName": "ifAsynchronous", "ioType": "CONSTANT", "dataType": "boolean", "value": null, "defaultValue": "false", "script": null, "required": 1, "advanced": null, "timeFlag": null, "elementDataType": "", "bindDataType": "", "bindDataTypeProperty": null, "property": null, "childParams": [], "constraintType": null, "constraintValue": "", "constraintValueEn": "", "unitTypeCode": null, "unitTypeName": null, "noteCn": null, "noteEn": null, "flatten": false, "selectorType": null, "selection": null}, {"paramCode": "sn", "paramName": "sn", "ioType": "CONSTANT", "dataType": "string", "value": null, "defaultValue": "W0A20DB0C9C429", "script": null, "required": 1, "advanced": null, "timeFlag": null, "elementDataType": null, "bindDataType": null, "bindDataTypeProperty": null, "property": null, "childParams": [], "constraintType": null, "constraintValue": "", "constraintValueEn": "", "unitTypeCode": null, "unitTypeName": null, "noteCn": null, "noteEn": null, "flatten": false, "selectorType": null, "selection": null}, {"paramCode": "method", "paramName": "method", "ioType": "CONSTANT", "dataType": "string", "value": null, "defaultValue": "contactAnglePlatformUp", "script": null, "required": 1, "advanced": null, "timeFlag": null, "elementDataType": null, "bindDataType": null, "bindDataTypeProperty": null, "property": null, "childParams": [], "constraintType": null, "constraintValue": "", "constraintValueEn": "", "unitTypeCode": null, "unitTypeName": null, "noteCn": null, "noteEn": null, "flatten": false, "selectorType": null, "selection": null}]}, {"id": 1897802271851527, "code": "prepareSample", "name": "\u79fb\u52a8\u6837\u54c1\u5230\u63a5\u89e6\u89d2\u4eea", "noteCn": null, "noteEn": null, "translator": "default", "translatorArgs": {"url": "/send", "method": "POST"}, "recommend": null, "params": [{"paramCode": "chainName", "paramName": "chainName", "ioType": "CONSTANT", "dataType": "string", "value": null, "defaultValue": "methodExecute", "script": null, "required": 1, "advanced": null, "timeFlag": null, "elementDataType": null, "bindDataType": null, "bindDataTypeProperty": null, "property": null, "childParams": [], "constraintType": null, "constraintValue": "", "constraintValueEn": "", "unitTypeCode": null, "unitTypeName": null, "noteCn": null, "noteEn": null, "flatten": false, "selectorType": null, "selection": null}, {"paramCode": "ifAsynchronous", "paramName": "ifAsynchronous", "ioType": "CONSTANT", "dataType": "boolean", "value": null, "defaultValue": "false", "script": null, "required": 1, "advanced": null, "timeFlag": null, "elementDataType": "", "bindDataType": "", "bindDataTypeProperty": null, "property": null, "childParams": [], "constraintType": null, "constraintValue": "", "constraintValueEn": "", "unitTypeCode": null, "unitTypeName": null, "noteCn": null, "noteEn": null, "flatten": false, "selectorType": null, "selection": null}, {"paramCode": "sn", "paramName": "sn", "ioType": "CONSTANT", "dataType": "string", "value": null, "defaultValue": "W0A20DB0C9C429", "script": null, "required": 1, "advanced": null, "timeFlag": null, "elementDataType": null, "bindDataType": null, "bindDataTypeProperty": null, "property": null, "childParams": [], "constraintType": null, "constraintValue": "", "constraintValueEn": "", "unitTypeCode": null, "unitTypeName": null, "noteCn": null, "noteEn": null, "flatten": false, "selectorType": null, "selection": null}, {"paramCode": "method", "paramName": "method", "ioType": "CONSTANT", "dataType": "string", "value": null, "defaultValue": "prepareSample", "script": null, "required": 1, "advanced": null, "timeFlag": null, "elementDataType": null, "bindDataType": null, "bindDataTypeProperty": null, "property": null, "childParams": [], "constraintType": null, "constraintValue": "", "constraintValueEn": "", "unitTypeCode": null, "unitTypeName": null, "noteCn": null, "noteEn": null, "flatten": false, "selectorType": null, "selection": null}]}, {"id": 1897802271851528, "code": "measuringContactAngle", "name": "\u5f00\u59cb\u6ef4\u6db2\u6d4b\u91cf\u63a5\u89e6\u89d2", "noteCn": null, "noteEn": null, "translator": "default", "translatorArgs": {"url": "/send", "method": "POST"}, "recommend": null, "params": [{"paramCode": "chainName", "paramName": "chainName", "ioType": "CONSTANT", "dataType": "string", "value": null, "defaultValue": "methodExecute", "script": null, "required": 1, "advanced": null, "timeFlag": null, "elementDataType": null, "bindDataType": null, "bindDataTypeProperty": null, "property": null, "childParams": [], "constraintType": null, "constraintValue": "", "constraintValueEn": "", "unitTypeCode": null, "unitTypeName": null, "noteCn": null, "noteEn": null, "flatten": false, "selectorType": null, "selection": null}, {"paramCode": "ifAsynchronous", "paramName": "ifAsynchronous", "ioType": "CONSTANT", "dataType": "boolean", "value": null, "defaultValue": "false", "script": null, "required": 1, "advanced": null, "timeFlag": null, "elementDataType": "", "bindDataType": "", "bindDataTypeProperty": null, "property": null, "childParams": [], "constraintType": null, "constraintValue": "", "constraintValueEn": "", "unitTypeCode": null, "unitTypeName": null, "noteCn": null, "noteEn": null, "flatten": false, "selectorType": null, "selection": null}, {"paramCode": "sn", "paramName": "sn", "ioType": "CONSTANT", "dataType": "string", "value": null, "defaultValue": "W0A20DB0C9C429", "script": null, "required": 1, "advanced": null, "timeFlag": null, "elementDataType": null, "bindDataType": null, "bindDataTypeProperty": null, "property": null, "childParams": [], "constraintType": null, "constraintValue": "", "constraintValueEn": "", "unitTypeCode": null, "unitTypeName": null, "noteCn": null, "noteEn": null, "flatten": false, "selectorType": null, "selection": null}, {"paramCode": "method", "paramName": "method", "ioType": "CONSTANT", "dataType": "string", "value": null, "defaultValue": "measuringContactAngle", "script": null, "required": 1, "advanced": null, "timeFlag": null, "elementDataType": null, "bindDataType": null, "bindDataTypeProperty": null, "property": null, "childParams": [], "constraintType": null, "constraintValue": "", "constraintValueEn": "", "unitTypeCode": null, "unitTypeName": null, "noteCn": null, "noteEn": null, "flatten": false, "selectorType": null, "selection": null}]}, {"id": 1897802271851529, "code": "contactAngleTakeMaterial", "name": "\u63a5\u89e6\u89d2\u6d4b\u91cf\u5b8c\u6210\u8bf7\u6c42\u53d6\u6599", "noteCn": null, "noteEn": null, "translator": "default", "translatorArgs": {"url": "/send", "method": "POST"}, "recommend": null, "params": [{"paramCode": "chainName", "paramName": "chainName", "ioType": "CONSTANT", "dataType": "string", "value": null, "defaultValue": "methodExecute", "script": null, "required": 1, "advanced": null, "timeFlag": null, "elementDataType": null, "bindDataType": null, "bindDataTypeProperty": null, "property": null, "childParams": [], "constraintType": null, "constraintValue": "", "constraintValueEn": "", "unitTypeCode": null, "unitTypeName": null, "noteCn": null, "noteEn": null, "flatten": false, "selectorType": null, "selection": null}, {"paramCode": "ifAsynchronous", "paramName": "ifAsynchronous", "ioType": "CONSTANT", "dataType": "boolean", "value": null, "defaultValue": "false", "script": null, "required": 1, "advanced": null, "timeFlag": null, "elementDataType": "", "bindDataType": "", "bindDataTypeProperty": null, "property": null, "childParams": [], "constraintType": null, "constraintValue": "", "constraintValueEn": "", "unitTypeCode": null, "unitTypeName": null, "noteCn": null, "noteEn": null, "flatten": false, "selectorType": null, "selection": null}, {"paramCode": "sn", "paramName": "sn", "ioType": "CONSTANT", "dataType": "string", "value": null, "defaultValue": "W0A20DB0C9C429", "script": null, "required": 1, "advanced": null, "timeFlag": null, "elementDataType": null, "bindDataType": null, "bindDataTypeProperty": null, "property": null, "childParams": [], "constraintType": null, "constraintValue": "", "constraintValueEn": "", "unitTypeCode": null, "unitTypeName": null, "noteCn": null, "noteEn": null, "flatten": false, "selectorType": null, "selection": null}, {"paramCode": "method", "paramName": "method", "ioType": "CONSTANT", "dataType": "string", "value": null, "defaultValue": "contactAngleTakeMaterial", "script": null, "required": 1, "advanced": null, "timeFlag": null, "elementDataType": null, "bindDataType": null, "bindDataTypeProperty": null, "property": null, "childParams": [], "constraintType": null, "constraintValue": "", "constraintValueEn": "", "unitTypeCode": null, "unitTypeName": null, "noteCn": null, "noteEn": null, "flatten": false, "selectorType": null, "selection": null}]}], "allocates": [{"containerTypeCode": "container_5000ml", "maxHandleSize": 1}], "commands": [], "containerSettings": [{"typeId": 1121591089726464, "typeCode": "slot_5000ml", "typeName": "5000\u6beb\u5347\u69fd\u4f4d", "containerType": "slot", "allCount": 1, "children": []}], "variables": [], "resultSetting": {"url": "", "type": "", "preview": false}, "ignoreMaterial": false, "defaultVersion": true, "updatedActions": null}