{"id": 1418510906065920, "version": "\u79fb\u6db2\u5e73\u53f02.0-1ml", "code": "liquid_dispensing", "name": "\u6db2\u4f53\u8fdb\u6837\u7ad9", "noteCn": "\u81ea\u52a8\u6db2\u4f53\u5904\u7406\u5de5\u4f5c\u7ad9\u662f\u4e00\u79cd\u591a\u529f\u80fd\u7684\u6db2\u4f53\u5904\u7406\u8bbe\u5907\u3002\u5b83\u53ef\u4ee5\u8fdb\u884c\u7cbe\u786e\u7684\u79fb\u6db2\u3001\u5206\u6db2\u3001\u6df7\u5408\u7b49\u64cd\u4f5c\uff0c\u5e76\u4e14\u80fd\u591f\u6839\u636e\u4e0d\u540c\u7684\u5b9e\u9a8c\u9700\u6c42\u8fdb\u884c\u7075\u6d3b\u7f16\u7a0b\u3002\u5176\u914d\u5907\u7684\u9ad8\u7cbe\u5ea6\u6db2\u4f53\u5904\u7406\u6a21\u5757\u548c\u667a\u80fd\u63a7\u5236\u7cfb\u7edf\uff0c\u786e\u4fdd\u4e86\u6db2\u4f53\u5904\u7406\u7684\u51c6\u786e\u6027\u548c\u91cd\u590d\u6027\u3002\u5728\u836f\u7269\u7814\u53d1\u3001\u4e34\u5e8a\u68c0\u9a8c\u7b49\u9886\u57df\uff0c\u53ef\u7528\u4e8e\u9ad8\u901a\u91cf\u7684\u6837\u54c1\u5904\u7406\uff0c\u5982\u836f\u7269\u7b5b\u9009\u5b9e\u9a8c\u4e2d\u7684\u6837\u54c1\u7a00\u91ca\u3001\u6df7\u5408\u7b49\u64cd\u4f5c\uff0c\u63d0\u9ad8\u5b9e\u9a8c\u6548\u7387\u548c\u8d28\u91cf\u3002", "noteEn": "liquid_move_platform", "createTime": "2025-05-23 10:51:57", "updateTime": "2025-11-07 19:42:38", "paramUrl": "", "modelCode": null, "modelName": null, "modelImages": null, "definer": 0, "equipManufacturerCode": "ACP", "equipManufacturerName": "\u5b89\u5fbd\u78d0\u5fb7\u4fe1\u606f\u79d1\u6280\u6709\u9650\u516c\u53f8", "actions": [{"id": 1897802271687707, "code": "add_liquid", "name": "\u52a0\u6db2", "noteCn": "\u52a0\u6db2", "noteEn": "add_liquid", "translator": "default", "translatorArgs": {"url": "/command", "method": "POST"}, "recommend": null, "params": [{"paramCode": "project", "paramName": "\u52a0\u6837\u65b9\u6848", "ioType": "INPUT", "dataType": "array", "value": null, "defaultValue": "", "script": null, "required": 1, "advanced": null, "timeFlag": null, "elementDataType": "object", "bindDataType": "", "bindDataTypeProperty": "", "property": null, "childParams": [{"paramCode": "tube_num", "paramName": "\u52a0\u6837\u74f6\u53f7", "ioType": "INPUT", "dataType": "string", "value": null, "defaultValue": null, "script": null, "required": 1, "advanced": null, "timeFlag": null, "elementDataType": null, "bindDataType": null, "bindDataTypeProperty": null, "property": null, "childParams": null, "constraintType": null, "constraintValue": "", "constraintValueEn": "", "unitTypeCode": null, "unitTypeName": null, "noteCn": null, "noteEn": null, "flatten": false, "selectorType": "CONTAINER", "selection": "bottle_storage"}, {"paramCode": "cap", "paramName": "\u52a0\u6837\u524d\u540e\u662f\u5426\u6709\u76d6", "ioType": "INPUT", "dataType": "string", "value": null, "defaultValue": "1", "script": null, "required": 1, "advanced": null, "timeFlag": null, "elementDataType": null, "bindDataType": null, "bindDataTypeProperty": null, "property": null, "childParams": null, "constraintType": "ENUM", "constraintValue": "[{\"label\":\"\u6709\u76d6-\u6709\u76d6\",\"value\":\"1\"},{\"label\":\"\u65e0\u76d6-\u65e0\u76d6\",\"value\":\"2\"},{\"label\":\"\u65e0\u76d6-\u6709\u76d6\",\"value\":\"3\"},{\"label\":\"\u6709\u76d6-\u65e0\u76d6\",\"value\":\"4\"}]", "constraintValueEn": "", "unitTypeCode": null, "unitTypeName": null, "noteCn": null, "noteEn": null, "flatten": false, "selectorType": null, "selection": null}, {"paramCode": "bottle0", "paramName": "1\u53f7\u539f\u6db2\u74f6(ml)", "ioType": "INPUT", "dataType": "float", "value": null, "defaultValue": "0", "script": null, "required": 0, "advanced": null, "timeFlag": null, "elementDataType": null, "bindDataType": null, "bindDataTypeProperty": null, "property": null, "childParams": null, "constraintType": null, "constraintValue": "", "constraintValueEn": "", "unitTypeCode": null, "unitTypeName": null, "noteCn": null, "noteEn": null, "flatten": false, "selectorType": null, "selection": null}, {"paramCode": "bottle1", "paramName": "2\u53f7\u539f\u6db2\u74f6(ml)", "ioType": "INPUT", "dataType": "float", "value": null, "defaultValue": "0", "script": null, "required": 0, "advanced": null, "timeFlag": null, "elementDataType": null, "bindDataType": null, "bindDataTypeProperty": null, "property": null, "childParams": null, "constraintType": null, "constraintValue": "", "constraintValueEn": "", "unitTypeCode": null, "unitTypeName": null, "noteCn": null, "noteEn": null, "flatten": false, "selectorType": null, "selection": null}, {"paramCode": "bottle2", "paramName": "3\u53f7\u539f\u6db2\u74f6(ml)", "ioType": "INPUT", "dataType": "float", "value": null, "defaultValue": "0", "script": null, "required": 0, "advanced": null, "timeFlag": null, "elementDataType": null, "bindDataType": null, "bindDataTypeProperty": null, "property": null, "childParams": null, "constraintType": null, "constraintValue": "", "constraintValueEn": "", "unitTypeCode": null, "unitTypeName": null, "noteCn": null, "noteEn": null, "flatten": false, "selectorType": null, "selection": null}, {"paramCode": "bottle3", "paramName": "4\u53f7\u539f\u6db2\u74f6(ml)", "ioType": "INPUT", "dataType": "float", "value": null, "defaultValue": "0", "script": null, "required": 0, "advanced": null, "timeFlag": null, "elementDataType": null, "bindDataType": null, "bindDataTypeProperty": null, "property": null, "childParams": null, "constraintType": null, "constraintValue": "", "constraintValueEn": "", "unitTypeCode": null, "unitTypeName": null, "noteCn": null, "noteEn": null, "flatten": false, "selectorType": null, "selection": null}, {"paramCode": "bottle4", "paramName": "5\u53f7\u539f\u6db2\u74f6(ml)", "ioType": "INPUT", "dataType": "float", "value": null, "defaultValue": "0", "script": null, "required": 0, "advanced": null, "timeFlag": null, "elementDataType": null, "bindDataType": null, "bindDataTypeProperty": null, "property": null, "childParams": null, "constraintType": null, "constraintValue": "", "constraintValueEn": "", "unitTypeCode": null, "unitTypeName": null, "noteCn": null, "noteEn": null, "flatten": false, "selectorType": null, "selection": null}, {"paramCode": "bottle5", "paramName": "6\u53f7\u539f\u6db2\u74f6(ml)", "ioType": "INPUT", "dataType": "float", "value": null, "defaultValue": "0", "script": null, "required": 0, "advanced": null, "timeFlag": null, "elementDataType": null, "bindDataType": null, "bindDataTypeProperty": null, "property": null, "childParams": null, "constraintType": null, "constraintValue": "", "constraintValueEn": "", "unitTypeCode": null, "unitTypeName": null, "noteCn": null, "noteEn": null, "flatten": false, "selectorType": null, "selection": null}, {"paramCode": "bottle6", "paramName": "7\u53f7\u539f\u6db2\u74f6(ml)", "ioType": "INPUT", "dataType": "float", "value": null, "defaultValue": "0", "script": null, "required": 0, "advanced": null, "timeFlag": null, "elementDataType": null, "bindDataType": null, "bindDataTypeProperty": null, "property": null, "childParams": null, "constraintType": null, "constraintValue": "", "constraintValueEn": "", "unitTypeCode": null, "unitTypeName": null, "noteCn": null, "noteEn": null, "flatten": false, "selectorType": null, "selection": null}, {"paramCode": "bottle7", "paramName": "8\u53f7\u539f\u6db2\u74f6(ml)", "ioType": "INPUT", "dataType": "float", "value": null, "defaultValue": "0", "script": null, "required": 0, "advanced": null, "timeFlag": null, "elementDataType": null, "bindDataType": null, "bindDataTypeProperty": null, "property": null, "childParams": null, "constraintType": null, "constraintValue": "", "constraintValueEn": "", "unitTypeCode": null, "unitTypeName": null, "noteCn": null, "noteEn": null, "flatten": false, "selectorType": null, "selection": null}], "constraintType": null, "constraintValue": "", "constraintValueEn": "", "unitTypeCode": "", "unitTypeName": "", "noteCn": null, "noteEn": null, "flatten": false, "selectorType": null, "selection": null}, {"paramCode": "operation", "paramName": "\u64cd\u4f5c", "ioType": "CONSTANT", "dataType": "string", "value": null, "defaultValue": "add_liquid", "script": null, "required": 0, "advanced": null, "timeFlag": null, "elementDataType": null, "bindDataType": null, "bindDataTypeProperty": null, "property": null, "childParams": [], "constraintType": null, "constraintValue": "", "constraintValueEn": "", "unitTypeCode": null, "unitTypeName": null, "noteCn": null, "noteEn": null, "flatten": false, "selectorType": null, "selection": null}]}, {"id": 1897802271687708, "code": "open_cap", "name": "\u5f00\u76d6", "noteCn": "\u5f00\u76d6", "noteEn": null, "translator": "default", "translatorArgs": {"url": "/command", "method": "POST"}, "recommend": null, "params": [{"paramCode": "operation", "paramName": "\u64cd\u4f5c", "ioType": "CONSTANT", "dataType": "string", "value": null, "defaultValue": "open_cap", "script": null, "required": 0, "advanced": null, "timeFlag": null, "elementDataType": null, "bindDataType": null, "bindDataTypeProperty": null, "property": null, "childParams": [], "constraintType": null, "constraintValue": "", "constraintValueEn": "", "unitTypeCode": null, "unitTypeName": null, "noteCn": null, "noteEn": null, "flatten": false, "selectorType": null, "selection": null}, {"paramCode": "bottle", "paramName": "\u5f00\u76d6\u7684\u74f6\u53f7", "ioType": "INPUT", "dataType": "array", "value": null, "defaultValue": "", "script": null, "required": 1, "advanced": null, "timeFlag": null, "elementDataType": "object", "bindDataType": "", "bindDataTypeProperty": "", "property": null, "childParams": [{"paramCode": "tube_num", "paramName": "\u74f6\u53f7", "ioType": "INPUT", "dataType": "string", "value": null, "defaultValue": null, "script": null, "required": 1, "advanced": null, "timeFlag": null, "elementDataType": null, "bindDataType": null, "bindDataTypeProperty": null, "property": null, "childParams": null, "constraintType": null, "constraintValue": "", "constraintValueEn": "", "unitTypeCode": null, "unitTypeName": null, "noteCn": null, "noteEn": null, "flatten": false, "selectorType": "CONTAINER", "selection": "bottle_storage"}], "constraintType": null, "constraintValue": "", "constraintValueEn": "", "unitTypeCode": null, "unitTypeName": null, "noteCn": null, "noteEn": null, "flatten": false, "selectorType": null, "selection": null}, {"paramCode": "save_cap", "paramName": "\u4fdd\u7559\u74f6\u76d6", "ioType": "INPUT", "dataType": "int", "value": null, "defaultValue": "1", "script": null, "required": 1, "advanced": null, "timeFlag": null, "elementDataType": "", "bindDataType": "", "bindDataTypeProperty": null, "property": null, "childParams": [], "constraintType": "ENUM", "constraintValue": "[{\"label\":\"\u662f\",\"value\":\"1\"},{\"label\":\"\u5426\",\"value\":\"0\"}]", "constraintValueEn": "", "unitTypeCode": null, "unitTypeName": null, "noteCn": null, "noteEn": null, "flatten": false, "selectorType": null, "selection": null}]}, {"id": 1897802271687709, "code": "tip_init", "name": "tip\u5934\u590d\u4f4d", "noteCn": "tip\u590d\u4f4d", "noteEn": "tip_init", "translator": "default", "translatorArgs": {"url": "/command", "method": "POST"}, "recommend": null, "params": [{"paramCode": "operation", "paramName": "\u6307\u4ee4", "ioType": "CONSTANT", "dataType": "string", "value": null, "defaultValue": "tip_init", "script": null, "required": 1, "advanced": null, "timeFlag": null, "elementDataType": null, "bindDataType": null, "bindDataTypeProperty": null, "property": null, "childParams": [], "constraintType": null, "constraintValue": "", "constraintValueEn": "", "unitTypeCode": null, "unitTypeName": null, "noteCn": null, "noteEn": null, "flatten": false, "selectorType": null, "selection": null}]}, {"id": 1897802271687710, "code": "lid_init", "name": "\u76d6\u5b50\u590d\u4f4d", "noteCn": "\u76d6\u5b50\u590d\u4f4d", "noteEn": "lid_init", "translator": "default", "translatorArgs": {"url": "/command", "method": "POST"}, "recommend": null, "params": [{"paramCode": "operation", "paramName": "\u6307\u4ee4", "ioType": "CONSTANT", "dataType": "string", "value": null, "defaultValue": "lid_init", "script": null, "required": 1, "advanced": null, "timeFlag": null, "elementDataType": null, "bindDataType": null, "bindDataTypeProperty": null, "property": null, "childParams": [], "constraintType": null, "constraintValue": "", "constraintValueEn": "", "unitTypeCode": null, "unitTypeName": null, "noteCn": null, "noteEn": null, "flatten": false, "selectorType": null, "selection": null}]}, {"id": 1897802271687711, "code": "online", "name": "\u5f3a\u5236\u4e0a\u7ebf", "noteCn": "\u5f3a\u5236\u4e0a\u7ebf", "noteEn": "online", "translator": "default", "translatorArgs": {"url": "/online", "method": "POST"}, "recommend": null, "params": [{"paramCode": "operation", "paramName": "\u6307\u4ee4", "ioType": "CONSTANT", "dataType": "string", "value": null, "defaultValue": "lid_init", "script": null, "required": 1, "advanced": null, "timeFlag": null, "elementDataType": null, "bindDataType": null, "bindDataTypeProperty": null, "property": null, "childParams": [], "constraintType": null, "constraintValue": "", "constraintValueEn": "", "unitTypeCode": null, "unitTypeName": null, "noteCn": null, "noteEn": null, "flatten": false, "selectorType": null, "selection": null}]}, {"id": 1897802271687712, "code": "offline", "name": "\u5f3a\u5236\u4e0b\u7ebf", "noteCn": "\u5f3a\u5236\u4e0b\u7ebf", "noteEn": "online", "translator": "default", "translatorArgs": {"url": "/offline", "method": "POST"}, "recommend": null, "params": [{"paramCode": "operation", "paramName": "\u6307\u4ee4", "ioType": "CONSTANT", "dataType": "string", "value": null, "defaultValue": "lid_init", "script": null, "required": 1, "advanced": null, "timeFlag": null, "elementDataType": null, "bindDataType": null, "bindDataTypeProperty": null, "property": null, "childParams": [], "constraintType": null, "constraintValue": "", "constraintValueEn": "", "unitTypeCode": null, "unitTypeName": null, "noteCn": null, "noteEn": null, "flatten": false, "selectorType": null, "selection": null}]}, {"id": 1897802271687713, "code": "reset_init", "name": "\u67aa\u5934\u5939\u6293\u590d\u4f4d", "noteCn": "\u67aa\u5934\u5939\u6293\u590d\u4f4d", "noteEn": "reset_init", "translator": "default", "translatorArgs": {"url": "/command", "method": "POST"}, "recommend": null, "params": [{"paramCode": "operation", "paramName": "\u547d\u4ee4", "ioType": "CONSTANT", "dataType": "string", "value": null, "defaultValue": "reset_init", "script": null, "required": 1, "advanced": null, "timeFlag": null, "elementDataType": null, "bindDataType": null, "bindDataTypeProperty": null, "property": null, "childParams": [], "constraintType": null, "constraintValue": "", "constraintValueEn": "", "unitTypeCode": null, "unitTypeName": null, "noteCn": null, "noteEn": null, "flatten": false, "selectorType": null, "selection": null}]}, {"id": 1897802271687714, "code": "add_liquid_config", "name": "\u52a0\u6837\u914d\u7f6e", "noteCn": "\u52a0\u6837\u914d\u7f6e", "noteEn": "add_liquid_config", "translator": "default", "translatorArgs": {"url": "/command", "method": "POST"}, "recommend": null, "params": [{"paramCode": "project", "paramName": "\u52a0\u6837\u65b9\u6848", "ioType": "INPUT", "dataType": "array", "value": null, "defaultValue": "", "script": null, "required": 1, "advanced": null, "timeFlag": null, "elementDataType": "object", "bindDataType": "", "bindDataTypeProperty": "", "property": null, "childParams": [{"paramCode": "tube_num", "paramName": "\u52a0\u6837\u74f6\u53f7", "ioType": "INPUT", "dataType": "string", "value": null, "defaultValue": null, "script": null, "required": 1, "advanced": null, "timeFlag": null, "elementDataType": null, "bindDataType": null, "bindDataTypeProperty": null, "property": null, "childParams": null, "constraintType": null, "constraintValue": "", "constraintValueEn": "", "unitTypeCode": null, "unitTypeName": null, "noteCn": null, "noteEn": null, "flatten": false, "selectorType": "CONTAINER", "selection": "bottle_storage"}, {"paramCode": "cap", "paramName": "\u52a0\u6837\u524d\u540e\u662f\u5426\u6709\u76d6", "ioType": "INPUT", "dataType": "string", "value": null, "defaultValue": "1", "script": null, "required": 1, "advanced": null, "timeFlag": null, "elementDataType": null, "bindDataType": null, "bindDataTypeProperty": null, "property": null, "childParams": null, "constraintType": "ENUM", "constraintValue": "[{\"label\":\"\u6709\u76d6-\u6709\u76d6\",\"value\":\"1\"},{\"label\":\"\u65e0\u76d6-\u65e0\u76d6\",\"value\":\"2\"},{\"label\":\"\u65e0\u76d6-\u6709\u76d6\",\"value\":\"3\"},{\"label\":\"\u6709\u76d6-\u65e0\u76d6\",\"value\":\"4\"}]", "constraintValueEn": "", "unitTypeCode": null, "unitTypeName": null, "noteCn": null, "noteEn": null, "flatten": false, "selectorType": null, "selection": null}, {"paramCode": "bottle0", "paramName": "1\u53f7\u539f\u6db2\u74f6(ml)", "ioType": "INPUT", "dataType": "float", "value": null, "defaultValue": "0", "script": null, "required": 0, "advanced": null, "timeFlag": null, "elementDataType": null, "bindDataType": null, "bindDataTypeProperty": null, "property": null, "childParams": null, "constraintType": null, "constraintValue": "", "constraintValueEn": "", "unitTypeCode": null, "unitTypeName": null, "noteCn": null, "noteEn": null, "flatten": false, "selectorType": null, "selection": null}, {"paramCode": "bottle1", "paramName": "2\u53f7\u539f\u6db2\u74f6(ml)", "ioType": "INPUT", "dataType": "float", "value": null, "defaultValue": "0", "script": null, "required": 0, "advanced": null, "timeFlag": null, "elementDataType": null, "bindDataType": null, "bindDataTypeProperty": null, "property": null, "childParams": null, "constraintType": null, "constraintValue": "", "constraintValueEn": "", "unitTypeCode": null, "unitTypeName": null, "noteCn": null, "noteEn": null, "flatten": false, "selectorType": null, "selection": null}, {"paramCode": "bottle2", "paramName": "3\u53f7\u539f\u6db2\u74f6(ml)", "ioType": "INPUT", "dataType": "float", "value": null, "defaultValue": "0", "script": null, "required": 0, "advanced": null, "timeFlag": null, "elementDataType": null, "bindDataType": null, "bindDataTypeProperty": null, "property": null, "childParams": null, "constraintType": null, "constraintValue": "", "constraintValueEn": "", "unitTypeCode": null, "unitTypeName": null, "noteCn": null, "noteEn": null, "flatten": false, "selectorType": null, "selection": null}, {"paramCode": "bottle3", "paramName": "4\u53f7\u539f\u6db2\u74f6(ml)", "ioType": "INPUT", "dataType": "float", "value": null, "defaultValue": "0", "script": null, "required": 0, "advanced": null, "timeFlag": null, "elementDataType": null, "bindDataType": null, "bindDataTypeProperty": null, "property": null, "childParams": null, "constraintType": null, "constraintValue": "", "constraintValueEn": "", "unitTypeCode": null, "unitTypeName": null, "noteCn": null, "noteEn": null, "flatten": false, "selectorType": null, "selection": null}, {"paramCode": "bottle4", "paramName": "5\u53f7\u539f\u6db2\u74f6(ml)", "ioType": "INPUT", "dataType": "float", "value": null, "defaultValue": "0", "script": null, "required": 0, "advanced": null, "timeFlag": null, "elementDataType": null, "bindDataType": null, "bindDataTypeProperty": null, "property": null, "childParams": null, "constraintType": null, "constraintValue": "", "constraintValueEn": "", "unitTypeCode": null, "unitTypeName": null, "noteCn": null, "noteEn": null, "flatten": false, "selectorType": null, "selection": null}, {"paramCode": "bottle5", "paramName": "6\u53f7\u539f\u6db2\u74f6(ml)", "ioType": "INPUT", "dataType": "float", "value": null, "defaultValue": "0", "script": null, "required": 0, "advanced": null, "timeFlag": null, "elementDataType": null, "bindDataType": null, "bindDataTypeProperty": null, "property": null, "childParams": null, "constraintType": null, "constraintValue": "", "constraintValueEn": "", "unitTypeCode": null, "unitTypeName": null, "noteCn": null, "noteEn": null, "flatten": false, "selectorType": null, "selection": null}, {"paramCode": "bottle6", "paramName": "7\u53f7\u539f\u6db2\u74f6(ml)", "ioType": "INPUT", "dataType": "float", "value": null, "defaultValue": "0", "script": null, "required": 0, "advanced": null, "timeFlag": null, "elementDataType": null, "bindDataType": null, "bindDataTypeProperty": null, "property": null, "childParams": null, "constraintType": null, "constraintValue": "", "constraintValueEn": "", "unitTypeCode": null, "unitTypeName": null, "noteCn": null, "noteEn": null, "flatten": false, "selectorType": null, "selection": null}, {"paramCode": "bottle7", "paramName": "8\u53f7\u539f\u6db2\u74f6(ml)", "ioType": "INPUT", "dataType": "float", "value": null, "defaultValue": "0", "script": null, "required": 0, "advanced": null, "timeFlag": null, "elementDataType": null, "bindDataType": null, "bindDataTypeProperty": null, "property": null, "childParams": null, "constraintType": null, "constraintValue": "", "constraintValueEn": "", "unitTypeCode": null, "unitTypeName": null, "noteCn": null, "noteEn": null, "flatten": false, "selectorType": null, "selection": null}], "constraintType": null, "constraintValue": "", "constraintValueEn": "", "unitTypeCode": "", "unitTypeName": "", "noteCn": null, "noteEn": null, "flatten": false, "selectorType": null, "selection": null}, {"paramCode": "operation", "paramName": "\u64cd\u4f5c", "ioType": "CONSTANT", "dataType": "string", "value": null, "defaultValue": "add_liquid_config", "script": null, "required": 0, "advanced": null, "timeFlag": null, "elementDataType": null, "bindDataType": null, "bindDataTypeProperty": null, "property": null, "childParams": [], "constraintType": null, "constraintValue": "", "constraintValueEn": "", "unitTypeCode": null, "unitTypeName": null, "noteCn": null, "noteEn": null, "flatten": false, "selectorType": null, "selection": null}]}, {"id": 1897802271687715, "code": "real_add_liquid", "name": "\u771f\u5b9e\u52a0\u6837", "noteCn": "\u771f\u5b9e\u52a0\u6837", "noteEn": "real_add_liquid", "translator": "default", "translatorArgs": {"url": "/command", "method": "POST"}, "recommend": null, "params": [{"paramCode": "operation", "paramName": "\u64cd\u4f5c", "ioType": "CONSTANT", "dataType": "string", "value": null, "defaultValue": "add_liquid", "script": null, "required": 0, "advanced": null, "timeFlag": null, "elementDataType": null, "bindDataType": null, "bindDataTypeProperty": null, "property": null, "childParams": [], "constraintType": null, "constraintValue": "", "constraintValueEn": "", "unitTypeCode": null, "unitTypeName": null, "noteCn": null, "noteEn": null, "flatten": false, "selectorType": null, "selection": null}]}, {"id": 1897802271687716, "code": "close_cap", "name": "\u5173\u76d6", "noteCn": null, "noteEn": null, "translator": "default", "translatorArgs": {"url": "/command", "method": "POST"}, "recommend": null, "params": [{"paramCode": "bottle", "paramName": "\u5f00\u76d6\u7684\u74f6\u53f7", "ioType": "INPUT", "dataType": "array", "value": null, "defaultValue": "", "script": null, "required": 1, "advanced": null, "timeFlag": null, "elementDataType": "object", "bindDataType": "", "bindDataTypeProperty": "", "property": null, "childParams": [{"paramCode": "tube_num", "paramName": "\u74f6\u53f7", "ioType": "INPUT", "dataType": "string", "value": null, "defaultValue": null, "script": null, "required": 1, "advanced": null, "timeFlag": null, "elementDataType": null, "bindDataType": null, "bindDataTypeProperty": null, "property": null, "childParams": null, "constraintType": null, "constraintValue": "", "constraintValueEn": "", "unitTypeCode": null, "unitTypeName": null, "noteCn": null, "noteEn": null, "flatten": false, "selectorType": "CONTAINER", "selection": "bottle_storage"}], "constraintType": null, "constraintValue": "", "constraintValueEn": "", "unitTypeCode": null, "unitTypeName": null, "noteCn": null, "noteEn": null, "flatten": false, "selectorType": null, "selection": null}, {"paramCode": "operation", "paramName": "\u64cd\u4f5c", "ioType": "CONSTANT", "dataType": "string", "value": null, "defaultValue": "close_cap", "script": null, "required": 0, "advanced": null, "timeFlag": null, "elementDataType": null, "bindDataType": null, "bindDataTypeProperty": null, "property": null, "childParams": [], "constraintType": null, "constraintValue": "", "constraintValueEn": "", "unitTypeCode": null, "unitTypeName": null, "noteCn": null, "noteEn": null, "flatten": false, "selectorType": null, "selection": null}]}, {"id": 1897802271687717, "code": "move_liquid", "name": "\u79fb\u6db2", "noteCn": "\u79fb\u6db2", "noteEn": "move_liquid", "translator": "default", "translatorArgs": {"url": "/command", "method": "POST"}, "recommend": null, "params": [{"paramCode": "project", "paramName": "\u79fb\u6db2\u65b9\u6848", "ioType": "INPUT", "dataType": "array", "value": null, "defaultValue": "", "script": null, "required": 1, "advanced": null, "timeFlag": null, "elementDataType": "object", "bindDataType": "", "bindDataTypeProperty": "", "property": null, "childParams": [{"paramCode": "tube_num", "paramName": "\u6bcd\u6db2\u74f6\u53f7", "ioType": "INPUT", "dataType": "string", "value": null, "defaultValue": null, "script": null, "required": 1, "advanced": null, "timeFlag": null, "elementDataType": null, "bindDataType": null, "bindDataTypeProperty": null, "property": null, "childParams": null, "constraintType": null, "constraintValue": "", "constraintValueEn": "", "unitTypeCode": null, "unitTypeName": null, "noteCn": null, "noteEn": null, "flatten": false, "selectorType": "CONTAINER", "selection": "bottle"}, {"paramCode": "hole_plate", "paramName": "\u5b54\u677f\u914d\u7f6e", "ioType": "INPUT", "dataType": "array", "value": null, "defaultValue": null, "script": null, "required": 1, "advanced": null, "timeFlag": null, "elementDataType": null, "bindDataType": null, "bindDataTypeProperty": null, "property": null, "childParams": [{"paramCode": "hole_location", "paramName": "\u5b54\u4f4d", "ioType": "INPUT", "dataType": "string", "value": null, "defaultValue": null, "script": null, "required": 0, "advanced": null, "timeFlag": null, "elementDataType": null, "bindDataType": null, "bindDataTypeProperty": null, "property": null, "childParams": [], "constraintType": "ENUM", "constraintValue": "[{\"label\": \"A1\", \"value\": \"0\"}, {\"label\": \"A2\", \"value\": \"1\"}, {\"label\": \"A3\", \"value\": \"2\"}, {\"label\": \"A4\", \"value\": \"3\"}, {\"label\": \"A5\", \"value\": \"4\"}, {\"label\": \"A6\", \"value\": \"5\"}, {\"label\": \"A7\", \"value\": \"6\"}, {\"label\": \"A8\", \"value\": \"7\"}, {\"label\": \"A9\", \"value\": \"8\"}, {\"label\": \"A10\", \"value\": \"9\"}, {\"label\": \"A11\", \"value\": \"10\"}, {\"label\": \"A12\", \"value\": \"11\"}, {\"label\": \"B1\", \"value\": \"12\"}, {\"label\": \"B2\", \"value\": \"13\"}, {\"label\": \"B3\", \"value\": \"14\"}, {\"label\": \"B4\", \"value\": \"15\"}, {\"label\": \"B5\", \"value\": \"16\"}, {\"label\": \"B6\", \"value\": \"17\"}, {\"label\": \"B7\", \"value\": \"18\"}, {\"label\": \"B8\", \"value\": \"19\"}, {\"label\": \"B9\", \"value\": \"20\"}, {\"label\": \"B10\", \"value\": \"21\"}, {\"label\": \"B11\", \"value\": \"22\"}, {\"label\": \"B12\", \"value\": \"23\"}, {\"label\": \"C1\", \"value\": \"24\"}, {\"label\": \"C2\", \"value\": \"25\"}, {\"label\": \"C3\", \"value\": \"26\"}, {\"label\": \"C4\", \"value\": \"27\"}, {\"label\": \"C5\", \"value\": \"28\"}, {\"label\": \"C6\", \"value\": \"29\"}, {\"label\": \"C7\", \"value\": \"30\"}, {\"label\": \"C8\", \"value\": \"31\"}, {\"label\": \"C9\", \"value\": \"32\"}, {\"label\": \"C10\", \"value\": \"33\"}, {\"label\": \"C11\", \"value\": \"34\"}, {\"label\": \"C12\", \"value\": \"35\"}, {\"label\": \"D1\", \"value\": \"36\"}, {\"label\": \"D2\", \"value\": \"37\"}, {\"label\": \"D3\", \"value\": \"38\"}, {\"label\": \"D4\", \"value\": \"39\"}, {\"label\": \"D5\", \"value\": \"40\"}, {\"label\": \"D6\", \"value\": \"41\"}, {\"label\": \"D7\", \"value\": \"42\"}, {\"label\": \"D8\", \"value\": \"43\"}, {\"label\": \"D9\", \"value\": \"44\"}, {\"label\": \"D10\", \"value\": \"45\"}, {\"label\": \"D11\", \"value\": \"46\"}, {\"label\": \"D12\", \"value\": \"47\"}, {\"label\": \"E1\", \"value\": \"48\"}, {\"label\": \"E2\", \"value\": \"49\"}, {\"label\": \"E3\", \"value\": \"50\"}, {\"label\": \"E4\", \"value\": \"51\"}, {\"label\": \"E5\", \"value\": \"52\"}, {\"label\": \"E6\", \"value\": \"53\"}, {\"label\": \"E7\", \"value\": \"54\"}, {\"label\": \"E8\", \"value\": \"55\"}, {\"label\": \"E9\", \"value\": \"56\"}, {\"label\": \"E10\", \"value\": \"57\"}, {\"label\": \"E11\", \"value\": \"58\"}, {\"label\": \"E12\", \"value\": \"59\"}, {\"label\": \"F1\", \"value\": \"60\"}, {\"label\": \"F2\", \"value\": \"61\"}, {\"label\": \"F3\", \"value\": \"62\"}, {\"label\": \"F4\", \"value\": \"63\"}, {\"label\": \"F5\", \"value\": \"64\"}, {\"label\": \"F6\", \"value\": \"65\"}, {\"label\": \"F7\", \"value\": \"66\"}, {\"label\": \"F8\", \"value\": \"67\"}, {\"label\": \"F9\", \"value\": \"68\"}, {\"label\": \"F10\", \"value\": \"69\"}, {\"label\": \"F11\", \"value\": \"70\"}, {\"label\": \"F12\", \"value\": \"71\"}, {\"label\": \"G1\", \"value\": \"72\"}, {\"label\": \"G2\", \"value\": \"73\"}, {\"label\": \"G3\", \"value\": \"74\"}, {\"label\": \"G4\", \"value\": \"75\"}, {\"label\": \"G5\", \"value\": \"76\"}, {\"label\": \"G6\", \"value\": \"77\"}, {\"label\": \"G7\", \"value\": \"78\"}, {\"label\": \"G8\", \"value\": \"79\"}, {\"label\": \"G9\", \"value\": \"80\"}, {\"label\": \"G10\", \"value\": \"81\"}, {\"label\": \"G11\", \"value\": \"82\"}, {\"label\": \"G12\", \"value\": \"83\"}, {\"label\": \"H1\", \"value\": \"84\"}, {\"label\": \"H2\", \"value\": \"85\"}, {\"label\": \"H3\", \"value\": \"86\"}, {\"label\": \"H4\", \"value\": \"87\"}, {\"label\": \"H5\", \"value\": \"88\"}, {\"label\": \"H6\", \"value\": \"89\"}, {\"label\": \"H7\", \"value\": \"90\"}, {\"label\": \"H8\", \"value\": \"91\"}, {\"label\": \"H9\", \"value\": \"92\"}, {\"label\": \"H10\", \"value\": \"93\"}, {\"label\": \"H11\", \"value\": \"94\"}, {\"label\": \"H12\", \"value\": \"95\"}]", "constraintValueEn": "", "unitTypeCode": null, "unitTypeName": null, "noteCn": null, "noteEn": null, "flatten": false, "selectorType": null, "selection": null}, {"paramCode": "volume", "paramName": "\u52a0\u6db2\u91cf(ml)", "ioType": "INPUT", "dataType": "float", "value": null, "defaultValue": null, "script": null, "required": 0, "advanced": null, "timeFlag": null, "elementDataType": "", "bindDataType": "", "bindDataTypeProperty": null, "property": null, "childParams": [], "constraintType": null, "constraintValue": "", "constraintValueEn": "", "unitTypeCode": null, "unitTypeName": null, "noteCn": null, "noteEn": null, "flatten": false, "selectorType": null, "selection": null}], "constraintType": null, "constraintValue": "", "constraintValueEn": "", "unitTypeCode": null, "unitTypeName": null, "noteCn": null, "noteEn": null, "flatten": false, "selectorType": null, "selection": null}], "constraintType": null, "constraintValue": "", "constraintValueEn": "", "unitTypeCode": "", "unitTypeName": "", "noteCn": null, "noteEn": null, "flatten": false, "selectorType": null, "selection": null}, {"paramCode": "operation", "paramName": "\u64cd\u4f5c", "ioType": "CONSTANT", "dataType": "string", "value": null, "defaultValue": "move_liquid", "script": null, "required": 0, "advanced": null, "timeFlag": null, "elementDataType": null, "bindDataType": null, "bindDataTypeProperty": null, "property": null, "childParams": [], "constraintType": null, "constraintValue": "", "constraintValueEn": "", "unitTypeCode": null, "unitTypeName": null, "noteCn": null, "noteEn": null, "flatten": false, "selectorType": null, "selection": null}]}, {"id": 1897802271687718, "code": "add_liquid_xilin_1", "name": "\u52a0\u6db2_\u897f\u6797\u74f6", "noteCn": "\u52a0\u6db2_\u897f\u6797\u74f6", "noteEn": "add_liquid_xilin", "translator": "default", "translatorArgs": {"url": "/command", "method": "POST"}, "recommend": null, "params": [{"paramCode": "project", "paramName": "\u52a0\u6837\u65b9\u6848", "ioType": "INPUT", "dataType": "array", "value": null, "defaultValue": "", "script": null, "required": 1, "advanced": null, "timeFlag": null, "elementDataType": "object", "bindDataType": "", "bindDataTypeProperty": "", "property": null, "childParams": [{"paramCode": "tube_num", "paramName": "\u52a0\u6837\u74f6\u53f7", "ioType": "INPUT", "dataType": "string", "value": null, "defaultValue": null, "script": null, "required": 1, "advanced": null, "timeFlag": null, "elementDataType": null, "bindDataType": null, "bindDataTypeProperty": null, "property": null, "childParams": null, "constraintType": null, "constraintValue": "", "constraintValueEn": "", "unitTypeCode": null, "unitTypeName": null, "noteCn": null, "noteEn": null, "flatten": false, "selectorType": "CONTAINER", "selection": "bottle"}, {"paramCode": "bottle0", "paramName": "1\u53f7\u539f\u6db2\u74f6(ml)", "ioType": "INPUT", "dataType": "float", "value": null, "defaultValue": "0", "script": null, "required": 0, "advanced": null, "timeFlag": null, "elementDataType": null, "bindDataType": null, "bindDataTypeProperty": null, "property": null, "childParams": null, "constraintType": null, "constraintValue": "", "constraintValueEn": "", "unitTypeCode": null, "unitTypeName": null, "noteCn": null, "noteEn": null, "flatten": false, "selectorType": null, "selection": null}, {"paramCode": "bottle1", "paramName": "2\u53f7\u539f\u6db2\u74f6(ml)", "ioType": "INPUT", "dataType": "float", "value": null, "defaultValue": "0", "script": null, "required": 0, "advanced": null, "timeFlag": null, "elementDataType": null, "bindDataType": null, "bindDataTypeProperty": null, "property": null, "childParams": null, "constraintType": null, "constraintValue": "", "constraintValueEn": "", "unitTypeCode": null, "unitTypeName": null, "noteCn": null, "noteEn": null, "flatten": false, "selectorType": null, "selection": null}, {"paramCode": "bottle2", "paramName": "3\u53f7\u539f\u6db2\u74f6(ml)", "ioType": "INPUT", "dataType": "float", "value": null, "defaultValue": "0", "script": null, "required": 0, "advanced": null, "timeFlag": null, "elementDataType": null, "bindDataType": null, "bindDataTypeProperty": null, "property": null, "childParams": null, "constraintType": null, "constraintValue": "", "constraintValueEn": "", "unitTypeCode": null, "unitTypeName": null, "noteCn": null, "noteEn": null, "flatten": false, "selectorType": null, "selection": null}, {"paramCode": "bottle3", "paramName": "4\u53f7\u539f\u6db2\u74f6(ml)", "ioType": "INPUT", "dataType": "float", "value": null, "defaultValue": "0", "script": null, "required": 0, "advanced": null, "timeFlag": null, "elementDataType": null, "bindDataType": null, "bindDataTypeProperty": null, "property": null, "childParams": null, "constraintType": null, "constraintValue": "", "constraintValueEn": "", "unitTypeCode": null, "unitTypeName": null, "noteCn": null, "noteEn": null, "flatten": false, "selectorType": null, "selection": null}, {"paramCode": "bottle4", "paramName": "5\u53f7\u539f\u6db2\u74f6(ml)", "ioType": "INPUT", "dataType": "float", "value": null, "defaultValue": "0", "script": null, "required": 0, "advanced": null, "timeFlag": null, "elementDataType": null, "bindDataType": null, "bindDataTypeProperty": null, "property": null, "childParams": null, "constraintType": null, "constraintValue": "", "constraintValueEn": "", "unitTypeCode": null, "unitTypeName": null, "noteCn": null, "noteEn": null, "flatten": false, "selectorType": null, "selection": null}, {"paramCode": "bottle5", "paramName": "6\u53f7\u539f\u6db2\u74f6(ml)", "ioType": "INPUT", "dataType": "float", "value": null, "defaultValue": "0", "script": null, "required": 0, "advanced": null, "timeFlag": null, "elementDataType": null, "bindDataType": null, "bindDataTypeProperty": null, "property": null, "childParams": null, "constraintType": null, "constraintValue": "", "constraintValueEn": "", "unitTypeCode": null, "unitTypeName": null, "noteCn": null, "noteEn": null, "flatten": false, "selectorType": null, "selection": null}, {"paramCode": "bottle6", "paramName": "7\u53f7\u539f\u6db2\u74f6(ml)", "ioType": "INPUT", "dataType": "float", "value": null, "defaultValue": "0", "script": null, "required": 0, "advanced": null, "timeFlag": null, "elementDataType": null, "bindDataType": null, "bindDataTypeProperty": null, "property": null, "childParams": null, "constraintType": null, "constraintValue": "", "constraintValueEn": "", "unitTypeCode": null, "unitTypeName": null, "noteCn": null, "noteEn": null, "flatten": false, "selectorType": null, "selection": null}, {"paramCode": "bottle7", "paramName": "8\u53f7\u539f\u6db2\u74f6(ml)", "ioType": "INPUT", "dataType": "float", "value": null, "defaultValue": "0", "script": null, "required": 0, "advanced": null, "timeFlag": null, "elementDataType": null, "bindDataType": null, "bindDataTypeProperty": null, "property": null, "childParams": null, "constraintType": null, "constraintValue": "", "constraintValueEn": "", "unitTypeCode": null, "unitTypeName": null, "noteCn": null, "noteEn": null, "flatten": false, "selectorType": null, "selection": null}], "constraintType": null, "constraintValue": "", "constraintValueEn": "", "unitTypeCode": "", "unitTypeName": "", "noteCn": null, "noteEn": null, "flatten": false, "selectorType": null, "selection": null}, {"paramCode": "operation", "paramName": "\u64cd\u4f5c", "ioType": "CONSTANT", "dataType": "string", "value": null, "defaultValue": "add_liquid", "script": null, "required": 0, "advanced": null, "timeFlag": null, "elementDataType": null, "bindDataType": null, "bindDataTypeProperty": null, "property": null, "childParams": [], "constraintType": null, "constraintValue": "", "constraintValueEn": "", "unitTypeCode": null, "unitTypeName": null, "noteCn": null, "noteEn": null, "flatten": false, "selectorType": null, "selection": null}]}, {"id": 1897802271687719, "code": "add_liquid_xilin", "name": "\u52a0\u6db2_\u897f\u6797\u74f6", "noteCn": "\u52a0\u6db2_\u897f\u6797\u74f6", "noteEn": "add_liquid_xilin", "translator": "default", "translatorArgs": {"url": "/command", "method": "POST"}, "recommend": null, "params": [{"paramCode": "project", "paramName": "\u52a0\u6837\u65b9\u6848", "ioType": "INPUT", "dataType": "array", "value": null, "defaultValue": "", "script": null, "required": 1, "advanced": null, "timeFlag": null, "elementDataType": "object", "bindDataType": "", "bindDataTypeProperty": "", "property": null, "childParams": [{"paramCode": "tube_num", "paramName": "\u52a0\u6837\u74f6\u53f7", "ioType": "INPUT", "dataType": "string", "value": null, "defaultValue": null, "script": null, "required": 1, "advanced": null, "timeFlag": null, "elementDataType": null, "bindDataType": null, "bindDataTypeProperty": null, "property": null, "childParams": null, "constraintType": null, "constraintValue": "", "constraintValueEn": "", "unitTypeCode": null, "unitTypeName": null, "noteCn": null, "noteEn": null, "flatten": false, "selectorType": "CONTAINER", "selection": "bottle"}, {"paramCode": "cap", "paramName": "\u52a0\u6837\u524d\u540e\u662f\u5426\u6709\u76d6", "ioType": "INPUT", "dataType": "string", "value": null, "defaultValue": "2", "script": null, "required": 1, "advanced": null, "timeFlag": null, "elementDataType": null, "bindDataType": null, "bindDataTypeProperty": null, "property": null, "childParams": null, "constraintType": "ENUM", "constraintValue": "[{\"label\":\"\u6709\u76d6-\u6709\u76d6\",\"value\":\"1\"},{\"label\":\"\u65e0\u76d6-\u65e0\u76d6\",\"value\":\"2\"},{\"label\":\"\u65e0\u76d6-\u6709\u76d6\",\"value\":\"3\"},{\"label\":\"\u6709\u76d6-\u65e0\u76d6\",\"value\":\"4\"}]", "constraintValueEn": "", "unitTypeCode": null, "unitTypeName": null, "noteCn": null, "noteEn": null, "flatten": false, "selectorType": null, "selection": null}, {"paramCode": "bottle0", "paramName": "1\u53f7\u539f\u6db2\u74f6(ml)", "ioType": "INPUT", "dataType": "float", "value": null, "defaultValue": "0", "script": null, "required": 0, "advanced": null, "timeFlag": null, "elementDataType": null, "bindDataType": null, "bindDataTypeProperty": null, "property": null, "childParams": null, "constraintType": null, "constraintValue": "", "constraintValueEn": "", "unitTypeCode": null, "unitTypeName": null, "noteCn": null, "noteEn": null, "flatten": false, "selectorType": null, "selection": null}, {"paramCode": "bottle1", "paramName": "2\u53f7\u539f\u6db2\u74f6(ml)", "ioType": "INPUT", "dataType": "float", "value": null, "defaultValue": "0", "script": null, "required": 0, "advanced": null, "timeFlag": null, "elementDataType": null, "bindDataType": null, "bindDataTypeProperty": null, "property": null, "childParams": null, "constraintType": null, "constraintValue": "", "constraintValueEn": "", "unitTypeCode": null, "unitTypeName": null, "noteCn": null, "noteEn": null, "flatten": false, "selectorType": null, "selection": null}, {"paramCode": "bottle2", "paramName": "3\u53f7\u539f\u6db2\u74f6(ml)", "ioType": "INPUT", "dataType": "float", "value": null, "defaultValue": "0", "script": null, "required": 0, "advanced": null, "timeFlag": null, "elementDataType": null, "bindDataType": null, "bindDataTypeProperty": null, "property": null, "childParams": null, "constraintType": null, "constraintValue": "", "constraintValueEn": "", "unitTypeCode": null, "unitTypeName": null, "noteCn": null, "noteEn": null, "flatten": false, "selectorType": null, "selection": null}, {"paramCode": "bottle3", "paramName": "4\u53f7\u539f\u6db2\u74f6(ml)", "ioType": "INPUT", "dataType": "float", "value": null, "defaultValue": "0", "script": null, "required": 0, "advanced": null, "timeFlag": null, "elementDataType": null, "bindDataType": null, "bindDataTypeProperty": null, "property": null, "childParams": null, "constraintType": null, "constraintValue": "", "constraintValueEn": "", "unitTypeCode": null, "unitTypeName": null, "noteCn": null, "noteEn": null, "flatten": false, "selectorType": null, "selection": null}, {"paramCode": "bottle4", "paramName": "5\u53f7\u539f\u6db2\u74f6(ml)", "ioType": "INPUT", "dataType": "float", "value": null, "defaultValue": "0", "script": null, "required": 0, "advanced": null, "timeFlag": null, "elementDataType": null, "bindDataType": null, "bindDataTypeProperty": null, "property": null, "childParams": null, "constraintType": null, "constraintValue": "", "constraintValueEn": "", "unitTypeCode": null, "unitTypeName": null, "noteCn": null, "noteEn": null, "flatten": false, "selectorType": null, "selection": null}, {"paramCode": "bottle5", "paramName": "6\u53f7\u539f\u6db2\u74f6(ml)", "ioType": "INPUT", "dataType": "float", "value": null, "defaultValue": "0", "script": null, "required": 0, "advanced": null, "timeFlag": null, "elementDataType": null, "bindDataType": null, "bindDataTypeProperty": null, "property": null, "childParams": null, "constraintType": null, "constraintValue": "", "constraintValueEn": "", "unitTypeCode": null, "unitTypeName": null, "noteCn": null, "noteEn": null, "flatten": false, "selectorType": null, "selection": null}, {"paramCode": "bottle6", "paramName": "7\u53f7\u539f\u6db2\u74f6(ml)", "ioType": "INPUT", "dataType": "float", "value": null, "defaultValue": "0", "script": null, "required": 0, "advanced": null, "timeFlag": null, "elementDataType": null, "bindDataType": null, "bindDataTypeProperty": null, "property": null, "childParams": null, "constraintType": null, "constraintValue": "", "constraintValueEn": "", "unitTypeCode": null, "unitTypeName": null, "noteCn": null, "noteEn": null, "flatten": false, "selectorType": null, "selection": null}, {"paramCode": "bottle7", "paramName": "8\u53f7\u539f\u6db2\u74f6(ml)", "ioType": "INPUT", "dataType": "float", "value": null, "defaultValue": "0", "script": null, "required": 0, "advanced": null, "timeFlag": null, "elementDataType": null, "bindDataType": null, "bindDataTypeProperty": null, "property": null, "childParams": null, "constraintType": null, "constraintValue": "", "constraintValueEn": "", "unitTypeCode": null, "unitTypeName": null, "noteCn": null, "noteEn": null, "flatten": false, "selectorType": null, "selection": null}], "constraintType": null, "constraintValue": "", "constraintValueEn": "", "unitTypeCode": "", "unitTypeName": "", "noteCn": null, "noteEn": null, "flatten": false, "selectorType": null, "selection": null}, {"paramCode": "operation", "paramName": "\u64cd\u4f5c", "ioType": "CONSTANT", "dataType": "string", "value": null, "defaultValue": "add_liquid", "script": null, "required": 0, "advanced": null, "timeFlag": null, "elementDataType": null, "bindDataType": null, "bindDataTypeProperty": null, "property": null, "childParams": [], "constraintType": null, "constraintValue": "", "constraintValueEn": "", "unitTypeCode": null, "unitTypeName": null, "noteCn": null, "noteEn": null, "flatten": false, "selectorType": null, "selection": null}]}], "allocates": [{"containerTypeCode": "bottle_storage", "maxHandleSize": 10}, {"containerTypeCode": "bottle", "maxHandleSize": 10}, {"containerTypeCode": "96_hole_plate", "maxHandleSize": 1}], "commands": [{"code": "allocation", "name": "\u5bb9\u5668\u5206\u914d", "noteCn": "\u5bb9\u5668\u5206\u914d", "noteEn": "allocation", "actionCode": "allocate_container", "actionName": "allocate\u5206\u914d\u5bb9\u5668\u6307\u4ee4", "params": [{"paramCode": "containerType", "value": "[{\"minCount\":0,\"containerTypeCode\":\"bottle_storage\",\"containerTypeName\":\"\u8fdb\u6837\u74f6\",\"allocateMode\":\"new\",\"maxCount\":10,\"defaultCount\":0},{\"minCount\":0,\"maxCount\":1,\"containerTypeCode\":\"96_hole_plate\",\"containerTypeName\":\"96\u5b54\u677f\",\"allocateMode\":\"new\",\"defaultCount\":0},{\"minCount\":0,\"maxCount\":10,\"containerTypeCode\":\"bottle\",\"containerTypeName\":\"\u897f\u6797\u74f6\",\"allocateMode\":\"new\",\"defaultCount\":0}]"}, {"paramCode": "allocateOrder", "value": "small"}, {"paramCode": "allocateWorkstations", "value": "[]"}]}, {"code": "put", "name": "\u653e\u7f6e\u79bb\u5fc3\u7ba1", "noteCn": "\u653e\u7f6e\u79bb\u5fc3\u7ba1", "noteEn": "put", "actionCode": "put", "actionName": "put\u653e\u7f6e\u6307\u4ee4", "params": [{"paramCode": "containerType", "value": "{\"containerTypeCode\":\"bottle_storage\",\"containerTypeName\":\"\u8fdb\u6837\u74f6\"}"}, {"paramCode": "slotType", "value": "{}"}, {"paramCode": "robotCodes", "value": "[{\"robotCode\":\"hf_robot_4\",\"robotName\":\"\u822a\u53d1_303\"}]"}, {"paramCode": "fromOrder", "value": "small"}, {"paramCode": "toOrder", "value": "small"}, {"paramCode": "withParentContainerType", "value": "{\"containerTypeCode\":\"rack\",\"containerTypeName\":\"\u6837\u54c1\u67b6\"}"}]}, {"code": "take", "name": "\u62ff\u53d6\u79bb\u5fc3\u7ba1", "noteCn": "\u62ff\u53d6\u79bb\u5fc3\u7ba1", "noteEn": "take", "actionCode": "take", "actionName": "take\u62ff\u53d6\u6307\u4ee4", "params": [{"paramCode": "containerType", "value": "{\"containerTypeCode\":\"bottle_storage\",\"containerTypeName\":\"\u8fdb\u6837\u74f6\"}"}, {"paramCode": "slotType", "value": "{}"}, {"paramCode": "robotCodes", "value": "[{\"robotCode\":\"hf_robot_4\",\"robotName\":\"\u822a\u53d1_303\"}]"}, {"paramCode": "fromOrder", "value": "small"}, {"paramCode": "toOrder", "value": "small"}, {"paramCode": "storageWorkstation", "value": "{}"}, {"paramCode": "userDefinedPos", "value": ""}, {"paramCode": "withParentContainerType", "value": "{\"containerTypeCode\":\"rack\",\"containerTypeName\":\"\u6837\u54c1\u67b6\"}"}]}, {"code": "common", "name": "\u901a\u7528\u6307\u4ee4", "noteCn": "\u901a\u7528\u6307\u4ee4", "noteEn": "common", "actionCode": "common", "actionName": "\u901a\u7528\u6307\u4ee4", "params": [{"paramCode": "robotCodes", "value": "[{\"robotCode\":\"hf_robot_4\",\"robotName\":\"\u822a\u53d1_303\"}]"}]}, {"code": "put_all", "name": "\u653e\u7f6e\u6240\u6709\u5bb9\u5668", "noteCn": null, "noteEn": null, "actionCode": "put_all", "actionName": "put_all\u6307\u4ee4", "params": [{"paramCode": "containerTypeList", "value": "[{\"containerTypeCode\":\"bottle_storage\",\"containerTypeName\":\"\u8fdb\u6837\u74f6\",\"withParentContainerTypeCode\":\"rack\"},{\"containerTypeCode\":\"bottle\",\"containerTypeName\":\"\u897f\u6797\u74f6\",\"withParentContainerTypeCode\":\"rack\"}]"}, {"paramCode": "robotCodes", "value": "[{\"robotCode\":\"hf_robot_4\",\"robotName\":\"\u822a\u53d1_303\"}]"}, {"paramCode": "fromOrder", "value": "small"}, {"paramCode": "toOrder", "value": "small"}]}, {"code": "put_xilin", "name": "\u653e\u7f6e\u897f\u6797\u74f6", "noteCn": null, "noteEn": null, "actionCode": "put", "actionName": "put\u6307\u4ee4", "params": [{"paramCode": "containerType", "value": "{\"containerTypeCode\":\"bottle\",\"containerTypeName\":\"\u897f\u6797\u74f6\"}"}, {"paramCode": "slotType", "value": "{}"}, {"paramCode": "robotCodes", "value": "[{\"robotCode\":\"hf_robot_4\",\"robotName\":\"\u822a\u53d1_303\"}]"}, {"paramCode": "fromOrder", "value": "small"}, {"paramCode": "toOrder", "value": "small"}, {"paramCode": "storageWorkstation", "value": "{}"}, {"paramCode": "userDefinedPos", "value": "undefined"}, {"paramCode": "withParentContainerType", "value": "{\"containerTypeCode\":\"rack\",\"containerTypeName\":\"\u6837\u54c1\u67b6\"}"}]}, {"code": "put_96_hole_plate", "name": "\u653e\u7f6e96\u5b54\u677f", "noteCn": null, "noteEn": null, "actionCode": "put", "actionName": "put\u6307\u4ee4", "params": [{"paramCode": "containerType", "value": "{\"containerTypeCode\":\"96_hole_plate\",\"containerTypeName\":\"96\u5b54\u677f\"}"}, {"paramCode": "slotType", "value": "{}"}, {"paramCode": "robotCodes", "value": "[{\"robotCode\":\"hf_robot_material\",\"robotName\":\"\u822a\u53d1_\u7269\u6599\u7ad9\"},{\"robotCode\":\"hf_2\",\"robotName\":\"\u822a\u53d1_\u7535\u5316\u5b66\"}]"}, {"paramCode": "fromOrder", "value": "small"}, {"paramCode": "toOrder", "value": "small"}, {"paramCode": "storageWorkstation", "value": "{}"}, {"paramCode": "userDefinedPos", "value": "undefined"}, {"paramCode": "withParentContainerType", "value": "{}"}]}, {"code": "take_xilin", "name": "\u62ff\u53d6\u897f\u6797\u74f6", "noteCn": null, "noteEn": null, "actionCode": "take", "actionName": "take\u6307\u4ee4", "params": [{"paramCode": "containerType", "value": "{\"containerTypeCode\":\"bottle\",\"containerTypeName\":\"\u897f\u6797\u74f6\"}"}, {"paramCode": "slotType", "value": "{}"}, {"paramCode": "robotCodes", "value": "[{\"robotCode\":\"hf_robot_4\",\"robotName\":\"\u822a\u53d1_303\"}]"}, {"paramCode": "fromOrder", "value": "small"}, {"paramCode": "toOrder", "value": "small"}, {"paramCode": "storageWorkstation", "value": "{}"}, {"paramCode": "userDefinedPos", "value": "undefined"}, {"paramCode": "withParentContainerType", "value": "{\"containerTypeCode\":\"rack\",\"containerTypeName\":\"\u6837\u54c1\u67b6\"}"}]}, {"code": "take_96_hole_plate", "name": "\u62ff\u53d696\u5b54\u677f", "noteCn": null, "noteEn": null, "actionCode": "take", "actionName": "take\u6307\u4ee4", "params": [{"paramCode": "containerType", "value": "{\"containerTypeCode\":\"96_hole_plate\",\"containerTypeName\":\"96\u5b54\u677f\"}"}, {"paramCode": "slotType", "value": "{}"}, {"paramCode": "robotCodes", "value": "[{\"robotCode\":\"hf_2\",\"robotName\":\"\u822a\u53d1_\u7535\u5316\u5b66\"}]"}, {"paramCode": "fromOrder", "value": "small"}, {"paramCode": "toOrder", "value": "small"}, {"paramCode": "storageWorkstation", "value": "{}"}, {"paramCode": "userDefinedPos", "value": ""}, {"paramCode": "withParentContainerType", "value": "{}"}]}], "containerSettings": [{"typeId": 881570976007168, "typeCode": "rack_slot", "typeName": "\u6837\u54c1\u67b6\u69fd\u4f4d", "containerType": "slot", "allCount": 1, "children": []}, {"typeId": 1514900981777408, "typeCode": "96_hole_plate_slot", "typeName": "96\u5b54\u677f\u69fd\u4f4d", "containerType": "slot", "allCount": 1, "children": [{"typeId": 1514902940877824, "typeCode": "96_hole_plate", "typeName": "96\u5b54\u677f", "containerType": "container", "allCount": 1, "children": []}]}], "variables": [], "resultSetting": {"url": "", "type": null, "preview": null}, "ignoreMaterial": false, "defaultVersion": false, "updatedActions": null}