{"id": 1435269745574912, "version": "\u79fb\u6db2\u5e73\u53f02.0-5ml", "code": "liquid_dispensing", "name": "\u6db2\u4f53\u8fdb\u6837\u7ad9", "noteCn": "\u81ea\u52a8\u6db2\u4f53\u5904\u7406\u5de5\u4f5c\u7ad9\u662f\u4e00\u79cd\u591a\u529f\u80fd\u7684\u6db2\u4f53\u5904\u7406\u8bbe\u5907\u3002\u5b83\u53ef\u4ee5\u8fdb\u884c\u7cbe\u786e\u7684\u79fb\u6db2\u3001\u5206\u6db2\u3001\u6df7\u5408\u7b49\u64cd\u4f5c\uff0c\u5e76\u4e14\u80fd\u591f\u6839\u636e\u4e0d\u540c\u7684\u5b9e\u9a8c\u9700\u6c42\u8fdb\u884c\u7075\u6d3b\u7f16\u7a0b\u3002\u5176\u914d\u5907\u7684\u9ad8\u7cbe\u5ea6\u6db2\u4f53\u5904\u7406\u6a21\u5757\u548c\u667a\u80fd\u63a7\u5236\u7cfb\u7edf\uff0c\u786e\u4fdd\u4e86\u6db2\u4f53\u5904\u7406\u7684\u51c6\u786e\u6027\u548c\u91cd\u590d\u6027\u3002\u5728\u836f\u7269\u7814\u53d1\u3001\u4e34\u5e8a\u68c0\u9a8c\u7b49\u9886\u57df\uff0c\u53ef\u7528\u4e8e\u9ad8\u901a\u91cf\u7684\u6837\u54c1\u5904\u7406\uff0c\u5982\u836f\u7269\u7b5b\u9009\u5b9e\u9a8c\u4e2d\u7684\u6837\u54c1\u7a00\u91ca\u3001\u6df7\u5408\u7b49\u64cd\u4f5c\uff0c\u63d0\u9ad8\u5b9e\u9a8c\u6548\u7387\u548c\u8d28\u91cf\u3002", "noteEn": "liquid_move_platform_5ml", "createTime": "2025-05-29 08:55:56", "updateTime": "2025-11-07 19:42:38", "paramUrl": "", "modelCode": null, "modelName": null, "modelImages": null, "definer": 0, "equipManufacturerCode": "ACP", "equipManufacturerName": "\u5b89\u5fbd\u78d0\u5fb7\u4fe1\u606f\u79d1\u6280\u6709\u9650\u516c\u53f8", "actions": [{"id": 1897802271884288, "code": "add_liquid", "name": "\u52a0\u6837", "noteCn": "\u52a0\u6837", "noteEn": "add_liquid", "translator": "default", "translatorArgs": {"url": "/command", "method": "POST"}, "recommend": null, "params": [{"paramCode": "project", "paramName": "\u52a0\u6837\u65b9\u6848", "ioType": "INPUT", "dataType": "array", "value": null, "defaultValue": "", "script": null, "required": 1, "advanced": null, "timeFlag": null, "elementDataType": "object", "bindDataType": "", "bindDataTypeProperty": "", "property": null, "childParams": [{"paramCode": "tube_num", "paramName": "\u52a0\u6837\u74f6\u53f7", "ioType": "INPUT", "dataType": "string", "value": null, "defaultValue": null, "script": null, "required": 1, "advanced": null, "timeFlag": null, "elementDataType": null, "bindDataType": null, "bindDataTypeProperty": null, "property": null, "childParams": null, "constraintType": null, "constraintValue": "", "constraintValueEn": "", "unitTypeCode": null, "unitTypeName": null, "noteCn": null, "noteEn": null, "flatten": false, "selectorType": "CONTAINER", "selection": "bottle_storage"}, {"paramCode": "bottle0", "paramName": "1\u53f7\u539f\u6db2\u74f6(ml)", "ioType": "INPUT", "dataType": "float", "value": null, "defaultValue": "0", "script": null, "required": 0, "advanced": null, "timeFlag": null, "elementDataType": null, "bindDataType": null, "bindDataTypeProperty": null, "property": null, "childParams": null, "constraintType": null, "constraintValue": "", "constraintValueEn": "", "unitTypeCode": null, "unitTypeName": null, "noteCn": null, "noteEn": null, "flatten": false, "selectorType": null, "selection": null}, {"paramCode": "bottle1", "paramName": "2\u53f7\u539f\u6db2\u74f6(ml)", "ioType": "INPUT", "dataType": "float", "value": null, "defaultValue": "0", "script": null, "required": 0, "advanced": null, "timeFlag": null, "elementDataType": null, "bindDataType": null, "bindDataTypeProperty": null, "property": null, "childParams": null, "constraintType": null, "constraintValue": "", "constraintValueEn": "", "unitTypeCode": null, "unitTypeName": null, "noteCn": null, "noteEn": null, "flatten": false, "selectorType": null, "selection": null}, {"paramCode": "bottle2", "paramName": "3\u53f7\u539f\u6db2\u74f6(ml)", "ioType": "INPUT", "dataType": "float", "value": null, "defaultValue": "0", "script": null, "required": 0, "advanced": null, "timeFlag": null, "elementDataType": null, "bindDataType": null, "bindDataTypeProperty": null, "property": null, "childParams": null, "constraintType": null, "constraintValue": "", "constraintValueEn": "", "unitTypeCode": null, "unitTypeName": null, "noteCn": null, "noteEn": null, "flatten": false, "selectorType": null, "selection": null}, {"paramCode": "bottle3", "paramName": "4\u53f7\u539f\u6db2\u74f6(ml)", "ioType": "INPUT", "dataType": "float", "value": null, "defaultValue": "0", "script": null, "required": 0, "advanced": null, "timeFlag": null, "elementDataType": null, "bindDataType": null, "bindDataTypeProperty": null, "property": null, "childParams": null, "constraintType": null, "constraintValue": "", "constraintValueEn": "", "unitTypeCode": null, "unitTypeName": null, "noteCn": null, "noteEn": null, "flatten": false, "selectorType": null, "selection": null}, {"paramCode": "bottle4", "paramName": "5\u53f7\u539f\u6db2\u74f6(ml)", "ioType": "INPUT", "dataType": "float", "value": null, "defaultValue": "0", "script": null, "required": 0, "advanced": null, "timeFlag": null, "elementDataType": null, "bindDataType": null, "bindDataTypeProperty": null, "property": null, "childParams": null, "constraintType": null, "constraintValue": "", "constraintValueEn": "", "unitTypeCode": null, "unitTypeName": null, "noteCn": null, "noteEn": null, "flatten": false, "selectorType": null, "selection": null}, {"paramCode": "bottle5", "paramName": "6\u53f7\u539f\u6db2\u74f6(ml)", "ioType": "INPUT", "dataType": "float", "value": null, "defaultValue": "0", "script": null, "required": 0, "advanced": null, "timeFlag": null, "elementDataType": null, "bindDataType": null, "bindDataTypeProperty": null, "property": null, "childParams": null, "constraintType": null, "constraintValue": "", "constraintValueEn": "", "unitTypeCode": null, "unitTypeName": null, "noteCn": null, "noteEn": null, "flatten": false, "selectorType": null, "selection": null}], "constraintType": null, "constraintValue": "", "constraintValueEn": "", "unitTypeCode": "", "unitTypeName": "", "noteCn": null, "noteEn": null, "flatten": false, "selectorType": null, "selection": null}, {"paramCode": "operation", "paramName": "\u64cd\u4f5c", "ioType": "CONSTANT", "dataType": "string", "value": null, "defaultValue": "add_liquid", "script": null, "required": 0, "advanced": null, "timeFlag": null, "elementDataType": null, "bindDataType": null, "bindDataTypeProperty": null, "property": null, "childParams": [], "constraintType": null, "constraintValue": "", "constraintValueEn": "", "unitTypeCode": null, "unitTypeName": null, "noteCn": null, "noteEn": null, "flatten": false, "selectorType": null, "selection": null}]}, {"id": 1897802271884289, "code": "tip_init", "name": "tip\u5934\u590d\u4f4d", "noteCn": "tip\u590d\u4f4d", "noteEn": "tip_init", "translator": "default", "translatorArgs": {"url": "/command", "method": "POST"}, "recommend": null, "params": [{"paramCode": "operation", "paramName": "\u6307\u4ee4", "ioType": "CONSTANT", "dataType": "string", "value": null, "defaultValue": "tip_init", "script": null, "required": 1, "advanced": null, "timeFlag": null, "elementDataType": null, "bindDataType": null, "bindDataTypeProperty": null, "property": null, "childParams": [], "constraintType": null, "constraintValue": "", "constraintValueEn": "", "unitTypeCode": null, "unitTypeName": null, "noteCn": null, "noteEn": null, "flatten": false, "selectorType": null, "selection": null}]}, {"id": 1897802271884290, "code": "online", "name": "\u5f3a\u5236\u4e0a\u7ebf", "noteCn": "\u5f3a\u5236\u4e0a\u7ebf", "noteEn": "online", "translator": "default", "translatorArgs": {"url": "/online", "method": "GET"}, "recommend": null, "params": [{"paramCode": "operation", "paramName": "\u6307\u4ee4", "ioType": "CONSTANT", "dataType": "string", "value": null, "defaultValue": "lid_init", "script": null, "required": 1, "advanced": null, "timeFlag": null, "elementDataType": null, "bindDataType": null, "bindDataTypeProperty": null, "property": null, "childParams": [], "constraintType": null, "constraintValue": "", "constraintValueEn": "", "unitTypeCode": null, "unitTypeName": null, "noteCn": null, "noteEn": null, "flatten": false, "selectorType": null, "selection": null}]}, {"id": 1897802271884291, "code": "offline", "name": "\u5f3a\u5236\u4e0b\u7ebf", "noteCn": "\u5f3a\u5236\u4e0b\u7ebf", "noteEn": "online", "translator": "default", "translatorArgs": {"url": "/offline", "method": "GET"}, "recommend": null, "params": [{"paramCode": "operation", "paramName": "\u6307\u4ee4", "ioType": "CONSTANT", "dataType": "string", "value": null, "defaultValue": "lid_init", "script": null, "required": 1, "advanced": null, "timeFlag": null, "elementDataType": null, "bindDataType": null, "bindDataTypeProperty": null, "property": null, "childParams": [], "constraintType": null, "constraintValue": "", "constraintValueEn": "", "unitTypeCode": null, "unitTypeName": null, "noteCn": null, "noteEn": null, "flatten": false, "selectorType": null, "selection": null}]}, {"id": 1897802271884292, "code": "reset_init", "name": "\u67aa\u5934\u5939\u6293\u590d\u4f4d", "noteCn": "\u67aa\u5934\u5939\u6293\u590d\u4f4d", "noteEn": "reset_init", "translator": "default", "translatorArgs": {"url": "/command", "method": "POST"}, "recommend": null, "params": [{"paramCode": "operation", "paramName": "\u547d\u4ee4", "ioType": "CONSTANT", "dataType": "string", "value": null, "defaultValue": "reset_init", "script": null, "required": 1, "advanced": null, "timeFlag": null, "elementDataType": null, "bindDataType": null, "bindDataTypeProperty": null, "property": null, "childParams": [], "constraintType": null, "constraintValue": "", "constraintValueEn": "", "unitTypeCode": null, "unitTypeName": null, "noteCn": null, "noteEn": null, "flatten": false, "selectorType": null, "selection": null}]}], "allocates": [{"containerTypeCode": "bottle_storage", "maxHandleSize": 10}], "commands": [{"code": "allocation", "name": "\u5bb9\u5668\u5206\u914d", "noteCn": "\u5bb9\u5668\u5206\u914d", "noteEn": "allocation", "actionCode": "allocate_container", "actionName": "allocate\u5206\u914d\u5bb9\u5668\u6307\u4ee4", "params": [{"paramCode": "containerType", "value": "[{\"minCount\":1,\"containerTypeCode\":\"bottle_storage\",\"containerTypeName\":\"\u8fdb\u6837\u74f6\",\"allocateMode\":\"extend\",\"maxCount\":10,\"defaultCount\":10}]"}, {"paramCode": "allocateOrder", "value": "undefined"}, {"paramCode": "allocateWorkstations", "value": "[]"}]}, {"code": "put", "name": "\u653e\u7f6e\u5bb9\u5668", "noteCn": "\u653e\u7f6e\u5bb9\u5668", "noteEn": "put", "actionCode": "put", "actionName": "put\u653e\u7f6e\u6307\u4ee4", "params": [{"paramCode": "containerType", "value": "{\"containerTypeCode\":\"bottle_storage\",\"containerTypeName\":\"\u8fdb\u6837\u74f6\"}"}, {"paramCode": "slotType", "value": "{}"}, {"paramCode": "robotCodes", "value": "[{\"robotCode\":\"hf_robot_4\",\"robotName\":\"\u822a\u53d1_303\"}]"}, {"paramCode": "fromOrder", "value": "small"}, {"paramCode": "toOrder", "value": "small"}, {"paramCode": "storageWorkstation", "value": "{}"}, {"paramCode": "userDefinedPos", "value": ""}, {"paramCode": "withParentContainerType", "value": "{\"containerTypeCode\":\"rack\",\"containerTypeName\":\"\u6837\u54c1\u67b6\"}"}]}, {"code": "take", "name": "\u62ff\u53d6\u5bb9\u5668", "noteCn": "\u62ff\u53d6\u5bb9\u5668", "noteEn": "take", "actionCode": "take", "actionName": "take\u62ff\u53d6\u6307\u4ee4", "params": [{"paramCode": "containerType", "value": "{\"containerTypeCode\":\"bottle_storage\",\"containerTypeName\":\"\u8fdb\u6837\u74f6\"}"}, {"paramCode": "slotType", "value": "{}"}, {"paramCode": "robotCodes", "value": "[{\"robotCode\":\"hf_robot_4\",\"robotName\":\"\u822a\u53d1_303\"}]"}, {"paramCode": "fromOrder", "value": "small"}, {"paramCode": "toOrder", "value": "small"}, {"paramCode": "storageWorkstation", "value": "{}"}, {"paramCode": "userDefinedPos", "value": ""}, {"paramCode": "withParentContainerType", "value": "{\"containerTypeCode\":\"rack\",\"containerTypeName\":\"\u6837\u54c1\u67b6\"}"}]}], "containerSettings": [{"typeId": 881570976007168, "typeCode": "rack_slot", "typeName": "\u6837\u54c1\u67b6\u69fd\u4f4d", "containerType": "slot", "allCount": 1, "children": []}], "variables": [], "resultSetting": {"url": "", "type": null, "preview": null}, "ignoreMaterial": false, "defaultVersion": false, "updatedActions": null}