{"id": 1450733839418368, "version": "1.1", "code": "elec_chem_storage_workstation", "name": "\u7f6e\u7269\u5de5\u4f5c\u7ad9", "noteCn": "\u6837\u54c1\u9759\u7f6e\u5de5\u4f5c\u7ad9\u4e3a\u6837\u54c1\u63d0\u4f9b\u4e00\u4e2a\u7a33\u5b9a\u3001\u5b89\u9759\u7684\u73af\u5883\uff0c\u7528\u4e8e\u6837\u54c1\u7684\u9759\u7f6e\u548c\u5e73\u8861\u3002\u5728\u4e00\u4e9b\u5b9e\u9a8c\u4e2d\uff0c\u6837\u54c1\u5728\u5904\u7406\u540e\u9700\u8981\u4e00\u5b9a\u7684\u65f6\u95f4\u8fdb\u884c\u9759\u7f6e\uff0c\u4ee5\u8fbe\u5230\u7a33\u5b9a\u7684\u72b6\u6001\u6216\u4f7f\u67d0\u4e9b\u53cd\u5e94\u5145\u5206\u8fdb\u884c\u3002\u8be5\u5de5\u4f5c\u7ad9\u53ef\u4ee5\u7cbe\u786e\u63a7\u5236\u73af\u5883\u7684\u6e29\u5ea6\u3001\u6e7f\u5ea6\u7b49\u6761\u4ef6\uff0c\u786e\u4fdd\u6837\u54c1\u5728\u9759\u7f6e\u8fc7\u7a0b\u4e2d\u4e0d\u53d7\u5916\u754c\u5e72\u6270\u3002\u4f8b\u5982\u5728\u4e00\u4e9b\u5316\u5b66\u5206\u6790\u5b9e\u9a8c\u4e2d\uff0c\u6837\u54c1\u5728\u6df7\u5408\u6216\u53cd\u5e94\u540e\u9700\u8981\u9759\u7f6e\u4e00\u6bb5\u65f6\u95f4\u4ee5\u8fbe\u5230\u5747\u5300\u7684\u72b6\u6001\uff0c\u6837\u54c1\u9759\u7f6e\u5de5\u4f5c\u7ad9\u80fd\u591f\u63d0\u4f9b\u9002\u5b9c\u7684\u6761\u4ef6\uff0c\u4fdd\u8bc1\u5b9e\u9a8c\u7ed3\u679c\u7684\u51c6\u786e\u6027\u3002", "noteEn": "", "createTime": "2025-06-03 20:01:23", "updateTime": "2025-11-07 19:42:38", "paramUrl": "", "modelCode": null, "modelName": null, "modelImages": null, "definer": 0, "equipManufacturerCode": "AFH", "equipManufacturerName": "\u5176\u4ed6", "actions": [{"id": 1897802271392772, "code": "sleep_time", "name": "\u5bb9\u5668\u9759\u7f6e\u65f6\u95f4", "noteCn": "\u5bb9\u5668\u9759\u7f6e\u65f6\u95f4", "noteEn": "sleep time", "translator": "default", "translatorArgs": {"url": "/command", "method": "POST"}, "recommend": null, "params": [{"paramCode": "operation", "paramName": "\u9759\u7f6e\u65f6\u95f4", "ioType": "CONSTANT", "dataType": "string", "value": null, "defaultValue": "sleep_time", "script": null, "required": 1, "advanced": null, "timeFlag": null, "elementDataType": null, "bindDataType": null, "bindDataTypeProperty": null, "property": null, "childParams": [], "constraintType": null, "constraintValue": "", "constraintValueEn": "", "unitTypeCode": null, "unitTypeName": null, "noteCn": null, "noteEn": null, "flatten": false, "selectorType": null, "selection": null}, {"paramCode": "time", "paramName": "\u9759\u7f6e\u65f6\u95f4\uff08s\uff09", "ioType": "INPUT", "dataType": "int", "value": null, "defaultValue": "86400", "script": null, "required": 1, "advanced": null, "timeFlag": null, "elementDataType": "", "bindDataType": "", "bindDataTypeProperty": null, "property": null, "childParams": [], "constraintType": null, "constraintValue": "", "constraintValueEn": "", "unitTypeCode": null, "unitTypeName": null, "noteCn": null, "noteEn": null, "flatten": false, "selectorType": null, "selection": null}, {"paramCode": "resultCode", "paramName": "resultCode", "ioType": "OUTPUT", "dataType": "file", "value": null, "defaultValue": "resultCode", "script": null, "required": 0, "advanced": null, "timeFlag": null, "elementDataType": "", "bindDataType": "", "bindDataTypeProperty": null, "property": null, "childParams": [], "constraintType": null, "constraintValue": "", "constraintValueEn": "", "unitTypeCode": null, "unitTypeName": null, "noteCn": null, "noteEn": null, "flatten": false, "selectorType": null, "selection": null}]}, {"id": 1897802271392773, "code": "door_open", "name": "\u5f00\u95e8", "noteCn": "\u5f00\u95e8", "noteEn": "open door", "translator": "default", "translatorArgs": {"url": "/command", "method": "POST"}, "recommend": null, "params": [{"paramCode": "operation", "paramName": "\u9759\u7f6e\u65f6\u95f4", "ioType": "CONSTANT", "dataType": "string", "value": null, "defaultValue": "sleep_time", "script": null, "required": 1, "advanced": null, "timeFlag": null, "elementDataType": null, "bindDataType": null, "bindDataTypeProperty": null, "property": null, "childParams": [], "constraintType": null, "constraintValue": "", "constraintValueEn": "", "unitTypeCode": null, "unitTypeName": null, "noteCn": null, "noteEn": null, "flatten": false, "selectorType": null, "selection": null}, {"paramCode": "time", "paramName": "\u9759\u7f6e\u65f6\u95f4\uff08s\uff09", "ioType": "INPUT", "dataType": "int", "value": null, "defaultValue": "86400", "script": null, "required": 1, "advanced": null, "timeFlag": null, "elementDataType": "", "bindDataType": "", "bindDataTypeProperty": null, "property": null, "childParams": [], "constraintType": null, "constraintValue": "", "constraintValueEn": "", "unitTypeCode": null, "unitTypeName": null, "noteCn": null, "noteEn": null, "flatten": false, "selectorType": null, "selection": null}, {"paramCode": "aa", "paramName": null, "ioType": "INPUT", "dataType": "array", "value": null, "defaultValue": "", "script": null, "required": 1, "advanced": null, "timeFlag": null, "elementDataType": "string", "bindDataType": "", "bindDataTypeProperty": "", "property": null, "childParams": [{"paramCode": "a", "paramName": "a", "ioType": "INPUT", "dataType": "string", "value": null, "defaultValue": "1", "script": null, "required": 1, "advanced": null, "timeFlag": null, "elementDataType": null, "bindDataType": null, "bindDataTypeProperty": null, "property": null, "childParams": null, "constraintType": null, "constraintValue": "", "constraintValueEn": "", "unitTypeCode": null, "unitTypeName": null, "noteCn": null, "noteEn": null, "flatten": false, "selectorType": null, "selection": null}, {"paramCode": "b", "paramName": "b", "ioType": "INPUT", "dataType": "int", "value": null, "defaultValue": "b", "script": null, "required": 1, "advanced": null, "timeFlag": null, "elementDataType": null, "bindDataType": null, "bindDataTypeProperty": null, "property": null, "childParams": null, "constraintType": null, "constraintValue": "", "constraintValueEn": "", "unitTypeCode": "", "unitTypeName": null, "noteCn": null, "noteEn": null, "flatten": false, "selectorType": null, "selection": null}], "constraintType": null, "constraintValue": "", "constraintValueEn": "", "unitTypeCode": null, "unitTypeName": "", "noteCn": null, "noteEn": null, "flatten": false, "selectorType": null, "selection": null}]}, {"id": 1897802271392774, "code": "door_close", "name": "\u5173\u95e8", "noteCn": "\u5173\u95e8", "noteEn": "close door", "translator": "default", "translatorArgs": {"url": "/command", "method": "POST"}, "recommend": null, "params": [{"paramCode": "operation", "paramName": "\u9759\u7f6e\u65f6\u95f4", "ioType": "CONSTANT", "dataType": "string", "value": null, "defaultValue": "sleep_time", "script": null, "required": 1, "advanced": null, "timeFlag": null, "elementDataType": null, "bindDataType": null, "bindDataTypeProperty": null, "property": null, "childParams": [], "constraintType": null, "constraintValue": "", "constraintValueEn": "", "unitTypeCode": null, "unitTypeName": null, "noteCn": null, "noteEn": null, "flatten": false, "selectorType": null, "selection": null}, {"paramCode": "time", "paramName": "\u9759\u7f6e\u65f6\u95f4\uff08s\uff09", "ioType": "INPUT", "dataType": "int", "value": null, "defaultValue": "86400", "script": null, "required": 1, "advanced": null, "timeFlag": null, "elementDataType": "", "bindDataType": "", "bindDataTypeProperty": null, "property": null, "childParams": [], "constraintType": null, "constraintValue": "", "constraintValueEn": "", "unitTypeCode": null, "unitTypeName": null, "noteCn": null, "noteEn": null, "flatten": false, "selectorType": null, "selection": null}]}, {"id": 1897802271392775, "code": "interlayer_close", "name": "\u5173\u95ed\u5939\u5c42", "noteCn": "\u5173\u95ed\u5939\u5c42", "noteEn": "close interlayer", "translator": "default", "translatorArgs": {"url": "/command", "method": "POST"}, "recommend": null, "params": [{"paramCode": "operation", "paramName": "\u9759\u7f6e\u65f6\u95f4", "ioType": "CONSTANT", "dataType": "string", "value": null, "defaultValue": "sleep_time", "script": null, "required": 1, "advanced": null, "timeFlag": null, "elementDataType": null, "bindDataType": null, "bindDataTypeProperty": null, "property": null, "childParams": [], "constraintType": null, "constraintValue": "", "constraintValueEn": "", "unitTypeCode": null, "unitTypeName": null, "noteCn": null, "noteEn": null, "flatten": false, "selectorType": null, "selection": null}, {"paramCode": "time", "paramName": "\u9759\u7f6e\u65f6\u95f4\uff08s\uff09", "ioType": "INPUT", "dataType": "int", "value": null, "defaultValue": "86400", "script": null, "required": 1, "advanced": null, "timeFlag": null, "elementDataType": "", "bindDataType": "", "bindDataTypeProperty": null, "property": null, "childParams": [], "constraintType": null, "constraintValue": "", "constraintValueEn": "", "unitTypeCode": null, "unitTypeName": null, "noteCn": null, "noteEn": null, "flatten": false, "selectorType": null, "selection": null}]}, {"id": 1897802271392776, "code": "interlayer_open", "name": "\u5f00\u542f\u5939\u5c42", "noteCn": "\u5f00\u542f\u5939\u5c42", "noteEn": "open interlayer", "translator": "default", "translatorArgs": {"url": "/command", "method": "POST"}, "recommend": null, "params": [{"paramCode": "operation", "paramName": "\u9759\u7f6e\u65f6\u95f4", "ioType": "CONSTANT", "dataType": "string", "value": null, "defaultValue": "sleep_time", "script": null, "required": 1, "advanced": null, "timeFlag": null, "elementDataType": null, "bindDataType": null, "bindDataTypeProperty": null, "property": null, "childParams": [], "constraintType": null, "constraintValue": "", "constraintValueEn": "", "unitTypeCode": null, "unitTypeName": null, "noteCn": null, "noteEn": null, "flatten": false, "selectorType": null, "selection": null}, {"paramCode": "time", "paramName": "\u9759\u7f6e\u65f6\u95f4\uff08s\uff09", "ioType": "INPUT", "dataType": "int", "value": null, "defaultValue": "86400", "script": null, "required": 1, "advanced": null, "timeFlag": null, "elementDataType": "", "bindDataType": "", "bindDataTypeProperty": null, "property": null, "childParams": [], "constraintType": null, "constraintValue": "", "constraintValueEn": "", "unitTypeCode": null, "unitTypeName": null, "noteCn": null, "noteEn": null, "flatten": false, "selectorType": null, "selection": null}]}, {"id": 1897802271392777, "code": "test", "name": "\u6d4b\u8bd5\u53c2\u6570", "noteCn": "\u6d4b\u8bd5", "noteEn": null, "translator": "default", "translatorArgs": {"url": "/command", "method": "POST"}, "recommend": null, "params": [{"paramCode": "int", "paramName": "int\u7c7b\u578b", "ioType": "INPUT", "dataType": "int", "value": null, "defaultValue": null, "script": null, "required": 1, "advanced": null, "timeFlag": null, "elementDataType": "", "bindDataType": "", "bindDataTypeProperty": null, "property": null, "childParams": [], "constraintType": "RANGE", "constraintValue": "[-100,100]", "constraintValueEn": "", "unitTypeCode": null, "unitTypeName": null, "noteCn": "int\u7c7b\u578b", "noteEn": null, "flatten": false, "selectorType": null, "selection": null}, {"paramCode": "float", "paramName": "float\u7c7b\u578b", "ioType": "INPUT", "dataType": "float", "value": null, "defaultValue": null, "script": null, "required": 1, "advanced": null, "timeFlag": null, "elementDataType": "", "bindDataType": "", "bindDataTypeProperty": null, "property": null, "childParams": [], "constraintType": "RANGE", "constraintValue": "[-100,100]", "constraintValueEn": "", "unitTypeCode": null, "unitTypeName": null, "noteCn": "float\u7c7b\u578b", "noteEn": null, "flatten": false, "selectorType": null, "selection": null}]}], "allocates": [{"containerTypeCode": "50ml_centrifuge_tube", "maxHandleSize": 800}], "commands": [{"code": "allocation", "name": "\u5bb9\u5668\u5206\u914d", "noteCn": "\u5bb9\u5668\u5206\u914d", "noteEn": "allocation tube", "actionCode": "allocate_container", "actionName": "allocate\u5206\u914d\u5bb9\u5668\u6307\u4ee4", "params": [{"paramCode": "containerType", "value": "[{\"minCount\":8,\"containerTypeCode\":\"50ml_centrifuge_tube\",\"containerTypeName\":\"50ml\u79bb\u5fc3\u7ba1\",\"allocateMode\":\"extend\",\"maxCount\":800,\"defaultCount\":8}]"}, {"paramCode": "allocateOrder", "value": "small"}, {"paramCode": "allocateWorkstations", "value": "[]"}]}, {"code": "take-50ml-ce-tube", "name": "\u62ff\u53d650ml\u79bb\u5fc3\u7ba1", "noteCn": "\u62ff\u53d650ml\u79bb\u5fc3\u7ba1", "noteEn": null, "actionCode": "take", "actionName": "take\u6307\u4ee4", "params": [{"paramCode": "containerType", "value": "{\"containerTypeCode\":\"50ml_centrifuge_tube\",\"containerTypeName\":\"50ml\u79bb\u5fc3\u7ba1\"}"}, {"paramCode": "slotType", "value": "{}"}, {"paramCode": "robotCodes", "value": "[{\"robotCode\":\"multi_robot_002\",\"robotName\":\"\u9ad8\u65b0\u591a\u8054\u52a8\u673a\u5668\u4eba2\u53f7\"}]"}, {"paramCode": "fromOrder", "value": "small"}, {"paramCode": "toOrder", "value": "small"}, {"paramCode": "storageWorkstation", "value": "{}"}, {"paramCode": "userDefinedPos", "value": ""}, {"paramCode": "withParentContainerType", "value": "{\"containerTypeCode\":\"rack\",\"containerTypeName\":\"\u6837\u54c1\u67b6\"}"}]}, {"code": "put-50ml-ce-tube", "name": "\u653e\u7f6e50ml\u79bb\u5fc3\u7ba1", "noteCn": "\u653e\u7f6e50ml\u79bb\u5fc3\u7ba1", "noteEn": null, "actionCode": "put", "actionName": "put\u6307\u4ee4", "params": [{"paramCode": "containerType", "value": "{\"containerTypeCode\":\"50ml_centrifuge_tube\",\"containerTypeName\":\"50ml\u79bb\u5fc3\u7ba1\"}"}, {"paramCode": "slotType", "value": "{}"}, {"paramCode": "robotCodes", "value": "[{\"robotCode\":\"multi_robot_002\",\"robotName\":\"\u9ad8\u65b0\u591a\u8054\u52a8\u673a\u5668\u4eba2\u53f7\"}]"}, {"paramCode": "fromOrder", "value": "small"}, {"paramCode": "toOrder", "value": "small"}, {"paramCode": "withParentContainerType", "value": "{\"containerTypeCode\":\"rack\",\"containerTypeName\":\"\u6837\u54c1\u67b6\"}"}]}, {"code": "put-50ml-ce-tube-to-robot", "name": "\u653e\u7f6e50ml\u79bb\u5fc3\u7ba1\u5230\u673a\u5668\u4eba\u8eab\u4e0a", "noteCn": "\u653e\u7f6e50ml\u79bb\u5fc3\u7ba1\u5230\u673a\u5668\u4eba\u8eab\u4e0a", "noteEn": "", "actionCode": "put", "actionName": "put\u6307\u4ee4", "params": [{"paramCode": "containerType", "value": "{\"containerTypeCode\":\"50ml_centrifuge_tube\",\"containerTypeName\":\"50ml\u79bb\u5fc3\u7ba1\"}"}, {"paramCode": "slotType", "value": "{}"}, {"paramCode": "robotCodes", "value": "[{\"robotCode\":\"multi_robot_001\",\"robotName\":\"\u9ad8\u65b0\u591a\u8054\u52a8\u673a\u5668\u4eba1\u53f7\"}]"}, {"paramCode": "fromOrder", "value": "small"}, {"paramCode": "toOrder", "value": "small"}, {"paramCode": "withParentContainerType", "value": "{\"containerTypeCode\":\"rack\",\"containerTypeName\":\"\u6837\u54c1\u67b6\"}"}]}, {"code": "take-50ml-ce-tube-to-robot", "name": "\u62ff\u53d650ml\u79bb\u5fc3\u7ba1\u5230\u673a\u5668\u4eba\u8eab\u4e0a", "noteCn": "\u62ff\u53d650ml\u79bb\u5fc3\u7ba1\u5230\u673a\u5668\u4eba\u8eab\u4e0a", "noteEn": null, "actionCode": "take", "actionName": "take\u6307\u4ee4", "params": [{"paramCode": "containerType", "value": "{\"containerTypeCode\":\"50ml_centrifuge_tube\",\"containerTypeName\":\"50ml\u79bb\u5fc3\u7ba1\"}"}, {"paramCode": "slotType", "value": "{}"}, {"paramCode": "robotCodes", "value": "[{\"robotCode\":\"multi_robot_001\",\"robotName\":\"\u9ad8\u65b0\u591a\u8054\u52a8\u673a\u5668\u4eba1\u53f7\"}]"}, {"paramCode": "fromOrder", "value": "small"}, {"paramCode": "toOrder", "value": "small"}, {"paramCode": "storageWorkstation", "value": "{}"}, {"paramCode": "userDefinedPos", "value": ""}, {"paramCode": "withParentContainerType", "value": "{\"containerTypeCode\":\"rack\",\"containerTypeName\":\"\u6837\u54c1\u67b6\"}"}]}], "containerSettings": [{"typeId": 881570976007168, "typeCode": "rack_slot", "typeName": "\u6837\u54c1\u67b6\u69fd\u4f4d", "containerType": "slot", "allCount": 100, "children": []}], "variables": [{"code": "count", "name": "\u6d4b\u8bd5\u53d8\u91cf", "noteCn": "\u6d4b\u8bd5\u53d8\u91cf", "noteEn": "test value", "dataType": "int", "defaultValue": "1999"}], "resultSetting": {"url": "", "type": "image", "preview": true}, "ignoreMaterial": true, "defaultVersion": false, "updatedActions": null}