{"id": 1469800075756544, "version": "\u50a8\u7269\u67dc", "code": "starting_station", "name": "\u7269\u6599\u7ad9", "noteCn": "\u5b9e\u9a8c\u5ba4\u8bd5\u5242\u50a8\u5b58\u67dc\u4e3b\u8981\u7528\u4e8e\u5b89\u5168\u3001\u89c4\u8303\u5730\u50a8\u5b58\u5404\u79cd\u5316\u5b66\u8bd5\u5242\u3002\u5b83\u901a\u5e38\u5177\u6709\u826f\u597d\u7684\u901a\u98ce\u3001\u9632\u706b\u3001\u9632\u7206\u7b49\u529f\u80fd\uff0c\u4ee5\u786e\u4fdd\u8bd5\u5242\u7684\u50a8\u5b58\u5b89\u5168\u3002\u6839\u636e\u8bd5\u5242\u7684\u6027\u8d28\uff0c\u5982\u6613\u71c3\u3001\u6613\u7206\u3001\u6709\u6bd2\u3001\u8150\u8680\u6027\u7b49\uff0c\u50a8\u5b58\u67dc\u4f1a\u8fdb\u884c\u5206\u7c7b\u5b58\u50a8\uff0c\u907f\u514d\u4e0d\u540c\u6027\u8d28\u7684\u8bd5\u5242\u76f8\u4e92\u53cd\u5e94\u3002\u540c\u65f6\uff0c\u50a8\u5b58\u67dc\u8fd8\u914d\u5907\u6709\u5408\u7406\u7684\u6807\u8bc6\u548c\u7ba1\u7406\u7cfb\u7edf\uff0c\u65b9\u4fbf\u8bd5\u5242\u7684\u67e5\u627e\u548c\u53d6\u7528\uff0c\u6709\u52a9\u4e8e\u63d0\u9ad8\u5b9e\u9a8c\u5ba4\u7684\u7ba1\u7406\u6c34\u5e73\u548c\u5b89\u5168\u6027\uff0c\u4fdd\u969c\u5b9e\u9a8c\u5de5\u4f5c\u7684\u987a\u5229\u8fdb\u884c\u3002", "noteEn": "", "createTime": "2025-06-10 13:38:58", "updateTime": "2025-11-07 19:42:38", "paramUrl": "", "modelCode": null, "modelName": null, "modelImages": null, "definer": 0, "equipManufacturerCode": "ACW", "equipManufacturerName": "\u5408\u80a5\u5e02\u8700\u5c71\u533a\u4e9a\u6e90\u7cbe\u5bc6\u4eea\u5668\u7ecf\u8425\u90e8", "actions": [{"id": 1897802271687721, "code": "door_open", "name": "\u5f00\u95e8", "noteCn": "\u5f00\u95e8", "noteEn": "open door", "translator": "default", "translatorArgs": {"url": "/command", "method": "POST"}, "recommend": null, "params": [{"paramCode": "operation", "paramName": "\u5f00\u95e8\u6307\u4ee4", "ioType": "CONSTANT", "dataType": "string", "value": null, "defaultValue": "door_open", "script": null, "required": 1, "advanced": null, "timeFlag": null, "elementDataType": null, "bindDataType": null, "bindDataTypeProperty": null, "property": null, "childParams": [], "constraintType": null, "constraintValue": "", "constraintValueEn": "", "unitTypeCode": null, "unitTypeName": null, "noteCn": "\u5f00\u95e8", "noteEn": null, "flatten": false, "selectorType": null, "selection": null}, {"paramCode": "wait_time", "paramName": "\u7b49\u5f85\u5f00\u95e8\u5b8c\u6210\u65f6\u95f4\uff08s\uff09", "ioType": "INPUT", "dataType": "int", "value": null, "defaultValue": "20", "script": null, "required": 1, "advanced": null, "timeFlag": null, "elementDataType": "", "bindDataType": "", "bindDataTypeProperty": null, "property": null, "childParams": [], "constraintType": "RANGE", "constraintValue": "[20, 60]", "constraintValueEn": "", "unitTypeCode": null, "unitTypeName": null, "noteCn": "\u7b49\u5f85\u5f00\u95e8\u5b8c\u6210\u7684\u65f6\u95f4", "noteEn": null, "flatten": false, "selectorType": null, "selection": null}]}, {"id": 1897802271687722, "code": "door_close", "name": "\u5173\u95e8", "noteCn": "\u5173\u95e8", "noteEn": "close door", "translator": "default", "translatorArgs": {"url": "/command", "method": "POST"}, "recommend": null, "params": [{"paramCode": "operation", "paramName": "\u5173\u95e8\u6307\u4ee4", "ioType": "CONSTANT", "dataType": "string", "value": null, "defaultValue": "door_close", "script": null, "required": 1, "advanced": null, "timeFlag": null, "elementDataType": null, "bindDataType": null, "bindDataTypeProperty": null, "property": null, "childParams": [], "constraintType": null, "constraintValue": "", "constraintValueEn": "", "unitTypeCode": null, "unitTypeName": null, "noteCn": "\u5173\u95e8", "noteEn": null, "flatten": false, "selectorType": null, "selection": null}, {"paramCode": "wait_time", "paramName": "\u7b49\u5f85\u5173\u95e8\u5b8c\u6210\u65f6\u95f4\uff08s\uff09", "ioType": "INPUT", "dataType": "int", "value": null, "defaultValue": "20", "script": null, "required": 1, "advanced": null, "timeFlag": null, "elementDataType": "", "bindDataType": "", "bindDataTypeProperty": null, "property": null, "childParams": [], "constraintType": "RANGE", "constraintValue": "[20, 60]", "constraintValueEn": "", "unitTypeCode": null, "unitTypeName": null, "noteCn": "\u7b49\u5f85\u5173\u95e8\u5b8c\u6210\u65f6\u95f4", "noteEn": null, "flatten": false, "selectorType": null, "selection": null}]}, {"id": 1897802271687723, "code": "interlayer_close", "name": "\u5173\u95ed\u5939\u5c42", "noteCn": "\u5173\u5939\u5c42", "noteEn": "close interlayer", "translator": "default", "translatorArgs": {"url": "/command", "method": "POST"}, "recommend": null, "params": [{"paramCode": "operation", "paramName": "\u5173\u95ed\u5939\u5c42\u6307\u4ee4", "ioType": "CONSTANT", "dataType": "string", "value": null, "defaultValue": "interlayer_close", "script": null, "required": 1, "advanced": null, "timeFlag": null, "elementDataType": null, "bindDataType": null, "bindDataTypeProperty": null, "property": null, "childParams": [], "constraintType": null, "constraintValue": "", "constraintValueEn": "", "unitTypeCode": null, "unitTypeName": null, "noteCn": "\u5173\u95ed\u5939\u5c42", "noteEn": null, "flatten": false, "selectorType": null, "selection": null}, {"paramCode": "wait_time", "paramName": "\u7b49\u5f85\u5939\u5c42\u5b8c\u6210\u5173\u95ed\u65f6\u95f4\uff08s\uff09", "ioType": "INPUT", "dataType": "int", "value": null, "defaultValue": "20", "script": null, "required": 0, "advanced": null, "timeFlag": null, "elementDataType": "", "bindDataType": "", "bindDataTypeProperty": null, "property": null, "childParams": [], "constraintType": "RANGE", "constraintValue": "[20, 60]", "constraintValueEn": "", "unitTypeCode": null, "unitTypeName": null, "noteCn": "\u7b49\u5f85\u5939\u5c42\u5b8c\u6210\u5173\u95ed\u65f6\u95f4", "noteEn": null, "flatten": false, "selectorType": null, "selection": null}, {"paramCode": "position", "paramName": "\u5939\u5c42\u4f4d\u7f6e", "ioType": "INPUT", "dataType": "int", "value": null, "defaultValue": "", "script": null, "required": 0, "advanced": null, "timeFlag": null, "elementDataType": "", "bindDataType": "", "bindDataTypeProperty": null, "property": null, "childParams": [], "constraintType": "ENUM", "constraintValue": "[{\"label\":\"\u7b2c\u4e00\u5c42\",\"value\":0},{\"label\":\"\u7b2c\u4e8c\u5c42\",\"value\":1},{\"label\":\"\u7b2c\u4e09\u5c42\",\"value\":2},{\"label\":\"\u7b2c\u56db\u5c42\",\"value\":3}]", "constraintValueEn": "", "unitTypeCode": "", "unitTypeName": "", "noteCn": null, "noteEn": null, "flatten": false, "selectorType": null, "selection": null}]}, {"id": 1897802271687724, "code": "interlayer_open", "name": "\u6253\u5f00\u5939\u5c42", "noteCn": "\u6253\u5f00\u5939\u5c42", "noteEn": "open interlayer", "translator": "default", "translatorArgs": {"url": "/command", "method": "POST"}, "recommend": null, "params": [{"paramCode": "operation", "paramName": "\u6253\u5f00\u5939\u5c42\u6307\u4ee4", "ioType": "CONSTANT", "dataType": "string", "value": null, "defaultValue": "interlayer_open", "script": null, "required": 1, "advanced": null, "timeFlag": null, "elementDataType": null, "bindDataType": null, "bindDataTypeProperty": null, "property": null, "childParams": [], "constraintType": null, "constraintValue": "", "constraintValueEn": "", "unitTypeCode": null, "unitTypeName": null, "noteCn": "\u6253\u5f00\u5939\u5c42", "noteEn": null, "flatten": false, "selectorType": null, "selection": null}, {"paramCode": "wait_time", "paramName": "\u7b49\u5f85\u5939\u5c42\u5b8c\u6210\u5f00\u542f\u65f6\u95f4\uff08s\uff09", "ioType": "INPUT", "dataType": "int", "value": null, "defaultValue": "20", "script": null, "required": 1, "advanced": null, "timeFlag": null, "elementDataType": "", "bindDataType": "", "bindDataTypeProperty": null, "property": null, "childParams": [], "constraintType": "RANGE", "constraintValue": "[20, 60]", "constraintValueEn": "", "unitTypeCode": null, "unitTypeName": null, "noteCn": "\u7b49\u5f85\u5939\u5c42\u5b8c\u6210\u5f00\u542f\u65f6\u95f4", "noteEn": null, "flatten": false, "selectorType": null, "selection": null}, {"paramCode": "position", "paramName": "\u5939\u5c42\u5c42\u7ea7", "ioType": "INPUT", "dataType": "int", "value": null, "defaultValue": "", "script": null, "required": 0, "advanced": null, "timeFlag": null, "elementDataType": "", "bindDataType": "", "bindDataTypeProperty": null, "property": null, "childParams": [], "constraintType": "ENUM", "constraintValue": "[{\"label\":\"\u7b2c\u4e00\u5c42\",\"value\":0},{\"label\":\"\u7b2c\u4e8c\u5c42\",\"value\":1},{\"label\":\"\u7b2c\u4e09\u5c42\",\"value\":2},{\"label\":\"\u7b2c\u56db\u5c42\",\"value\":3}]", "constraintValueEn": "", "unitTypeCode": null, "unitTypeName": null, "noteCn": "", "noteEn": null, "flatten": false, "selectorType": null, "selection": null}]}, {"id": 1897802271687725, "code": "force_online", "name": "\u5f3a\u5236\u4e0a\u7ebf", "noteCn": "\u5f3a\u5236\u4e0a\u7ebf", "noteEn": null, "translator": "default", "translatorArgs": {"url": "/online", "method": "GET"}, "recommend": null, "params": [{"paramCode": "opertation", "paramName": "\u64cd\u4f5c\u6307\u4ee4", "ioType": "CONSTANT", "dataType": "string", "value": null, "defaultValue": "online", "script": null, "required": 1, "advanced": null, "timeFlag": null, "elementDataType": null, "bindDataType": null, "bindDataTypeProperty": null, "property": null, "childParams": [], "constraintType": null, "constraintValue": "", "constraintValueEn": "", "unitTypeCode": null, "unitTypeName": null, "noteCn": null, "noteEn": null, "flatten": false, "selectorType": null, "selection": null}]}, {"id": 1897802271687726, "code": "add_new_material", "name": "\u4e0a\u65b0\u6bcd\u6db2", "noteCn": "\u66f4\u6362\u6bcd\u6db2", "noteEn": "add new material", "translator": "default", "translatorArgs": {"url": "/command", "method": "POST"}, "recommend": null, "params": [{"paramCode": "operation", "paramName": "\u4e0a\u65b0\u6bcd\u6db2", "ioType": "CONSTANT", "dataType": "string", "value": null, "defaultValue": "add_new_material", "script": null, "required": 1, "advanced": null, "timeFlag": null, "elementDataType": null, "bindDataType": null, "bindDataTypeProperty": null, "property": null, "childParams": [], "constraintType": null, "constraintValue": "", "constraintValueEn": "", "unitTypeCode": null, "unitTypeName": null, "noteCn": "\u4e0a\u65b0\u6bcd\u6db2", "noteEn": "add new material", "flatten": false, "selectorType": null, "selection": null}, {"paramCode": "materials", "paramName": "\u6bcd\u6db2\u7c7b\u578b", "ioType": "INPUT", "dataType": "array", "value": null, "defaultValue": "", "script": null, "required": 1, "advanced": null, "timeFlag": null, "elementDataType": "object", "bindDataType": "chem303LabMaterialTemplate", "bindDataTypeProperty": "", "property": null, "childParams": [{"paramCode": "id", "paramName": "\u4e3b\u952e", "ioType": "INPUT", "dataType": "int", "value": null, "defaultValue": "", "script": null, "required": 1, "advanced": null, "timeFlag": null, "elementDataType": null, "bindDataType": null, "bindDataTypeProperty": null, "property": "id", "childParams": null, "constraintType": null, "constraintValue": "", "constraintValueEn": "", "unitTypeCode": null, "unitTypeName": null, "noteCn": "\u6bcd\u6db2\u4e3b\u952e", "noteEn": null, "flatten": false, "selectorType": null, "selection": null}, {"paramCode": "name", "paramName": "\u6bcd\u6db2\u540d\u79f0", "ioType": "INPUT", "dataType": "string", "value": null, "defaultValue": null, "script": null, "required": 1, "advanced": null, "timeFlag": null, "elementDataType": null, "bindDataType": null, "bindDataTypeProperty": null, "property": "modelName", "childParams": null, "constraintType": null, "constraintValue": "", "constraintValueEn": "", "unitTypeCode": null, "unitTypeName": null, "noteCn": "\u6bcd\u6db2\u540d\u79f0", "noteEn": "", "flatten": false, "selectorType": null, "selection": null}, {"paramCode": "slot", "paramName": "\u653e\u7f6e\u69fd\u4f4d", "ioType": "INPUT", "dataType": "int", "value": null, "defaultValue": "", "script": null, "required": 1, "advanced": null, "timeFlag": null, "elementDataType": null, "bindDataType": null, "bindDataTypeProperty": null, "property": null, "childParams": null, "constraintType": "ENUM", "constraintValue": "[{\"label\":\"1\u53f7\u69fd\u4f4d\",\"value\":1},{\"label\":\"2\u53f7\u69fd\u4f4d\",\"value\":2},{\"label\":\"3\u53f7\u69fd\u4f4d\",\"value\":3},{\"label\":\"4\u53f7\u69fd\u4f4d\",\"value\":4},{\"label\":\"5\u53f7\u69fd\u4f4d\",\"value\":5},{\"label\":\"6\u53f7\u69fd\u4f4d\",\"value\":6}]", "constraintValueEn": "", "unitTypeCode": null, "unitTypeName": "", "noteCn": "\u653e\u7f6e\u69fd\u4f4d", "noteEn": null, "flatten": false, "selectorType": null, "selection": null}], "constraintType": "", "constraintValue": "", "constraintValueEn": "", "unitTypeCode": null, "unitTypeName": null, "noteCn": "", "noteEn": null, "flatten": false, "selectorType": null, "selection": null}]}, {"id": 1897802271687727, "code": "update_material", "name": "\u66f4\u65b0\u6bcd\u6db2", "noteCn": "\u66f4\u65b0\u6bcd\u6db2", "noteEn": null, "translator": "default", "translatorArgs": {"url": "/command", "method": "POST"}, "recommend": null, "params": [{"paramCode": "operation", "paramName": "\u64cd\u4f5c\u6307\u4ee4", "ioType": "CONSTANT", "dataType": "string", "value": null, "defaultValue": "update", "script": null, "required": 1, "advanced": null, "timeFlag": null, "elementDataType": null, "bindDataType": null, "bindDataTypeProperty": null, "property": null, "childParams": [], "constraintType": null, "constraintValue": "", "constraintValueEn": "", "unitTypeCode": null, "unitTypeName": null, "noteCn": "\u64cd\u4f5c", "noteEn": null, "flatten": false, "selectorType": null, "selection": null}]}], "allocates": [{"containerTypeCode": "250ml_glass_bottle", "maxHandleSize": 28}], "commands": [{"code": "allocation", "name": "\u5bb9\u5668\u5206\u914d", "noteCn": "\u5bb9\u5668\u5206\u914d", "noteEn": "", "actionCode": "allocate_container", "actionName": "allocate\u5206\u914d\u5bb9\u5668\u6307\u4ee4", "params": [{"paramCode": "containerType", "value": "[{\"minCount\":1,\"maxCount\":28,\"containerTypeCode\":\"250ml_glass_bottle\",\"containerTypeName\":\"250ml\u73bb\u7483\u74f6\",\"allocateMode\":\"extend\",\"defaultCount\":28}]"}, {"paramCode": "allocateOrder", "value": "small"}, {"paramCode": "allocateWorkstations", "value": "[{\"workstationCode\":\"material_station\",\"workstationName\":\"\u50a8\u7269\u67dc\"}]"}]}, {"code": "take-250ml-glass-bottle", "name": "\u62ff\u53d6250ml\u73bb\u7483\u74f6", "noteCn": "\u62ff\u53d6250ml\u73bb\u7483\u74f6", "noteEn": "take 250ml glass bottle", "actionCode": "take", "actionName": "take\u6307\u4ee4", "params": [{"paramCode": "containerType", "value": "{\"containerTypeCode\":\"250ml_glass_bottle\",\"containerTypeName\":\"250ml\u73bb\u7483\u74f6\",\"slotTypeCode\":\"\"}"}, {"paramCode": "slotType", "value": "{}"}, {"paramCode": "robotCodes", "value": "[{\"robotCode\":\"hsr_303_lab_material\",\"robotName\":\"\u534e\u6570_303\u5b9e\u9a8c\u5ba4\u673a\u5668\u4eba\"}]"}, {"paramCode": "fromOrder", "value": "small"}, {"paramCode": "toOrder", "value": "small"}, {"paramCode": "storageWorkstation", "value": "{}"}, {"paramCode": "userDefinedPos", "value": ""}, {"paramCode": "withParentContainerType", "value": "{}"}]}, {"code": "put-250ml-glass-bottle", "name": "\u653e\u7f6e250ml\u73bb\u7483\u74f6", "noteCn": "\u653e\u7f6e250ml\u73bb\u7483\u74f6", "noteEn": "put 250ml glass bottle", "actionCode": "put", "actionName": "put\u6307\u4ee4", "params": [{"paramCode": "containerType", "value": "{\"containerTypeCode\":\"250ml_glass_bottle\",\"containerTypeName\":\"250ml\u73bb\u7483\u74f6\"}"}, {"paramCode": "slotType", "value": "{}"}, {"paramCode": "robotCodes", "value": "[{\"robotCode\":\"hsr_303_lab_material\",\"robotName\":\"\u534e\u6570_303\u5b9e\u9a8c\u5ba4\u673a\u5668\u4eba\"}]"}, {"paramCode": "fromOrder", "value": "small"}, {"paramCode": "toOrder", "value": "small"}, {"paramCode": "withParentContainerType", "value": "{}"}]}, {"code": "common", "name": "\u901a\u7528\u6307\u4ee4", "noteCn": "\u901a\u7528\u6307\u4ee4", "noteEn": "common", "actionCode": "common", "actionName": "\u901a\u7528\u6307\u4ee4", "params": [{"paramCode": "robotCodes", "value": "[{\"robotCode\":\"hsr_303_lab_material\",\"robotName\":\"\u534e\u6570_303\u5b9e\u9a8c\u5ba4\u673a\u5668\u4eba\"}]"}]}], "containerSettings": [{"typeId": 881570976007168, "typeCode": "rack_slot", "typeName": "\u6837\u54c1\u67b6\u69fd\u4f4d", "containerType": "slot", "allCount": 1, "children": [{"typeId": 883795617580032, "typeCode": "rack", "typeName": "\u6837\u54c1\u67b6", "containerType": "container", "allCount": 1, "children": [{"typeId": 1650687900681216, "typeCode": "250ml_glass_bottle_slot", "typeName": "250ml\u73bb\u7483\u74f6\u69fd\u4f4d", "containerType": "slot", "allCount": 28, "children": [{"typeId": 1650691799155712, "typeCode": "250ml_glass_bottle", "typeName": "250ml\u73bb\u7483\u74f6", "containerType": "container", "allCount": 28, "children": []}]}]}]}], "variables": [{"code": "loop_count", "name": "\u5faa\u73af\u6b21\u6570", "noteCn": "\u5faa\u73af\u6b21\u6570", "noteEn": null, "dataType": "int", "defaultValue": "1"}], "resultSetting": {"url": "", "type": "", "preview": false}, "ignoreMaterial": false, "defaultVersion": false, "updatedActions": null}