{"id": 1475887474508800, "version": "\u8403\u53d6\u7b5b\u9009\u5e73\u53f0", "code": "magnetic_stirring", "name": "\u78c1\u529b\u6405\u62cc\u5de5\u4f5c\u7ad9", "noteCn": "\u78c1\u529b\u6405\u62cc\u5de5\u4f5c\u7ad9\u901a\u8fc7\u65cb\u8f6c\u7684\u78c1\u76d8\u4ea7\u751f\u7684\u79bb\u5fc3\u529b\u548c\u526a\u5207\u529b\uff0c\u5bf9\u653e\u7f6e\u5728\u78c1\u76d8\u4e0a\u7684\u5bb9\u5668\u5185\u7684\u6db2\u4f53\u8fdb\u884c\u6405\u62cc\u3002\u5b83\u53ef\u4ee5\u5b9e\u73b0\u5feb\u901f\u3001\u9ad8\u6548\u7684\u6405\u62cc\u6548\u679c\uff0c\u4f7f\u6eb6\u6db2\u5145\u5206\u6df7\u5408\u3002\u8be5\u5de5\u4f5c\u7ad9\u901a\u5e38\u5177\u6709\u53ef\u8c03\u8282\u7684\u6405\u62cc\u901f\u5ea6\u548c\u65f6\u95f4\u8bbe\u7f6e\uff0c\u80fd\u591f\u6ee1\u8db3\u4e0d\u540c\u5b9e\u9a8c\u7684\u9700\u6c42\u3002\u5728\u5316\u5b66\u5408\u6210\u3001\u6750\u6599\u5236\u5907\u7b49\u5b9e\u9a8c\u4e2d\uff0c\u53ef\u7528\u4e8e\u52a0\u901f\u5316\u5b66\u53cd\u5e94\u3001\u4fc3\u8fdb\u7269\u8d28\u7684\u6eb6\u89e3\u548c\u6df7\u5408\u7b49\uff0c\u63d0\u9ad8\u5b9e\u9a8c\u6548\u7387\u548c\u4ea7\u54c1\u8d28\u91cf\u3002", "noteEn": "", "createTime": "2025-06-12 17:15:11", "updateTime": "2025-11-07 19:42:38", "paramUrl": "", "modelCode": null, "modelName": null, "modelImages": null, "definer": 0, "equipManufacturerCode": "AAC", "equipManufacturerName": "\u5b89\u5fbd\u4f18\u6607\u751f\u7269\u79d1\u6280\u6709\u9650\u516c\u53f8", "actions": [{"id": 1897802271228956, "code": "start", "name": "\u5f00\u59cb", "noteCn": "", "noteEn": "", "translator": "default", "translatorArgs": {"url": "/", "method": "POST"}, "recommend": null, "params": [{"paramCode": "time", "paramName": "\u65f6\u95f4\uff08s\uff09", "ioType": "INPUT", "dataType": "int", "value": null, "defaultValue": null, "script": null, "required": 0, "advanced": null, "timeFlag": null, "elementDataType": "", "bindDataType": "", "bindDataTypeProperty": null, "property": null, "childParams": [], "constraintType": null, "constraintValue": "", "constraintValueEn": "", "unitTypeCode": null, "unitTypeName": null, "noteCn": null, "noteEn": null, "flatten": false, "selectorType": null, "selection": null}, {"paramCode": "temperature", "paramName": "\u6e29\u5ea6", "ioType": "INPUT", "dataType": "float", "value": null, "defaultValue": null, "script": null, "required": 0, "advanced": null, "timeFlag": null, "elementDataType": "", "bindDataType": "", "bindDataTypeProperty": null, "property": null, "childParams": [], "constraintType": null, "constraintValue": "", "constraintValueEn": "", "unitTypeCode": null, "unitTypeName": null, "noteCn": null, "noteEn": null, "flatten": false, "selectorType": null, "selection": null}, {"paramCode": "speed", "paramName": "\u901f\u5ea6", "ioType": "INPUT", "dataType": "float", "value": null, "defaultValue": null, "script": null, "required": 0, "advanced": null, "timeFlag": null, "elementDataType": "", "bindDataType": "", "bindDataTypeProperty": null, "property": null, "childParams": [], "constraintType": null, "constraintValue": "", "constraintValueEn": "", "unitTypeCode": null, "unitTypeName": null, "noteCn": null, "noteEn": null, "flatten": false, "selectorType": null, "selection": null}]}], "allocates": [], "commands": [], "containerSettings": [], "variables": [], "resultSetting": {"url": "", "type": "", "preview": false}, "ignoreMaterial": false, "defaultVersion": false, "updatedActions": null}