{"id": 1476057430656000, "version": "\u8403\u53d6\u5242\u7b5b\u9009", "code": "reaction_platform", "name": "\u7efc\u5408\u53cd\u5e94\u5e73\u53f0", "noteCn": "\u6db2\u4f53\u52a0\u6837\u5e73\u53f0\u662f\u4e13\u95e8\u7528\u4e8e\u51c6\u786e\u6dfb\u52a0\u6db2\u4f53\u8bd5\u5242\u7684\u8bbe\u5907\u3002\u5b83\u53ef\u4ee5\u7cbe\u786e\u63a7\u5236\u52a0\u6837\u7684\u4f53\u79ef\uff0c\u4ece\u5fae\u91cf\u5230\u5927\u91cf\u7684\u6db2\u4f53\u90fd\u80fd\u5b9e\u73b0\u7cbe\u51c6\u52a0\u6837\u3002\u5728\u751f\u7269\u4e0e\u5316\u5b66\u5b9e\u9a8c\u4e2d\uff0c\u8be5\u5e73\u53f0\u5e7f\u6cdb\u5e94\u7528\u4e8e\u7ec6\u80de\u57f9\u517b\u3001PCR\u53cd\u5e94\u3001\u836f\u7269\u7b5b\u9009\u4ee5\u53ca\u5316\u5408\u7269\u7ba1\u7406\u7b49\u573a\u666f\uff0c\u53ef\u786e\u4fdd\u6bcf\u4e2a\u6837\u54c1\u6dfb\u52a0\u7684\u8bd5\u5242\u4f53\u79ef\u4e00\u81f4\uff0c\u63d0\u9ad8\u5b9e\u9a8c\u7684\u91cd\u590d\u6027\u548c\u53ef\u9760\u6027\u3002\u5176\u81ea\u52a8\u5316\u7684\u52a0\u6837\u8fc7\u7a0b\u51cf\u5c11\u4e86\u4eba\u5de5\u64cd\u4f5c\u7684\u8bef\u5dee\uff0c\u63d0\u9ad8\u4e86\u5b9e\u9a8c\u6548\u7387\uff0c\u662f\u751f\u7269\u3001\u5316\u5b66\u7b49\u5b9e\u9a8c\u5ba4\u5e38\u7528\u7684\u6db2\u4f53\u5904\u7406\u8bbe\u5907\u3002", "noteEn": "", "createTime": "2025-06-12 18:41:37", "updateTime": "2025-11-07 19:42:38", "paramUrl": "", "modelCode": null, "modelName": null, "modelImages": null, "definer": 0, "equipManufacturerCode": "ACP", "equipManufacturerName": "\u5b89\u5fbd\u78d0\u5fb7\u4fe1\u606f\u79d1\u6280\u6709\u9650\u516c\u53f8", "actions": [{"id": 1897802271327240, "code": "start", "name": "\u5f00\u59cb\u5b9e\u9a8c", "noteCn": null, "noteEn": null, "translator": "default", "translatorArgs": {"url": "/", "method": "POST"}, "recommend": null, "params": [{"paramCode": "file", "paramName": "\u914d\u6599\u8868", "ioType": "INPUT", "dataType": "file", "value": null, "defaultValue": null, "script": null, "required": 0, "advanced": null, "timeFlag": null, "elementDataType": "", "bindDataType": "", "bindDataTypeProperty": null, "property": null, "childParams": [], "constraintType": null, "constraintValue": "", "constraintValueEn": "", "unitTypeCode": null, "unitTypeName": null, "noteCn": null, "noteEn": null, "flatten": false, "selectorType": null, "selection": null}, {"paramCode": "magneton", "paramName": "\u662f\u5426\u6dfb\u52a0\u78c1\u5b50", "ioType": "INPUT", "dataType": "boolean", "value": null, "defaultValue": null, "script": null, "required": 0, "advanced": null, "timeFlag": null, "elementDataType": "", "bindDataType": "", "bindDataTypeProperty": null, "property": null, "childParams": [], "constraintType": null, "constraintValue": "", "constraintValueEn": "", "unitTypeCode": null, "unitTypeName": null, "noteCn": null, "noteEn": null, "flatten": false, "selectorType": null, "selection": null}]}, {"id": 1897802271327241, "code": "attenuation", "name": "\u7a00\u91ca", "noteCn": null, "noteEn": null, "translator": "default", "translatorArgs": {"url": "/", "method": "POST"}, "recommend": null, "params": [{"paramCode": "volume", "paramName": "\u5438\u53d6\u91cf", "ioType": "INPUT", "dataType": "float", "value": null, "defaultValue": null, "script": null, "required": 0, "advanced": null, "timeFlag": null, "elementDataType": "", "bindDataType": "", "bindDataTypeProperty": null, "property": null, "childParams": [], "constraintType": null, "constraintValue": "", "constraintValueEn": "", "unitTypeCode": null, "unitTypeName": null, "noteCn": null, "noteEn": null, "flatten": false, "selectorType": null, "selection": null}, {"paramCode": "diluent", "paramName": "\u7a00\u91ca\u5242", "ioType": "INPUT", "dataType": "string", "value": null, "defaultValue": null, "script": null, "required": 0, "advanced": null, "timeFlag": null, "elementDataType": null, "bindDataType": null, "bindDataTypeProperty": null, "property": null, "childParams": [], "constraintType": null, "constraintValue": "", "constraintValueEn": "", "unitTypeCode": null, "unitTypeName": null, "noteCn": null, "noteEn": null, "flatten": false, "selectorType": null, "selection": null}, {"paramCode": "diluent-volume", "paramName": "\u7a00\u91ca\u91cf", "ioType": "INPUT", "dataType": "float", "value": null, "defaultValue": null, "script": null, "required": 0, "advanced": null, "timeFlag": null, "elementDataType": "", "bindDataType": "", "bindDataTypeProperty": null, "property": null, "childParams": [], "constraintType": null, "constraintValue": "", "constraintValueEn": "", "unitTypeCode": null, "unitTypeName": null, "noteCn": null, "noteEn": null, "flatten": false, "selectorType": null, "selection": null}, {"paramCode": "filtration", "paramName": "\u662f\u5426\u8fc7\u6ee4", "ioType": "INPUT", "dataType": "boolean", "value": null, "defaultValue": null, "script": null, "required": 0, "advanced": null, "timeFlag": null, "elementDataType": "", "bindDataType": "", "bindDataTypeProperty": null, "property": null, "childParams": [], "constraintType": null, "constraintValue": "", "constraintValueEn": "", "unitTypeCode": null, "unitTypeName": null, "noteCn": null, "noteEn": null, "flatten": false, "selectorType": null, "selection": null}]}, {"id": 1897802271327242, "code": "run", "name": "\u5f00\u59cb\u5b9e\u9a8c", "noteCn": null, "noteEn": null, "translator": "default", "translatorArgs": {"url": "/StartExperiment", "method": "POST"}, "recommend": null, "params": [{"paramCode": "start", "paramName": "operation", "ioType": "CONSTANT", "dataType": "boolean", "value": null, "defaultValue": "true", "script": null, "required": 1, "advanced": null, "timeFlag": null, "elementDataType": "", "bindDataType": "", "bindDataTypeProperty": null, "property": null, "childParams": [], "constraintType": "", "constraintValue": "", "constraintValueEn": "", "unitTypeCode": null, "unitTypeName": null, "noteCn": null, "noteEn": null, "flatten": false, "selectorType": null, "selection": null}, {"paramCode": "HiwoMatUrl", "paramName": "HIWO\u7269\u6599\u8868", "ioType": "INPUT", "dataType": "file", "value": null, "defaultValue": null, "script": null, "required": 1, "advanced": null, "timeFlag": null, "elementDataType": "", "bindDataType": "", "bindDataTypeProperty": null, "property": null, "childParams": [], "constraintType": null, "constraintValue": "", "constraintValueEn": "", "unitTypeCode": null, "unitTypeName": null, "noteCn": null, "noteEn": null, "flatten": false, "selectorType": null, "selection": null}, {"paramCode": "HiwoTaskUrl", "paramName": "HIWO\u4efb\u52a1\u8868", "ioType": "INPUT", "dataType": "file", "value": null, "defaultValue": "", "script": null, "required": 1, "advanced": null, "timeFlag": null, "elementDataType": "", "bindDataType": "", "bindDataTypeProperty": null, "property": null, "childParams": [], "constraintType": null, "constraintValue": "", "constraintValueEn": "", "unitTypeCode": null, "unitTypeName": null, "noteCn": null, "noteEn": null, "flatten": false, "selectorType": null, "selection": null}, {"paramCode": "SowoMatUrl", "paramName": "SOWO\u7269\u6599\u8868", "ioType": "INPUT", "dataType": "file", "value": null, "defaultValue": null, "script": null, "required": 1, "advanced": null, "timeFlag": null, "elementDataType": "", "bindDataType": "", "bindDataTypeProperty": null, "property": null, "childParams": [], "constraintType": null, "constraintValue": "", "constraintValueEn": "", "unitTypeCode": null, "unitTypeName": null, "noteCn": null, "noteEn": null, "flatten": false, "selectorType": null, "selection": null}, {"paramCode": "SowoTaskUrl", "paramName": "SOWO\u4efb\u52a1\u8868", "ioType": "INPUT", "dataType": "file", "value": null, "defaultValue": null, "script": null, "required": 1, "advanced": null, "timeFlag": null, "elementDataType": "", "bindDataType": "", "bindDataTypeProperty": null, "property": null, "childParams": [], "constraintType": null, "constraintValue": "", "constraintValueEn": "", "unitTypeCode": null, "unitTypeName": null, "noteCn": null, "noteEn": null, "flatten": false, "selectorType": null, "selection": null}, {"paramCode": "StackMatUrl", "paramName": "\u5806\u6808\u7269\u6599\u8868", "ioType": "INPUT", "dataType": "file", "value": null, "defaultValue": null, "script": null, "required": 1, "advanced": null, "timeFlag": null, "elementDataType": "", "bindDataType": "", "bindDataTypeProperty": null, "property": null, "childParams": [], "constraintType": null, "constraintValue": "", "constraintValueEn": "", "unitTypeCode": null, "unitTypeName": null, "noteCn": null, "noteEn": null, "flatten": false, "selectorType": null, "selection": null}, {"paramCode": "RunMode", "paramName": "\u8fd0\u884c\u6a21\u5f0f", "ioType": "INPUT", "dataType": "int", "value": null, "defaultValue": "", "script": null, "required": 1, "advanced": null, "timeFlag": null, "elementDataType": "", "bindDataType": "", "bindDataTypeProperty": null, "property": null, "childParams": [], "constraintType": "ENUM", "constraintValue": "[{\"label\":\"\u4e0d\u8fdb\u884c\u56fa\u4f53\u79f0\u91cf\", \"value\": 1},{\"label\":\"\u4e0d\u8fdb\u884c\u6db2\u4f53\u8fdb\u6837\", \"value\": 2}, {\"label\":\"\u5168\u6d41\u7a0b\", \"value\": 3}]", "constraintValueEn": "", "unitTypeCode": null, "unitTypeName": null, "noteCn": null, "noteEn": null, "flatten": false, "selectorType": null, "selection": null}, {"paramCode": "MicUseFlag", "paramName": "\u662f\u5426\u4f7f\u7528\u5fae\u6ce2", "ioType": "INPUT", "dataType": "boolean", "value": null, "defaultValue": "true", "script": null, "required": 1, "advanced": null, "timeFlag": null, "elementDataType": "", "bindDataType": "", "bindDataTypeProperty": null, "property": null, "childParams": [], "constraintType": "", "constraintValue": "", "constraintValueEn": "", "unitTypeCode": null, "unitTypeName": null, "noteCn": null, "noteEn": null, "flatten": false, "selectorType": null, "selection": null}, {"paramCode": "MicExpParam", "paramName": "\u5fae\u6ce2\u53c2\u6570", "ioType": "INPUT", "dataType": "array", "value": null, "defaultValue": "true", "script": null, "required": 1, "advanced": null, "timeFlag": null, "elementDataType": "object", "bindDataType": "", "bindDataTypeProperty": null, "property": null, "childParams": [{"paramCode": "ReactantOptions", "paramName": "\u53cd\u5e94\u7269\u9009\u9879\u7ed3\u6784", "ioType": "INPUT", "dataType": "array", "value": null, "defaultValue": null, "script": null, "required": 1, "advanced": null, "timeFlag": null, "elementDataType": null, "bindDataType": null, "bindDataTypeProperty": null, "property": null, "childParams": [{"paramCode": "Polarity", "paramName": "\u6781\u6027", "ioType": "INPUT", "dataType": "int", "value": null, "defaultValue": null, "script": null, "required": 1, "advanced": null, "timeFlag": null, "elementDataType": "", "bindDataType": "", "bindDataTypeProperty": null, "property": null, "childParams": [], "constraintType": "ENUM", "constraintValue": "[{\"label\":\"\u6781\u6027\u5f3a\",\"value\":0},{\"label\":\"\u6781\u6027\u4e2d\",\"value\":1},{\"label\":\"\u6781\u6027\u5f31\",\"value\":2}]", "constraintValueEn": "", "unitTypeCode": null, "unitTypeName": null, "noteCn": null, "noteEn": null, "flatten": false, "selectorType": null, "selection": null}, {"paramCode": "Capacity", "paramName": "\u5bb9\u91cf", "ioType": "INPUT", "dataType": "int", "value": null, "defaultValue": null, "script": null, "required": 1, "advanced": null, "timeFlag": null, "elementDataType": "", "bindDataType": "", "bindDataTypeProperty": null, "property": null, "childParams": [], "constraintType": "ENUM", "constraintValue": "[{\"label\":\"\u5bb9\u91cf\u5c0f\u4e8e10ml\",\"value\":0},{\"label\":\"\u5bb9\u91cf 10-30ml\",\"value\":1},{\"label\":\"\u5bb9\u91cf\u5927\u4e8e 30ml\",\"value\":2}]", "constraintValueEn": "", "unitTypeCode": null, "unitTypeName": null, "noteCn": null, "noteEn": null, "flatten": false, "selectorType": null, "selection": null}], "constraintType": null, "constraintValue": "", "constraintValueEn": "", "unitTypeCode": null, "unitTypeName": null, "noteCn": null, "noteEn": null, "flatten": false, "selectorType": null, "selection": null}, {"paramCode": "ExperimentMode", "paramName": "\u5b9e\u9a8c\u6a21\u5f0f", "ioType": "INPUT", "dataType": "boolean", "value": null, "defaultValue": null, "script": null, "required": 1, "advanced": null, "timeFlag": null, "elementDataType": null, "bindDataType": null, "bindDataTypeProperty": null, "property": null, "childParams": null, "constraintType": "ENUM", "constraintValue": "[{\"label\":\"\u9ad8\u538b\u5b9e\u9a8c\",\"value\":0},{\"label\":\"\u5e38\u538b\u5b9e\u9a8c\",\"value\":1}]", "constraintValueEn": "", "unitTypeCode": null, "unitTypeName": null, "noteCn": null, "noteEn": null, "flatten": false, "selectorType": null, "selection": null}, {"paramCode": "MaxAllowedTemp", "paramName": "\u5b9e\u9a8c\u6700\u5927\u5141\u8bb8\u6e29\u5ea6(\u2103)", "ioType": "INPUT", "dataType": "int", "value": null, "defaultValue": null, "script": null, "required": 1, "advanced": null, "timeFlag": null, "elementDataType": null, "bindDataType": null, "bindDataTypeProperty": null, "property": null, "childParams": null, "constraintType": "RANGE", "constraintValue": "[0,300]", "constraintValueEn": "", "unitTypeCode": null, "unitTypeName": null, "noteCn": null, "noteEn": null, "flatten": false, "selectorType": null, "selection": null}, {"paramCode": "MaxAllowedPres", "paramName": "\u5b9e\u9a8c\u6700\u5927\u5141\u8bb8\u538b\u529b(0.01MPa)", "ioType": "INPUT", "dataType": "int", "value": null, "defaultValue": null, "script": null, "required": 1, "advanced": null, "timeFlag": null, "elementDataType": null, "bindDataType": null, "bindDataTypeProperty": null, "property": null, "childParams": null, "constraintType": "RANGE", "constraintValue": "[1,600]", "constraintValueEn": "", "unitTypeCode": null, "unitTypeName": null, "noteCn": null, "noteEn": null, "flatten": false, "selectorType": null, "selection": null}, {"paramCode": "Stages", "paramName": "\u5b9e\u9a8c\u9636\u6bb5", "ioType": "INPUT", "dataType": "array", "value": null, "defaultValue": null, "script": null, "required": 1, "advanced": null, "timeFlag": null, "elementDataType": null, "bindDataType": null, "bindDataTypeProperty": null, "property": null, "childParams": [{"paramCode": "TargetTemperature", "paramName": "\u76ee\u6807\u6e29\u5ea6(\u2103)", "ioType": "INPUT", "dataType": "int", "value": null, "defaultValue": null, "script": null, "required": 1, "advanced": null, "timeFlag": null, "elementDataType": "", "bindDataType": "", "bindDataTypeProperty": null, "property": null, "childParams": [], "constraintType": "RANGE", "constraintValue": "[0,300]", "constraintValueEn": "", "unitTypeCode": null, "unitTypeName": null, "noteCn": null, "noteEn": null, "flatten": false, "selectorType": null, "selection": null}, {"paramCode": "MaxPressure", "paramName": "\u6700\u5927\u538b\u529b(0.01MPa)", "ioType": "INPUT", "dataType": "int", "value": null, "defaultValue": null, "script": null, "required": 1, "advanced": null, "timeFlag": null, "elementDataType": "", "bindDataType": "", "bindDataTypeProperty": null, "property": null, "childParams": [], "constraintType": "RANGE", "constraintValue": "[1,600]", "constraintValueEn": "", "unitTypeCode": null, "unitTypeName": null, "noteCn": null, "noteEn": null, "flatten": false, "selectorType": null, "selection": null}, {"paramCode": "HeatUpTime", "paramName": "\u5347\u6e29\u65f6\u95f4(s)", "ioType": "INPUT", "dataType": "int", "value": null, "defaultValue": null, "script": null, "required": 1, "advanced": null, "timeFlag": null, "elementDataType": "", "bindDataType": "", "bindDataTypeProperty": null, "property": null, "childParams": [], "constraintType": "RANGE", "constraintValue": "[1,86400]", "constraintValueEn": "", "unitTypeCode": null, "unitTypeName": null, "noteCn": null, "noteEn": null, "flatten": false, "selectorType": null, "selection": null}, {"paramCode": "HoldTime", "paramName": "\u4fdd\u6301\u65f6\u95f4(s)", "ioType": "INPUT", "dataType": "int", "value": null, "defaultValue": null, "script": null, "required": 1, "advanced": null, "timeFlag": null, "elementDataType": "", "bindDataType": "", "bindDataTypeProperty": null, "property": null, "childParams": [], "constraintType": "RANGE", "constraintValue": "[1,86400]", "constraintValueEn": "", "unitTypeCode": null, "unitTypeName": null, "noteCn": null, "noteEn": null, "flatten": false, "selectorType": null, "selection": null}, {"paramCode": "Power", "paramName": "Power(W)", "ioType": "INPUT", "dataType": "int", "value": null, "defaultValue": null, "script": null, "required": 1, "advanced": null, "timeFlag": null, "elementDataType": "", "bindDataType": "", "bindDataTypeProperty": null, "property": null, "childParams": [], "constraintType": "RANGE", "constraintValue": "[0,650]", "constraintValueEn": "", "unitTypeCode": null, "unitTypeName": null, "noteCn": null, "noteEn": null, "flatten": false, "selectorType": null, "selection": null}], "constraintType": null, "constraintValue": "", "constraintValueEn": "", "unitTypeCode": null, "unitTypeName": null, "noteCn": null, "noteEn": null, "flatten": false, "selectorType": null, "selection": null}], "constraintType": "", "constraintValue": "", "constraintValueEn": "", "unitTypeCode": null, "unitTypeName": null, "noteCn": null, "noteEn": null, "flatten": false, "selectorType": null, "selection": null}, {"paramCode": "resultCode", "paramName": "\u7ed3\u679c\u6587\u4ef6", "ioType": "OUTPUT", "dataType": "file", "value": null, "defaultValue": null, "script": null, "required": 1, "advanced": null, "timeFlag": null, "elementDataType": "", "bindDataType": "", "bindDataTypeProperty": null, "property": null, "childParams": [], "constraintType": null, "constraintValue": "", "constraintValueEn": "", "unitTypeCode": null, "unitTypeName": null, "noteCn": null, "noteEn": null, "flatten": false, "selectorType": null, "selection": null}]}, {"id": 1897802271327243, "code": "init", "name": "\u521d\u59cb\u5316", "noteCn": null, "noteEn": null, "translator": "default", "translatorArgs": {"url": "/Init", "method": "POST"}, "recommend": null, "params": null}], "allocates": [], "commands": [], "containerSettings": [], "variables": [], "resultSetting": {"url": "", "type": "", "preview": false}, "ignoreMaterial": false, "defaultVersion": true, "updatedActions": null}