{"id": 1486930819875840, "version": "303-25\u901a\u9053\u78c1\u529b\u6405\u62cc\u63a7\u5236\u5668", "code": "magnetic_stirring", "name": "\u78c1\u529b\u6405\u62cc\u5de5\u4f5c\u7ad9", "noteCn": "\u78c1\u529b\u6405\u62cc\u5de5\u4f5c\u7ad9\u901a\u8fc7\u65cb\u8f6c\u7684\u78c1\u76d8\u4ea7\u751f\u7684\u79bb\u5fc3\u529b\u548c\u526a\u5207\u529b\uff0c\u5bf9\u653e\u7f6e\u5728\u78c1\u76d8\u4e0a\u7684\u5bb9\u5668\u5185\u7684\u6db2\u4f53\u8fdb\u884c\u6405\u62cc\u3002\u5b83\u53ef\u4ee5\u5b9e\u73b0\u5feb\u901f\u3001\u9ad8\u6548\u7684\u6405\u62cc\u6548\u679c\uff0c\u4f7f\u6eb6\u6db2\u5145\u5206\u6df7\u5408\u3002\u8be5\u5de5\u4f5c\u7ad9\u901a\u5e38\u5177\u6709\u53ef\u8c03\u8282\u7684\u6405\u62cc\u901f\u5ea6\u548c\u65f6\u95f4\u8bbe\u7f6e\uff0c\u80fd\u591f\u6ee1\u8db3\u4e0d\u540c\u5b9e\u9a8c\u7684\u9700\u6c42\u3002\u5728\u5316\u5b66\u5408\u6210\u3001\u6750\u6599\u5236\u5907\u7b49\u5b9e\u9a8c\u4e2d\uff0c\u53ef\u7528\u4e8e\u52a0\u901f\u5316\u5b66\u53cd\u5e94\u3001\u4fc3\u8fdb\u7269\u8d28\u7684\u6eb6\u89e3\u548c\u6df7\u5408\u7b49\uff0c\u63d0\u9ad8\u5b9e\u9a8c\u6548\u7387\u548c\u4ea7\u54c1\u8d28\u91cf\u3002", "noteEn": "", "createTime": "2025-06-16 14:52:07", "updateTime": "2025-11-07 19:42:38", "paramUrl": "", "modelCode": null, "modelName": null, "modelImages": null, "definer": 0, "equipManufacturerCode": "AAC", "equipManufacturerName": "\u5b89\u5fbd\u4f18\u6607\u751f\u7269\u79d1\u6280\u6709\u9650\u516c\u53f8", "actions": [{"id": 1897802271622186, "code": "mixing_time", "name": "\u78c1\u529b\u6405\u62cc", "noteCn": "\u78c1\u529b\u6405\u62cc", "noteEn": "mixing time", "translator": "default", "translatorArgs": {"url": "/command", "method": "POST"}, "recommend": null, "params": [{"paramCode": "mixing_time", "paramName": "\u6405\u62cc\u65f6\u95f4\uff08\u5206\uff09", "ioType": "INPUT", "dataType": "int", "value": null, "defaultValue": "10", "script": null, "required": 1, "advanced": null, "timeFlag": null, "elementDataType": "", "bindDataType": "", "bindDataTypeProperty": null, "property": null, "childParams": [], "constraintType": null, "constraintValue": "", "constraintValueEn": "", "unitTypeCode": null, "unitTypeName": null, "noteCn": "\u6405\u62cc\u65f6\u95f4\uff08\u5206\uff09", "noteEn": null, "flatten": false, "selectorType": null, "selection": null}, {"paramCode": "operation", "paramName": "\u64cd\u4f5c\u547d\u4ee4", "ioType": "CONSTANT", "dataType": "string", "value": null, "defaultValue": "mixing", "script": null, "required": 1, "advanced": null, "timeFlag": null, "elementDataType": null, "bindDataType": null, "bindDataTypeProperty": null, "property": null, "childParams": [], "constraintType": null, "constraintValue": "", "constraintValueEn": "", "unitTypeCode": null, "unitTypeName": null, "noteCn": "\u64cd\u4f5c\u6307\u4ee4", "noteEn": null, "flatten": false, "selectorType": null, "selection": null}]}], "allocates": [{"containerTypeCode": "bottle_storage", "maxHandleSize": 10}], "commands": [{"code": "allocation", "name": "\u5bb9\u5668\u5206\u914d", "noteCn": null, "noteEn": null, "actionCode": "allocate_container", "actionName": "allocate\u5206\u914d\u5bb9\u5668\u6307\u4ee4", "params": [{"paramCode": "containerType", "value": "[{\"minCount\":0,\"maxCount\":10,\"containerTypeCode\":\"bottle_storage\",\"containerTypeName\":\"\u8fdb\u6837\u74f6\",\"allocateMode\":\"extend\",\"defaultCount\":5}]"}, {"paramCode": "allocateOrder", "value": "small"}, {"paramCode": "allocateWorkstations", "value": "[]"}]}, {"code": "take-input", "name": "\u62ff\u74f6", "noteCn": "\u62ff\u53d6\u6240\u6709\u8fdb\u6837\u74f6", "noteEn": null, "actionCode": "take", "actionName": "take\u62ff\u53d6\u6307\u4ee4", "params": [{"paramCode": "containerType", "value": "{\"containerTypeCode\":\"bottle_storage\",\"containerTypeName\":\"\u8fdb\u6837\u74f6\"}"}, {"paramCode": "slotType", "value": "{\"slotTypeCode\":\"\",\"slotTypeName\":\"\"}"}, {"paramCode": "robotCodes", "value": "[{\"robotCode\":\"hf_robot_4\",\"robotName\":\"\u822a\u53d1_303\"}]"}, {"paramCode": "fromOrder", "value": "small"}, {"paramCode": "toOrder", "value": "small"}, {"paramCode": "storageWorkstation", "value": "{}"}, {"paramCode": "userDefinedPos", "value": ""}, {"paramCode": "withParentContainerType", "value": "{\"containerTypeCode\":\"rack\",\"containerTypeName\":\"\u6837\u54c1\u67b6\"}"}]}, {"code": "put-input", "name": "\u653e\u74f6", "noteCn": "\u653e\u7f6e\u6240\u6709\u8fdb\u6837\u74f6", "noteEn": null, "actionCode": "put", "actionName": "put\u653e\u7f6e\u6307\u4ee4", "params": [{"paramCode": "containerType", "value": "{\"containerTypeCode\":\"bottle_storage\",\"containerTypeName\":\"\u8fdb\u6837\u74f6\"}"}, {"paramCode": "slotType", "value": "{\"slotTypeCode\":\"\",\"slotTypeName\":\"\"}"}, {"paramCode": "robotCodes", "value": "[{\"robotCode\":\"hf_robot_4\",\"robotName\":\"\u822a\u53d1_303\"}]"}, {"paramCode": "fromOrder", "value": "small"}, {"paramCode": "toOrder", "value": "small"}, {"paramCode": "withParentContainerType", "value": "{\"containerTypeCode\":\"rack\",\"containerTypeName\":\"\u6837\u54c1\u67b6\"}"}]}, {"code": "common", "name": "\u901a\u7528\u6307\u4ee4", "noteCn": "\u901a\u7528\u6307\u4ee4", "noteEn": null, "actionCode": "common", "actionName": "\u901a\u7528\u6307\u4ee4", "params": [{"paramCode": "robotCodes", "value": "[{\"robotCode\":\"schedule_robot_1\",\"robotName\":\"\u8c03\u5ea6\u673a\u5668\u4eba\"}]"}]}], "containerSettings": [{"typeId": 881570976007168, "typeCode": "rack_slot", "typeName": "\u6837\u54c1\u67b6\u69fd\u4f4d", "containerType": "slot", "allCount": 1, "children": []}], "variables": [], "resultSetting": {"url": "", "type": "", "preview": false}, "ignoreMaterial": false, "defaultVersion": false, "updatedActions": null}