{"id": 1489162466886656, "version": "1.0", "code": "XRD workstation", "name": "XRD\u5de5\u4f5c\u7ad9(ALD\u5e73\u53f0)", "noteCn": "X \u5c04\u7ebf\u884d\u5c04\u4eea\uff08XRD\uff09\u4e3b\u8981\u7528\u4e8e\u5206\u6790\u7269\u8d28\u7684\u6676\u4f53\u7ed3\u6784\u3001\u7269\u76f8\u7ec4\u6210\u548c\u6676\u4f53\u7f3a\u9677\u7b49\u3002\u5176\u5de5\u4f5c\u539f\u7406\u662f\u57fa\u4e8e X \u5c04\u7ebf\u4e0e\u6676\u4f53\u4e2d\u539f\u5b50\u7684\u76f8\u4e92\u4f5c\u7528\u4ea7\u751f\u884d\u5c04\u73b0\u8c61\u3002\u5f53 X \u5c04\u7ebf\u7167\u5c04\u5230\u6676\u4f53\u6837\u54c1\u4e0a\u65f6\uff0c\u4e0d\u540c\u6676\u9762\u4f1a\u4ea7\u751f\u884d\u5c04\uff0c\u901a\u8fc7\u6d4b\u91cf\u884d\u5c04\u5cf0\u7684\u4f4d\u7f6e\u3001\u5f3a\u5ea6\u548c\u5f62\u72b6\u7b49\u4fe1\u606f\uff0c\u53ef\u4ee5\u786e\u5b9a\u6676\u4f53\u7684\u6676\u683c\u5e38\u6570\u3001\u6676\u80de\u7c7b\u578b\u3001\u539f\u5b50\u5750\u6807\u7b49\u6676\u4f53\u7ed3\u6784\u53c2\u6570\u3002\u540c\u65f6\uff0c\u8fd8\u80fd\u5bf9\u591a\u76f8\u6df7\u5408\u7269\u4e2d\u7684\u5404\u76f8\u8fdb\u884c\u5b9a\u6027\u548c\u5b9a\u91cf\u5206\u6790\u3002\u5e7f\u6cdb\u5e94\u7528\u4e8e\u6750\u6599\u79d1\u5b66\u3001\u5730\u8d28\u5b66\u3001\u5316\u5b66\u3001\u7269\u7406\u5b66\u7b49\u9886\u57df\uff0c\u662f\u7814\u7a76\u6676\u4f53\u6750\u6599\u6027\u8d28\u548c\u7ed3\u6784\u7684\u91cd\u8981\u5de5\u5177\u3002", "noteEn": "", "createTime": "2025-06-17 09:47:11", "updateTime": "2025-11-07 19:42:38", "paramUrl": "", "modelCode": null, "modelName": null, "modelImages": null, "definer": 0, "equipManufacturerCode": "ABT", "equipManufacturerName": "\u4e39\u4e1c\u6d69\u5143\u4eea\u5668\u6709\u9650\u516c\u53f8", "actions": [{"id": 1897802271294479, "code": "setMod", "name": "\u5207\u6362\u63a7\u5236\u6a21\u5f0f", "noteCn": null, "noteEn": null, "translator": "default", "translatorArgs": {"url": "/api/lite-flow/liteflow-chain/executionMethod", "method": "POST"}, "recommend": null, "params": [{"paramCode": "chainName", "paramName": "chainName", "ioType": "CONSTANT", "dataType": "string", "value": null, "defaultValue": "methodExecute", "script": null, "required": 1, "advanced": null, "timeFlag": null, "elementDataType": null, "bindDataType": null, "bindDataTypeProperty": null, "property": null, "childParams": [], "constraintType": null, "constraintValue": "", "constraintValueEn": "", "unitTypeCode": null, "unitTypeName": null, "noteCn": null, "noteEn": null, "flatten": false, "selectorType": null, "selection": null}, {"paramCode": "ifAsynchronous", "paramName": "ifAsynchronous", "ioType": "CONSTANT", "dataType": "boolean", "value": null, "defaultValue": "true", "script": null, "required": 1, "advanced": null, "timeFlag": null, "elementDataType": "", "bindDataType": "", "bindDataTypeProperty": null, "property": null, "childParams": [], "constraintType": null, "constraintValue": "", "constraintValueEn": "", "unitTypeCode": null, "unitTypeName": null, "noteCn": null, "noteEn": null, "flatten": false, "selectorType": null, "selection": null}, {"paramCode": "sn", "paramName": "sn", "ioType": "CONSTANT", "dataType": "string", "value": null, "defaultValue": "W0A8595FC9C584", "script": null, "required": 1, "advanced": null, "timeFlag": null, "elementDataType": null, "bindDataType": null, "bindDataTypeProperty": null, "property": null, "childParams": [], "constraintType": null, "constraintValue": "", "constraintValueEn": "", "unitTypeCode": null, "unitTypeName": null, "noteCn": null, "noteEn": null, "flatten": false, "selectorType": null, "selection": null}, {"paramCode": "method", "paramName": "method", "ioType": "CONSTANT", "dataType": "string", "value": null, "defaultValue": "setMod", "script": null, "required": 1, "advanced": null, "timeFlag": null, "elementDataType": null, "bindDataType": null, "bindDataTypeProperty": null, "property": null, "childParams": [], "constraintType": null, "constraintValue": "", "constraintValueEn": "", "unitTypeCode": null, "unitTypeName": null, "noteCn": null, "noteEn": null, "flatten": false, "selectorType": null, "selection": null}, {"paramCode": "mod", "paramName": "mod", "ioType": "INPUT", "dataType": "string", "value": null, "defaultValue": null, "script": null, "required": 1, "advanced": null, "timeFlag": null, "elementDataType": "", "bindDataType": "", "bindDataTypeProperty": null, "property": null, "childParams": [], "constraintType": null, "constraintValue": "", "constraintValueEn": "", "unitTypeCode": null, "unitTypeName": null, "noteCn": null, "noteEn": null, "flatten": false, "selectorType": null, "selection": null}]}, {"id": 1897802271294480, "code": "setSampleName", "name": "\u8bbe\u7f6e\u6837\u54c1\u540d\u79f0", "noteCn": "", "noteEn": null, "translator": "default", "translatorArgs": {"url": "/api/lite-flow/liteflow-chain/executionMethod", "method": "POST"}, "recommend": null, "params": [{"paramCode": "chainName", "paramName": "chainName", "ioType": "CONSTANT", "dataType": "string", "value": null, "defaultValue": "methodExecute", "script": null, "required": 1, "advanced": null, "timeFlag": null, "elementDataType": null, "bindDataType": null, "bindDataTypeProperty": null, "property": null, "childParams": [], "constraintType": null, "constraintValue": "", "constraintValueEn": "", "unitTypeCode": null, "unitTypeName": null, "noteCn": null, "noteEn": null, "flatten": false, "selectorType": null, "selection": null}, {"paramCode": "ifAsynchronous", "paramName": "ifAsynchronous", "ioType": "CONSTANT", "dataType": "boolean", "value": null, "defaultValue": "true", "script": null, "required": 1, "advanced": null, "timeFlag": null, "elementDataType": "", "bindDataType": "", "bindDataTypeProperty": null, "property": null, "childParams": [], "constraintType": null, "constraintValue": "", "constraintValueEn": "", "unitTypeCode": null, "unitTypeName": null, "noteCn": null, "noteEn": null, "flatten": false, "selectorType": null, "selection": null}, {"paramCode": "sn", "paramName": "sn", "ioType": "CONSTANT", "dataType": "string", "value": null, "defaultValue": "W0A8595FC9C584", "script": null, "required": 1, "advanced": null, "timeFlag": null, "elementDataType": null, "bindDataType": null, "bindDataTypeProperty": null, "property": null, "childParams": [], "constraintType": null, "constraintValue": "", "constraintValueEn": "", "unitTypeCode": null, "unitTypeName": null, "noteCn": null, "noteEn": null, "flatten": false, "selectorType": null, "selection": null}, {"paramCode": "method", "paramName": "method", "ioType": "CONSTANT", "dataType": "string", "value": null, "defaultValue": "setSampleName", "script": null, "required": 1, "advanced": null, "timeFlag": null, "elementDataType": null, "bindDataType": null, "bindDataTypeProperty": null, "property": null, "childParams": [], "constraintType": null, "constraintValue": "", "constraintValueEn": "", "unitTypeCode": null, "unitTypeName": null, "noteCn": null, "noteEn": null, "flatten": false, "selectorType": null, "selection": null}, {"paramCode": "name", "paramName": "name", "ioType": "INPUT", "dataType": "string", "value": null, "defaultValue": "TEST", "script": null, "required": 1, "advanced": null, "timeFlag": null, "elementDataType": "", "bindDataType": "", "bindDataTypeProperty": null, "property": null, "childParams": [], "constraintType": null, "constraintValue": "", "constraintValueEn": "", "unitTypeCode": null, "unitTypeName": null, "noteCn": null, "noteEn": null, "flatten": false, "selectorType": null, "selection": null}]}, {"id": 1897802271294481, "code": "setSampleId", "name": "\u8bbe\u7f6e\u6837\u54c1\u7f16\u53f7", "noteCn": "", "noteEn": null, "translator": "default", "translatorArgs": {"url": "/api/lite-flow/liteflow-chain/executionMethod", "method": "POST"}, "recommend": null, "params": [{"paramCode": "chainName", "paramName": "chainName", "ioType": "CONSTANT", "dataType": "string", "value": null, "defaultValue": "methodExecute", "script": null, "required": 1, "advanced": null, "timeFlag": null, "elementDataType": null, "bindDataType": null, "bindDataTypeProperty": null, "property": null, "childParams": [], "constraintType": null, "constraintValue": "", "constraintValueEn": "", "unitTypeCode": null, "unitTypeName": null, "noteCn": null, "noteEn": null, "flatten": false, "selectorType": null, "selection": null}, {"paramCode": "ifAsynchronous", "paramName": "ifAsynchronous", "ioType": "CONSTANT", "dataType": "boolean", "value": null, "defaultValue": "true", "script": null, "required": 1, "advanced": null, "timeFlag": null, "elementDataType": "", "bindDataType": "", "bindDataTypeProperty": null, "property": null, "childParams": [], "constraintType": null, "constraintValue": "", "constraintValueEn": "", "unitTypeCode": null, "unitTypeName": null, "noteCn": null, "noteEn": null, "flatten": false, "selectorType": null, "selection": null}, {"paramCode": "sn", "paramName": "sn", "ioType": "CONSTANT", "dataType": "string", "value": null, "defaultValue": "W0A8595FC9C584", "script": null, "required": 1, "advanced": null, "timeFlag": null, "elementDataType": null, "bindDataType": null, "bindDataTypeProperty": null, "property": null, "childParams": [], "constraintType": null, "constraintValue": "", "constraintValueEn": "", "unitTypeCode": null, "unitTypeName": null, "noteCn": null, "noteEn": null, "flatten": false, "selectorType": null, "selection": null}, {"paramCode": "method", "paramName": "method", "ioType": "CONSTANT", "dataType": "string", "value": null, "defaultValue": "setSampleId", "script": null, "required": 1, "advanced": null, "timeFlag": null, "elementDataType": null, "bindDataType": null, "bindDataTypeProperty": null, "property": null, "childParams": [], "constraintType": null, "constraintValue": "", "constraintValueEn": "", "unitTypeCode": null, "unitTypeName": null, "noteCn": null, "noteEn": null, "flatten": false, "selectorType": null, "selection": null}, {"paramCode": "id", "paramName": "id", "ioType": "INPUT", "dataType": "string", "value": null, "defaultValue": "TEST", "script": null, "required": 1, "advanced": null, "timeFlag": null, "elementDataType": "", "bindDataType": "", "bindDataTypeProperty": null, "property": null, "childParams": [], "constraintType": null, "constraintValue": "", "constraintValueEn": "", "unitTypeCode": null, "unitTypeName": null, "noteCn": null, "noteEn": null, "flatten": false, "selectorType": null, "selection": null}]}, {"id": 1897802271294482, "code": "setStartAngleAndEndAngle", "name": "\u8bbe\u7f6e\u8d77\u59cb\u89d2\u548c\u7ec8\u6b62\u89d2", "noteCn": "", "noteEn": null, "translator": "default", "translatorArgs": {"url": "/api/lite-flow/liteflow-chain/executionMethod", "method": "POST"}, "recommend": null, "params": [{"paramCode": "chainName", "paramName": "chainName", "ioType": "CONSTANT", "dataType": "string", "value": null, "defaultValue": "methodExecute", "script": null, "required": 1, "advanced": null, "timeFlag": null, "elementDataType": null, "bindDataType": null, "bindDataTypeProperty": null, "property": null, "childParams": [], "constraintType": null, "constraintValue": "", "constraintValueEn": "", "unitTypeCode": null, "unitTypeName": null, "noteCn": null, "noteEn": null, "flatten": false, "selectorType": null, "selection": null}, {"paramCode": "ifAsynchronous", "paramName": "ifAsynchronous", "ioType": "CONSTANT", "dataType": "boolean", "value": null, "defaultValue": "true", "script": null, "required": 1, "advanced": null, "timeFlag": null, "elementDataType": "", "bindDataType": "", "bindDataTypeProperty": null, "property": null, "childParams": [], "constraintType": null, "constraintValue": "", "constraintValueEn": "", "unitTypeCode": null, "unitTypeName": null, "noteCn": null, "noteEn": null, "flatten": false, "selectorType": null, "selection": null}, {"paramCode": "sn", "paramName": "sn", "ioType": "CONSTANT", "dataType": "string", "value": null, "defaultValue": "W0A8595FC9C584", "script": null, "required": 1, "advanced": null, "timeFlag": null, "elementDataType": null, "bindDataType": null, "bindDataTypeProperty": null, "property": null, "childParams": [], "constraintType": null, "constraintValue": "", "constraintValueEn": "", "unitTypeCode": null, "unitTypeName": null, "noteCn": null, "noteEn": null, "flatten": false, "selectorType": null, "selection": null}, {"paramCode": "method", "paramName": "method", "ioType": "CONSTANT", "dataType": "string", "value": null, "defaultValue": "setStartAngleAndEndAngle", "script": null, "required": 1, "advanced": null, "timeFlag": null, "elementDataType": null, "bindDataType": null, "bindDataTypeProperty": null, "property": null, "childParams": [], "constraintType": null, "constraintValue": "", "constraintValueEn": "", "unitTypeCode": null, "unitTypeName": null, "noteCn": null, "noteEn": null, "flatten": false, "selectorType": null, "selection": null}, {"paramCode": "startAngle", "paramName": "startAngle", "ioType": "INPUT", "dataType": "float", "value": null, "defaultValue": "30", "script": null, "required": 1, "advanced": null, "timeFlag": null, "elementDataType": "", "bindDataType": "", "bindDataTypeProperty": null, "property": null, "childParams": [], "constraintType": null, "constraintValue": "", "constraintValueEn": "", "unitTypeCode": null, "unitTypeName": null, "noteCn": null, "noteEn": null, "flatten": false, "selectorType": null, "selection": null}, {"paramCode": "endAngle", "paramName": "endAngle", "ioType": "INPUT", "dataType": "float", "value": null, "defaultValue": "50", "script": null, "required": 1, "advanced": null, "timeFlag": null, "elementDataType": "", "bindDataType": "", "bindDataTypeProperty": null, "property": null, "childParams": [], "constraintType": null, "constraintValue": "", "constraintValueEn": "", "unitTypeCode": null, "unitTypeName": null, "noteCn": null, "noteEn": null, "flatten": false, "selectorType": null, "selection": null}]}, {"id": 1897802271294483, "code": "setHighPressure", "name": "\u8bbe\u7f6e\u7ba1\u7535\u538b\u548c\u7ba1\u7535\u6d41\u503c", "noteCn": "", "noteEn": null, "translator": "default", "translatorArgs": {"url": "/api/lite-flow/liteflow-chain/executionMethod", "method": "POST"}, "recommend": null, "params": [{"paramCode": "chainName", "paramName": "chainName", "ioType": "CONSTANT", "dataType": "string", "value": null, "defaultValue": "methodExecute", "script": null, "required": 1, "advanced": null, "timeFlag": null, "elementDataType": null, "bindDataType": null, "bindDataTypeProperty": null, "property": null, "childParams": [], "constraintType": null, "constraintValue": "", "constraintValueEn": "", "unitTypeCode": null, "unitTypeName": null, "noteCn": null, "noteEn": null, "flatten": false, "selectorType": null, "selection": null}, {"paramCode": "ifAsynchronous", "paramName": "ifAsynchronous", "ioType": "CONSTANT", "dataType": "boolean", "value": null, "defaultValue": "true", "script": null, "required": 1, "advanced": null, "timeFlag": null, "elementDataType": "", "bindDataType": "", "bindDataTypeProperty": null, "property": null, "childParams": [], "constraintType": null, "constraintValue": "", "constraintValueEn": "", "unitTypeCode": null, "unitTypeName": null, "noteCn": null, "noteEn": null, "flatten": false, "selectorType": null, "selection": null}, {"paramCode": "sn", "paramName": "sn", "ioType": "CONSTANT", "dataType": "string", "value": null, "defaultValue": "W0A8595FC9C584", "script": null, "required": 1, "advanced": null, "timeFlag": null, "elementDataType": null, "bindDataType": null, "bindDataTypeProperty": null, "property": null, "childParams": [], "constraintType": null, "constraintValue": "", "constraintValueEn": "", "unitTypeCode": null, "unitTypeName": null, "noteCn": null, "noteEn": null, "flatten": false, "selectorType": null, "selection": null}, {"paramCode": "method", "paramName": "method", "ioType": "CONSTANT", "dataType": "string", "value": null, "defaultValue": "setHighPressure", "script": null, "required": 1, "advanced": null, "timeFlag": null, "elementDataType": null, "bindDataType": null, "bindDataTypeProperty": null, "property": null, "childParams": [], "constraintType": null, "constraintValue": "", "constraintValueEn": "", "unitTypeCode": null, "unitTypeName": null, "noteCn": null, "noteEn": null, "flatten": false, "selectorType": null, "selection": null}, {"paramCode": "voltage", "paramName": "voltage", "ioType": "INPUT", "dataType": "int", "value": null, "defaultValue": "30", "script": null, "required": 1, "advanced": null, "timeFlag": null, "elementDataType": "", "bindDataType": "", "bindDataTypeProperty": null, "property": null, "childParams": [], "constraintType": null, "constraintValue": "", "constraintValueEn": "", "unitTypeCode": null, "unitTypeName": null, "noteCn": null, "noteEn": null, "flatten": false, "selectorType": null, "selection": null}, {"paramCode": "electricity", "paramName": "electricity", "ioType": "INPUT", "dataType": "int", "value": null, "defaultValue": "15", "script": null, "required": 1, "advanced": null, "timeFlag": null, "elementDataType": "", "bindDataType": "", "bindDataTypeProperty": null, "property": null, "childParams": [], "constraintType": null, "constraintValue": "", "constraintValueEn": "", "unitTypeCode": null, "unitTypeName": null, "noteCn": null, "noteEn": null, "flatten": false, "selectorType": null, "selection": null}]}, {"id": 1897802271294484, "code": "setMeasureSpeedAndStepWidth", "name": "\u8bbe\u7f6e  \u6d4b\u91cf\u901f\u5ea6\u548c\u6b65\u5bbd\u89d2\u5ea6", "noteCn": "", "noteEn": null, "translator": "default", "translatorArgs": {"url": "/api/lite-flow/liteflow-chain/executionMethod", "method": "POST"}, "recommend": null, "params": [{"paramCode": "chainName", "paramName": "chainName", "ioType": "CONSTANT", "dataType": "string", "value": null, "defaultValue": "methodExecute", "script": null, "required": 1, "advanced": null, "timeFlag": null, "elementDataType": null, "bindDataType": null, "bindDataTypeProperty": null, "property": null, "childParams": [], "constraintType": null, "constraintValue": "", "constraintValueEn": "", "unitTypeCode": null, "unitTypeName": null, "noteCn": null, "noteEn": null, "flatten": false, "selectorType": null, "selection": null}, {"paramCode": "ifAsynchronous", "paramName": "ifAsynchronous", "ioType": "CONSTANT", "dataType": "boolean", "value": null, "defaultValue": "true", "script": null, "required": 1, "advanced": null, "timeFlag": null, "elementDataType": "", "bindDataType": "", "bindDataTypeProperty": null, "property": null, "childParams": [], "constraintType": null, "constraintValue": "", "constraintValueEn": "", "unitTypeCode": null, "unitTypeName": null, "noteCn": null, "noteEn": null, "flatten": false, "selectorType": null, "selection": null}, {"paramCode": "sn", "paramName": "sn", "ioType": "CONSTANT", "dataType": "string", "value": null, "defaultValue": "W0A8595FC9C584", "script": null, "required": 1, "advanced": null, "timeFlag": null, "elementDataType": null, "bindDataType": null, "bindDataTypeProperty": null, "property": null, "childParams": [], "constraintType": null, "constraintValue": "", "constraintValueEn": "", "unitTypeCode": null, "unitTypeName": null, "noteCn": null, "noteEn": null, "flatten": false, "selectorType": null, "selection": null}, {"paramCode": "method", "paramName": "method", "ioType": "CONSTANT", "dataType": "string", "value": null, "defaultValue": "setMeasureSpeedAndStepWidth", "script": null, "required": 1, "advanced": null, "timeFlag": null, "elementDataType": null, "bindDataType": null, "bindDataTypeProperty": null, "property": null, "childParams": [], "constraintType": null, "constraintValue": "", "constraintValueEn": "", "unitTypeCode": null, "unitTypeName": null, "noteCn": null, "noteEn": null, "flatten": false, "selectorType": null, "selection": null}, {"paramCode": "measureSpeed", "paramName": "measureSpeed", "ioType": "INPUT", "dataType": "float", "value": null, "defaultValue": "15", "script": null, "required": 1, "advanced": null, "timeFlag": null, "elementDataType": "", "bindDataType": "", "bindDataTypeProperty": null, "property": null, "childParams": [], "constraintType": null, "constraintValue": "", "constraintValueEn": "", "unitTypeCode": null, "unitTypeName": null, "noteCn": null, "noteEn": null, "flatten": false, "selectorType": null, "selection": null}, {"paramCode": "stepWidth", "paramName": "stepWidth", "ioType": "INPUT", "dataType": "float", "value": null, "defaultValue": "0.03", "script": null, "required": 1, "advanced": null, "timeFlag": null, "elementDataType": "", "bindDataType": "", "bindDataTypeProperty": null, "property": null, "childParams": [], "constraintType": null, "constraintValue": "", "constraintValueEn": "", "unitTypeCode": null, "unitTypeName": null, "noteCn": null, "noteEn": null, "flatten": false, "selectorType": null, "selection": null}]}, {"id": 1897802271294485, "code": "startMeasurement", "name": "\u63a7\u5236\u5f00\u59cb\u6d4b\u91cf", "noteCn": "", "noteEn": null, "translator": "default", "translatorArgs": {"url": "/api/lite-flow/liteflow-chain/executionMethod", "method": "POST"}, "recommend": null, "params": [{"paramCode": "chainName", "paramName": "chainName", "ioType": "CONSTANT", "dataType": "string", "value": null, "defaultValue": "methodExecute", "script": null, "required": 1, "advanced": null, "timeFlag": null, "elementDataType": null, "bindDataType": null, "bindDataTypeProperty": null, "property": null, "childParams": [], "constraintType": null, "constraintValue": "", "constraintValueEn": "", "unitTypeCode": null, "unitTypeName": null, "noteCn": null, "noteEn": null, "flatten": false, "selectorType": null, "selection": null}, {"paramCode": "ifAsynchronous", "paramName": "ifAsynchronous", "ioType": "CONSTANT", "dataType": "boolean", "value": null, "defaultValue": "true", "script": null, "required": 1, "advanced": null, "timeFlag": null, "elementDataType": "", "bindDataType": "", "bindDataTypeProperty": null, "property": null, "childParams": [], "constraintType": null, "constraintValue": "", "constraintValueEn": "", "unitTypeCode": null, "unitTypeName": null, "noteCn": null, "noteEn": null, "flatten": false, "selectorType": null, "selection": null}, {"paramCode": "sn", "paramName": "sn", "ioType": "CONSTANT", "dataType": "string", "value": null, "defaultValue": "W0A8595FC9C584", "script": null, "required": 1, "advanced": null, "timeFlag": null, "elementDataType": null, "bindDataType": null, "bindDataTypeProperty": null, "property": null, "childParams": [], "constraintType": null, "constraintValue": "", "constraintValueEn": "", "unitTypeCode": null, "unitTypeName": null, "noteCn": null, "noteEn": null, "flatten": false, "selectorType": null, "selection": null}, {"paramCode": "method", "paramName": "method", "ioType": "CONSTANT", "dataType": "string", "value": null, "defaultValue": "startMeasurementTwo", "script": null, "required": 1, "advanced": null, "timeFlag": null, "elementDataType": null, "bindDataType": null, "bindDataTypeProperty": null, "property": null, "childParams": [], "constraintType": null, "constraintValue": "", "constraintValueEn": "", "unitTypeCode": null, "unitTypeName": null, "noteCn": null, "noteEn": null, "flatten": false, "selectorType": null, "selection": null}]}, {"id": 1897802271294486, "code": "stopMeasurement", "name": "\u63a7\u5236\u505c\u6b62\u6d4b\u91cf", "noteCn": "", "noteEn": null, "translator": "default", "translatorArgs": {"url": "/api/lite-flow/liteflow-chain/executionMethod", "method": "POST"}, "recommend": null, "params": [{"paramCode": "chainName", "paramName": "chainName", "ioType": "CONSTANT", "dataType": "string", "value": null, "defaultValue": "methodExecute", "script": null, "required": 1, "advanced": null, "timeFlag": null, "elementDataType": null, "bindDataType": null, "bindDataTypeProperty": null, "property": null, "childParams": [], "constraintType": null, "constraintValue": "", "constraintValueEn": "", "unitTypeCode": null, "unitTypeName": null, "noteCn": null, "noteEn": null, "flatten": false, "selectorType": null, "selection": null}, {"paramCode": "ifAsynchronous", "paramName": "ifAsynchronous", "ioType": "CONSTANT", "dataType": "boolean", "value": null, "defaultValue": "true", "script": null, "required": 1, "advanced": null, "timeFlag": null, "elementDataType": "", "bindDataType": "", "bindDataTypeProperty": null, "property": null, "childParams": [], "constraintType": null, "constraintValue": "", "constraintValueEn": "", "unitTypeCode": null, "unitTypeName": null, "noteCn": null, "noteEn": null, "flatten": false, "selectorType": null, "selection": null}, {"paramCode": "sn", "paramName": "sn", "ioType": "CONSTANT", "dataType": "string", "value": null, "defaultValue": "W0A8595FC9C584", "script": null, "required": 1, "advanced": null, "timeFlag": null, "elementDataType": null, "bindDataType": null, "bindDataTypeProperty": null, "property": null, "childParams": [], "constraintType": null, "constraintValue": "", "constraintValueEn": "", "unitTypeCode": null, "unitTypeName": null, "noteCn": null, "noteEn": null, "flatten": false, "selectorType": null, "selection": null}, {"paramCode": "method", "paramName": "method", "ioType": "CONSTANT", "dataType": "string", "value": null, "defaultValue": "startMeasurement", "script": null, "required": 1, "advanced": null, "timeFlag": null, "elementDataType": null, "bindDataType": null, "bindDataTypeProperty": null, "property": null, "childParams": [], "constraintType": null, "constraintValue": "", "constraintValueEn": "", "unitTypeCode": null, "unitTypeName": null, "noteCn": null, "noteEn": null, "flatten": false, "selectorType": null, "selection": null}]}, {"id": 1897802271294487, "code": "closeDooropenDoor", "name": "\u63a7\u5236\u5173\u95e8", "noteCn": "", "noteEn": null, "translator": "default", "translatorArgs": {"url": "/api/lite-flow/liteflow-chain/executionMethod", "method": "POST"}, "recommend": null, "params": [{"paramCode": "chainName", "paramName": "chainName", "ioType": "CONSTANT", "dataType": "string", "value": null, "defaultValue": "methodExecute", "script": null, "required": 1, "advanced": null, "timeFlag": null, "elementDataType": null, "bindDataType": null, "bindDataTypeProperty": null, "property": null, "childParams": [], "constraintType": null, "constraintValue": "", "constraintValueEn": "", "unitTypeCode": null, "unitTypeName": null, "noteCn": null, "noteEn": null, "flatten": false, "selectorType": null, "selection": null}, {"paramCode": "ifAsynchronous", "paramName": "ifAsynchronous", "ioType": "CONSTANT", "dataType": "boolean", "value": null, "defaultValue": "true", "script": null, "required": 1, "advanced": null, "timeFlag": null, "elementDataType": "", "bindDataType": "", "bindDataTypeProperty": null, "property": null, "childParams": [], "constraintType": null, "constraintValue": "", "constraintValueEn": "", "unitTypeCode": null, "unitTypeName": null, "noteCn": null, "noteEn": null, "flatten": false, "selectorType": null, "selection": null}, {"paramCode": "sn", "paramName": "sn", "ioType": "CONSTANT", "dataType": "string", "value": null, "defaultValue": "W0A8595FC9C584", "script": null, "required": 1, "advanced": null, "timeFlag": null, "elementDataType": null, "bindDataType": null, "bindDataTypeProperty": null, "property": null, "childParams": [], "constraintType": null, "constraintValue": "", "constraintValueEn": "", "unitTypeCode": null, "unitTypeName": null, "noteCn": null, "noteEn": null, "flatten": false, "selectorType": null, "selection": null}, {"paramCode": "method", "paramName": "method", "ioType": "CONSTANT", "dataType": "string", "value": null, "defaultValue": "closeDoor", "script": null, "required": 1, "advanced": null, "timeFlag": null, "elementDataType": null, "bindDataType": null, "bindDataTypeProperty": null, "property": null, "childParams": [], "constraintType": null, "constraintValue": "", "constraintValueEn": "", "unitTypeCode": null, "unitTypeName": null, "noteCn": null, "noteEn": null, "flatten": false, "selectorType": null, "selection": null}]}, {"id": 1897802271294488, "code": "openDoor", "name": "\u63a7\u5236\u95e8\u79fb\u52a8\u4f4d\u7f6e  \u5f00\u95e8", "noteCn": "", "noteEn": null, "translator": "default", "translatorArgs": {"url": "/api/lite-flow/liteflow-chain/executionMethod", "method": "POST"}, "recommend": null, "params": [{"paramCode": "chainName", "paramName": "chainName", "ioType": "CONSTANT", "dataType": "string", "value": null, "defaultValue": "methodExecute", "script": null, "required": 1, "advanced": null, "timeFlag": null, "elementDataType": null, "bindDataType": null, "bindDataTypeProperty": null, "property": null, "childParams": [], "constraintType": null, "constraintValue": "", "constraintValueEn": "", "unitTypeCode": null, "unitTypeName": null, "noteCn": null, "noteEn": null, "flatten": false, "selectorType": null, "selection": null}, {"paramCode": "ifAsynchronous", "paramName": "ifAsynchronous", "ioType": "CONSTANT", "dataType": "boolean", "value": null, "defaultValue": "true", "script": null, "required": 1, "advanced": null, "timeFlag": null, "elementDataType": "", "bindDataType": "", "bindDataTypeProperty": null, "property": null, "childParams": [], "constraintType": null, "constraintValue": "", "constraintValueEn": "", "unitTypeCode": null, "unitTypeName": null, "noteCn": null, "noteEn": null, "flatten": false, "selectorType": null, "selection": null}, {"paramCode": "sn", "paramName": "sn", "ioType": "CONSTANT", "dataType": "string", "value": null, "defaultValue": "W0A8595FC9C584", "script": null, "required": 1, "advanced": null, "timeFlag": null, "elementDataType": null, "bindDataType": null, "bindDataTypeProperty": null, "property": null, "childParams": [], "constraintType": null, "constraintValue": "", "constraintValueEn": "", "unitTypeCode": null, "unitTypeName": null, "noteCn": null, "noteEn": null, "flatten": false, "selectorType": null, "selection": null}, {"paramCode": "method", "paramName": "method", "ioType": "CONSTANT", "dataType": "string", "value": null, "defaultValue": "openDoor", "script": null, "required": 1, "advanced": null, "timeFlag": null, "elementDataType": null, "bindDataType": null, "bindDataTypeProperty": null, "property": null, "childParams": [], "constraintType": null, "constraintValue": "", "constraintValueEn": "", "unitTypeCode": null, "unitTypeName": null, "noteCn": null, "noteEn": null, "flatten": false, "selectorType": null, "selection": null}, {"paramCode": "distance", "paramName": "distance", "ioType": "INPUT", "dataType": "float", "value": null, "defaultValue": "200", "script": null, "required": 1, "advanced": null, "timeFlag": null, "elementDataType": "", "bindDataType": "", "bindDataTypeProperty": null, "property": null, "childParams": [], "constraintType": null, "constraintValue": "", "constraintValueEn": "", "unitTypeCode": null, "unitTypeName": null, "noteCn": null, "noteEn": null, "flatten": false, "selectorType": null, "selection": null}]}, {"id": 1897802271294489, "code": "getFileInputStream", "name": "\u6587\u4ef6\u4e0a\u4f20", "noteCn": "", "noteEn": null, "translator": "default", "translatorArgs": {"url": "/api/lite-flow/liteflow-chain/executionMethod", "method": "POST"}, "recommend": null, "params": [{"paramCode": "chainName", "paramName": "chainName", "ioType": "CONSTANT", "dataType": "string", "value": null, "defaultValue": "methodExecute", "script": null, "required": 1, "advanced": null, "timeFlag": null, "elementDataType": null, "bindDataType": null, "bindDataTypeProperty": null, "property": null, "childParams": [], "constraintType": null, "constraintValue": "", "constraintValueEn": "", "unitTypeCode": null, "unitTypeName": null, "noteCn": null, "noteEn": null, "flatten": false, "selectorType": null, "selection": null}, {"paramCode": "ifAsynchronous", "paramName": "ifAsynchronous", "ioType": "CONSTANT", "dataType": "boolean", "value": null, "defaultValue": "true", "script": null, "required": 1, "advanced": null, "timeFlag": null, "elementDataType": "", "bindDataType": "", "bindDataTypeProperty": null, "property": null, "childParams": [], "constraintType": null, "constraintValue": "", "constraintValueEn": "", "unitTypeCode": null, "unitTypeName": null, "noteCn": null, "noteEn": null, "flatten": false, "selectorType": null, "selection": null}, {"paramCode": "sn", "paramName": "sn", "ioType": "CONSTANT", "dataType": "string", "value": null, "defaultValue": "W0A8595FC9C584", "script": null, "required": 1, "advanced": null, "timeFlag": null, "elementDataType": null, "bindDataType": null, "bindDataTypeProperty": null, "property": null, "childParams": [], "constraintType": null, "constraintValue": "", "constraintValueEn": "", "unitTypeCode": null, "unitTypeName": null, "noteCn": null, "noteEn": null, "flatten": false, "selectorType": null, "selection": null}, {"paramCode": "method", "paramName": "method", "ioType": "CONSTANT", "dataType": "string", "value": null, "defaultValue": "getFileInputStream", "script": null, "required": 1, "advanced": null, "timeFlag": null, "elementDataType": null, "bindDataType": null, "bindDataTypeProperty": null, "property": null, "childParams": [], "constraintType": null, "constraintValue": "", "constraintValueEn": "", "unitTypeCode": null, "unitTypeName": null, "noteCn": null, "noteEn": null, "flatten": false, "selectorType": null, "selection": null}, {"paramCode": "paramCode", "paramName": "paramCode", "ioType": "CONSTANT", "dataType": "string", "value": null, "defaultValue": "resultCode", "script": null, "required": 1, "advanced": null, "timeFlag": null, "elementDataType": null, "bindDataType": null, "bindDataTypeProperty": null, "property": null, "childParams": [], "constraintType": null, "constraintValue": "", "constraintValueEn": "", "unitTypeCode": null, "unitTypeName": null, "noteCn": null, "noteEn": null, "flatten": false, "selectorType": null, "selection": null}, {"paramCode": "resultCode", "paramName": "\u8f93\u51fa\u6587\u4ef6\u53c2\u6570", "ioType": "OUTPUT", "dataType": "file", "value": null, "defaultValue": null, "script": null, "required": 0, "advanced": null, "timeFlag": null, "elementDataType": "", "bindDataType": "", "bindDataTypeProperty": null, "property": null, "childParams": [], "constraintType": null, "constraintValue": "", "constraintValueEn": "", "unitTypeCode": null, "unitTypeName": null, "noteCn": null, "noteEn": null, "flatten": false, "selectorType": null, "selection": null}]}], "allocates": [{"containerTypeCode": "XRD_container", "maxHandleSize": 1}], "commands": [{"code": "allocation", "name": "\u5206\u914d\u5bb9\u5668", "noteCn": null, "noteEn": null, "actionCode": "allocate_container", "actionName": "allocate\u5206\u914d\u5bb9\u5668\u6307\u4ee4", "params": [{"paramCode": "containerType", "value": "[{\"minCount\":\"1\",\"maxCount\":1,\"containerTypeCode\":\"XRD_container\",\"containerTypeName\":\"XRD\u5769\u57da\",\"allocateMode\":\"extend\"}]"}, {"paramCode": "allocateOrder", "value": "small"}, {"paramCode": "allocateWorkstations", "value": "[{\"workstationCode\":\"starting_station_XRD\",\"workstationName\":\"XRD\u7269\u6599\u7ad9\"}]"}]}, {"code": "take", "name": "\u62ff\u53d6\u6837\u54c1\u67b6\u5bb9\u5668", "noteCn": null, "noteEn": null, "actionCode": "take_all", "actionName": "take_all\u6307\u4ee4", "params": [{"paramCode": "containerTypeList", "value": "[{\"containerTypeCode\":\"XRD_container\",\"containerTypeName\":\"XRD\u5769\u57da\",\"slotTypeCode\":\"XRD_slot\"}]"}, {"paramCode": "slotType", "value": "{\"slotTypeCode\":\"XRD_slot\",\"slotTypeName\":\"XRD\u5769\u57da\u69fd\u4f4d\"}"}, {"paramCode": "robotCodes", "value": "[{\"robotCode\":\"hik_robot_11335\",\"robotName\":\"\u6d77\u5eb7_11335\"}]"}, {"paramCode": "fromOrder", "value": "small"}, {"paramCode": "toOrder", "value": "small"}, {"paramCode": "storageWorkstation", "value": "{\"workstationCode\":\"starting_station_XRD\",\"workstationName\":\"XRD\u7269\u6599\u7ad9\"}"}, {"paramCode": "withParentContainerType", "value": "{\"containerTypeCode\":\"\",\"containerTypeName\":\"\"}"}]}, {"code": "put", "name": "\u653e\u7f6e\u6837\u54c1\u67b6\u5bb9\u5668", "noteCn": null, "noteEn": null, "actionCode": "put_all", "actionName": "put_all\u6307\u4ee4", "params": [{"paramCode": "containerTypeList", "value": "[{\"containerTypeCode\":\"XRD_container\",\"containerTypeName\":\"XRD\u5769\u57da\",\"slotTypeCode\":\"XRD_slot\",\"withParentContainerTypeCode\":\"\"}]"}, {"paramCode": "robotCodes", "value": "[{\"robotCode\":\"hik_robot_11335\",\"robotName\":\"\u6d77\u5eb7_11335\"}]"}, {"paramCode": "fromOrder", "value": "small"}, {"paramCode": "toOrder", "value": "small"}]}], "containerSettings": [{"typeId": 1617389728039936, "typeCode": "XRD_slot", "typeName": "XRD\u5769\u57da\u69fd\u4f4d", "containerType": "slot", "allCount": 1, "children": []}], "variables": [], "resultSetting": {"url": "", "type": "echarts", "preview": true}, "ignoreMaterial": false, "defaultVersion": true, "updatedActions": null}