{"id": 1490319455060992, "version": "2.0", "code": "spps_workstation", "name": "\u56fa\u76f8\u591a\u80bd\u5de5\u4f5c\u7ad9", "noteCn": "\u56fa\u76f8\u591a\u80bd\u5408\u6210\u4eea\u662f\u7528\u4e8e\u4eba\u5de5\u5408\u6210\u591a\u80bd\u7684\u8bbe\u5907\u3002\u5b83\u57fa\u4e8e\u56fa\u76f8\u5408\u6210\u7684\u539f\u7406\uff0c\u5c06\u6c28\u57fa\u9178\u9010\u4e2a\u8fde\u63a5\u5230\u56fa\u76f8\u8f7d\u4f53\u4e0a\uff0c\u901a\u8fc7\u4e0d\u65ad\u91cd\u590d\u8131\u4fdd\u62a4\u3001\u7f29\u5408\u7b49\u53cd\u5e94\u6b65\u9aa4\uff0c\u5408\u6210\u5177\u6709\u7279\u5b9a\u5e8f\u5217\u7684\u591a\u80bd\u3002\u5728\u836f\u7269\u7814\u53d1\u4e2d\uff0c\u53ef\u5408\u6210\u5177\u6709\u751f\u7269\u6d3b\u6027\u7684\u591a\u80bd\u836f\u7269\uff1b\u5728\u86cb\u767d\u8d28\u7ed3\u6784\u548c\u529f\u80fd\u7814\u7a76\u4e2d\uff0c\u53ef\u5408\u6210\u7528\u4e8e\u7814\u7a76\u7684\u591a\u80bd\u7247\u6bb5\u3002\u5176\u81ea\u52a8\u5316\u7684\u5408\u6210\u8fc7\u7a0b\u63d0\u9ad8\u4e86\u5408\u6210\u6548\u7387\u548c\u591a\u80bd\u7684\u7eaf\u5ea6\uff0c\u4e3a\u591a\u80bd\u76f8\u5173\u7684\u7814\u7a76\u548c\u5e94\u7528\u63d0\u4f9b\u4e86\u6709\u529b\u7684\u652f\u6301\u3002", "noteEn": "spps", "createTime": "2025-06-17 19:35:40", "updateTime": "2025-11-07 19:42:38", "paramUrl": "", "modelCode": null, "modelName": null, "modelImages": null, "definer": 0, "equipManufacturerCode": "AEP", "equipManufacturerName": "\u6d77\u5357\u5efa\u90a6\u5236\u836f\u79d1\u6280\u6709\u9650\u516c\u53f8", "actions": [{"id": 1897802271392780, "code": "start_synthesizer", "name": "\u5f00\u59cb\u5408\u6210", "noteCn": "\u5f00\u59cb\u5408\u6210", "noteEn": null, "translator": "default", "translatorArgs": {"url": "/chemist/script/unionTides", "method": "POST"}, "recommend": null, "params": [{"paramCode": "others", "paramName": "\u5f00\u59cb\u5408\u6210", "ioType": "INPUT", "dataType": "array", "value": null, "defaultValue": null, "script": null, "required": 0, "advanced": null, "timeFlag": null, "elementDataType": "object", "bindDataType": "chemBioLabTemplate", "bindDataTypeProperty": "", "property": null, "childParams": [{"paramCode": "id", "paramName": "\u4e3b\u952e", "ioType": "INPUT", "dataType": "int", "value": null, "defaultValue": null, "script": null, "required": 0, "advanced": null, "timeFlag": null, "elementDataType": null, "bindDataType": null, "bindDataTypeProperty": null, "property": "id", "childParams": null, "constraintType": null, "constraintValue": "", "constraintValueEn": "", "unitTypeCode": null, "unitTypeName": null, "noteCn": null, "noteEn": null, "flatten": false, "selectorType": null, "selection": null}, {"paramCode": "modelName", "paramName": "\u6a21\u677f\u540d\u79f0", "ioType": "INPUT", "dataType": "string", "value": null, "defaultValue": null, "script": null, "required": 0, "advanced": null, "timeFlag": null, "elementDataType": null, "bindDataType": null, "bindDataTypeProperty": null, "property": "modelName", "childParams": null, "constraintType": null, "constraintValue": "", "constraintValueEn": "", "unitTypeCode": null, "unitTypeName": null, "noteCn": "\u5408\u6210\u6a21\u677f\u540d\u79f0", "noteEn": null, "flatten": false, "selectorType": null, "selection": null}, {"paramCode": "LoadAndStart", "paramName": "\u542f\u52a8\u7c7b\u578b", "ioType": "INPUT", "dataType": "int", "value": null, "defaultValue": "1", "script": null, "required": 1, "advanced": null, "timeFlag": null, "elementDataType": null, "bindDataType": null, "bindDataTypeProperty": null, "property": "", "childParams": null, "constraintType": "ENUM", "constraintValue": "[{\"label\":\"\u52a0\u8f7d\u5e76\u542f\u52a8\",\"value\":1},{\"label\":\"\u53ea\u52a0\u8f7d\u4e0d\u542f\u52a8\",\"value\":0}]", "constraintValueEn": "", "unitTypeCode": "", "unitTypeName": "", "noteCn": "\u542f\u52a8\u7c7b\u578b", "noteEn": null, "flatten": false, "selectorType": null, "selection": null}, {"paramCode": "OperatingMode", "paramName": "\u8fd0\u884c\u6a21\u5f0f", "ioType": "CONSTANT", "dataType": "int", "value": null, "defaultValue": "0", "script": null, "required": 1, "advanced": null, "timeFlag": null, "elementDataType": null, "bindDataType": null, "bindDataTypeProperty": null, "property": "", "childParams": null, "constraintType": null, "constraintValue": "", "constraintValueEn": "", "unitTypeCode": null, "unitTypeName": null, "noteCn": "\u8fd0\u884c\u6a21\u5f0f", "noteEn": "run mode", "flatten": false, "selectorType": null, "selection": null}, {"paramCode": "UnfinishedContinue", "paramName": "\u662f\u5426\u8fd0\u884c\u672a\u5b8c\u6210\u7684\u9879\u76ee", "ioType": "CONSTANT", "dataType": "int", "value": null, "defaultValue": "1", "script": null, "required": 1, "advanced": null, "timeFlag": null, "elementDataType": null, "bindDataType": null, "bindDataTypeProperty": null, "property": "", "childParams": null, "constraintType": null, "constraintValue": "", "constraintValueEn": "", "unitTypeCode": null, "unitTypeName": null, "noteCn": "\u662f\u5426\u8fd0\u884c\u672a\u5b8c\u6210\u7684\u9879\u76ee", "noteEn": "run unfinished", "flatten": false, "selectorType": null, "selection": null}, {"paramCode": "channel", "paramName": "\u901a\u9053", "ioType": "CONSTANT", "dataType": "int", "value": null, "defaultValue": "96", "script": null, "required": 1, "advanced": null, "timeFlag": null, "elementDataType": null, "bindDataType": null, "bindDataTypeProperty": null, "property": "", "childParams": null, "constraintType": null, "constraintValue": "", "constraintValueEn": "", "unitTypeCode": "", "unitTypeName": null, "noteCn": "\u901a\u9053", "noteEn": "", "flatten": false, "selectorType": null, "selection": null}], "constraintType": null, "constraintValue": "", "constraintValueEn": "", "unitTypeCode": "", "unitTypeName": null, "noteCn": "\u5f00\u59cb\u5408\u6210", "noteEn": null, "flatten": false, "selectorType": null, "selection": null}, {"paramCode": "cmd", "paramName": "\u64cd\u4f5c\u6307\u4ee4", "ioType": "CONSTANT", "dataType": "string", "value": null, "defaultValue": "startProject", "script": null, "required": 1, "advanced": null, "timeFlag": null, "elementDataType": null, "bindDataType": null, "bindDataTypeProperty": null, "property": null, "childParams": [], "constraintType": null, "constraintValue": "", "constraintValueEn": "", "unitTypeCode": null, "unitTypeName": null, "noteCn": "\u542f\u52a8\u9879\u76ee", "noteEn": "", "flatten": false, "selectorType": null, "selection": null}]}, {"id": 1897802271392781, "code": "rotating_synthesizer", "name": "\u8f6c\u52a8\u5408\u6210\u4eea", "noteCn": "\u8f6c\u52a8\u5408\u6210\u4eea", "noteEn": "", "translator": "default", "translatorArgs": {"url": "/chemist/script/unionTides", "method": "POST"}, "recommend": null, "params": [{"paramCode": "cmd", "paramName": "\u64cd\u4f5c\u6307\u4ee4", "ioType": "CONSTANT", "dataType": "string", "value": null, "defaultValue": "takeOrPlaceTube", "script": null, "required": 1, "advanced": null, "timeFlag": null, "elementDataType": null, "bindDataType": null, "bindDataTypeProperty": null, "property": null, "childParams": [], "constraintType": null, "constraintValue": "", "constraintValueEn": "", "unitTypeCode": null, "unitTypeName": null, "noteCn": "\u8f6c\u52a8\u5408\u6210\u4eea", "noteEn": "", "flatten": false, "selectorType": null, "selection": null}, {"paramCode": "others", "paramName": "\u901a\u9053\u7c7b\u522b", "ioType": "CONSTANT", "dataType": "array", "value": null, "defaultValue": "[{\"channel\":96}]", "script": null, "required": 1, "advanced": 0, "timeFlag": null, "elementDataType": "object", "bindDataType": "", "bindDataTypeProperty": "", "property": null, "childParams": [{"paramCode": "channel", "paramName": "\u901a\u9053", "ioType": "CONSTANT", "dataType": "int", "value": null, "defaultValue": "96", "script": null, "required": 1, "advanced": null, "timeFlag": null, "elementDataType": null, "bindDataType": null, "bindDataTypeProperty": null, "property": null, "childParams": null, "constraintType": null, "constraintValue": "", "constraintValueEn": "", "unitTypeCode": null, "unitTypeName": null, "noteCn": null, "noteEn": null, "flatten": false, "selectorType": null, "selection": null}], "constraintType": null, "constraintValue": "", "constraintValueEn": "", "unitTypeCode": null, "unitTypeName": null, "noteCn": null, "noteEn": null, "flatten": false, "selectorType": null, "selection": null}]}, {"id": 1897802271392782, "code": "get_synthesizer_rotating_ret", "name": "\u5408\u6210\u4eea\u53d6\u6599\u7ed3\u675f", "noteCn": "\u5408\u6210\u4eea\u53d6\u6599\u7ed3\u675f", "noteEn": null, "translator": "default", "translatorArgs": {"url": "/chemist/script/unionTides", "method": "POST"}, "recommend": null, "params": [{"paramCode": "cmd", "paramName": "\u64cd\u4f5c\u6307\u4ee4", "ioType": "CONSTANT", "dataType": "string", "value": null, "defaultValue": "takeOrPlaceTubeEnd", "script": null, "required": 1, "advanced": null, "timeFlag": null, "elementDataType": null, "bindDataType": null, "bindDataTypeProperty": null, "property": null, "childParams": [], "constraintType": null, "constraintValue": "", "constraintValueEn": "", "unitTypeCode": null, "unitTypeName": null, "noteCn": "\u5408\u6210\u4eea\u53d6\u6599\u7ed3\u675f", "noteEn": null, "flatten": false, "selectorType": null, "selection": null}, {"paramCode": "others", "paramName": "\u53c2\u6570", "ioType": "CONSTANT", "dataType": "array", "value": null, "defaultValue": "[{\"channel\":96}]", "script": null, "required": 1, "advanced": null, "timeFlag": null, "elementDataType": "object", "bindDataType": "", "bindDataTypeProperty": null, "property": null, "childParams": [{"paramCode": "channel", "paramName": "\u901a\u9053", "ioType": "CONSTANT", "dataType": "int", "value": null, "defaultValue": "96", "script": null, "required": 1, "advanced": null, "timeFlag": null, "elementDataType": null, "bindDataType": null, "bindDataTypeProperty": null, "property": null, "childParams": null, "constraintType": null, "constraintValue": "", "constraintValueEn": "", "unitTypeCode": "", "unitTypeName": null, "noteCn": null, "noteEn": null, "flatten": false, "selectorType": null, "selection": null}, {"paramCode": "sleepTime", "paramName": "\u7b49\u5f85\u53d6\u6599\u5b8c\u6210\u65f6\u95f4\uff08s\uff09", "ioType": "INPUT", "dataType": "int", "value": null, "defaultValue": "4", "script": null, "required": 1, "advanced": null, "timeFlag": null, "elementDataType": null, "bindDataType": null, "bindDataTypeProperty": null, "property": null, "childParams": null, "constraintType": null, "constraintValue": "", "constraintValueEn": "", "unitTypeCode": null, "unitTypeName": null, "noteCn": "\u7b49\u5f85\u53d6\u6599\u5b8c\u6210\u65f6\u95f4\uff08s\uff09", "noteEn": null, "flatten": false, "selectorType": null, "selection": null}], "constraintType": null, "constraintValue": "", "constraintValueEn": "", "unitTypeCode": null, "unitTypeName": null, "noteCn": null, "noteEn": null, "flatten": false, "selectorType": null, "selection": null}]}, {"id": 1897802271392783, "code": "rotating_pyrolyzer", "name": "\u8f6c\u52a8\u88c2\u89e3\u4eea", "noteCn": "\u8f6c\u52a8\u88c2\u89e3\u4eea", "noteEn": "", "translator": "default", "translatorArgs": {"url": "/chemist/script/unionTides", "method": "POST"}, "recommend": null, "params": [{"paramCode": "cmd", "paramName": "\u64cd\u4f5c\u6307\u4ee4", "ioType": "CONSTANT", "dataType": "string", "value": null, "defaultValue": "takeOrPlaceTube", "script": null, "required": 1, "advanced": null, "timeFlag": null, "elementDataType": null, "bindDataType": null, "bindDataTypeProperty": null, "property": null, "childParams": [], "constraintType": null, "constraintValue": "", "constraintValueEn": "", "unitTypeCode": null, "unitTypeName": null, "noteCn": "\u8f6c\u52a8\u88c2\u89e3\u4eea", "noteEn": "", "flatten": false, "selectorType": null, "selection": null}, {"paramCode": "others", "paramName": "\u53c2\u6570", "ioType": "CONSTANT", "dataType": "array", "value": null, "defaultValue": "[{\"channel\":24}]", "script": null, "required": 0, "advanced": null, "timeFlag": null, "elementDataType": "object", "bindDataType": "", "bindDataTypeProperty": null, "property": null, "childParams": [{"paramCode": "channel", "paramName": "\u901a\u9053", "ioType": "CONSTANT", "dataType": "int", "value": null, "defaultValue": "24", "script": null, "required": 1, "advanced": null, "timeFlag": null, "elementDataType": null, "bindDataType": null, "bindDataTypeProperty": null, "property": null, "childParams": null, "constraintType": null, "constraintValue": "", "constraintValueEn": "", "unitTypeCode": null, "unitTypeName": null, "noteCn": null, "noteEn": null, "flatten": false, "selectorType": null, "selection": null}], "constraintType": null, "constraintValue": "", "constraintValueEn": "", "unitTypeCode": null, "unitTypeName": null, "noteCn": null, "noteEn": null, "flatten": false, "selectorType": null, "selection": null}]}, {"id": 1897802271392784, "code": "get_pyrolyzer_rotating_ret", "name": "\u88c2\u89e3\u4eea\u53d6\u6599\u7ed3\u675f", "noteCn": "\u88c2\u89e3\u4eea\u53d6\u6599\u7ed3\u675f", "noteEn": null, "translator": "default", "translatorArgs": {"url": "/chemist/script/unionTides", "method": "POST"}, "recommend": null, "params": [{"paramCode": "cmd", "paramName": "\u64cd\u4f5c\u6307\u4ee4", "ioType": "CONSTANT", "dataType": "string", "value": null, "defaultValue": "takeOrPlaceTubeEnd", "script": null, "required": 1, "advanced": null, "timeFlag": null, "elementDataType": null, "bindDataType": null, "bindDataTypeProperty": null, "property": null, "childParams": [], "constraintType": null, "constraintValue": "", "constraintValueEn": "", "unitTypeCode": null, "unitTypeName": null, "noteCn": "\u88c2\u89e3\u4eea\u53d6\u6599\u7ed3\u675f", "noteEn": null, "flatten": false, "selectorType": null, "selection": null}, {"paramCode": "others", "paramName": "\u53c2\u6570", "ioType": "CONSTANT", "dataType": "array", "value": null, "defaultValue": "[{\"channel\":24}]", "script": null, "required": 1, "advanced": null, "timeFlag": null, "elementDataType": "object", "bindDataType": "", "bindDataTypeProperty": null, "property": null, "childParams": [{"paramCode": "channel", "paramName": "\u901a\u9053", "ioType": "CONSTANT", "dataType": "int", "value": null, "defaultValue": "24", "script": null, "required": 1, "advanced": null, "timeFlag": null, "elementDataType": null, "bindDataType": null, "bindDataTypeProperty": null, "property": null, "childParams": null, "constraintType": null, "constraintValue": "", "constraintValueEn": "", "unitTypeCode": null, "unitTypeName": null, "noteCn": null, "noteEn": null, "flatten": false, "selectorType": null, "selection": null}, {"paramCode": "sleepTime", "paramName": "\u7b49\u5f85\u53d6\u6599\u5b8c\u6210\u65f6\u95f4\uff08s\uff09", "ioType": "INPUT", "dataType": "int", "value": null, "defaultValue": "5", "script": null, "required": 1, "advanced": null, "timeFlag": null, "elementDataType": null, "bindDataType": null, "bindDataTypeProperty": null, "property": null, "childParams": null, "constraintType": null, "constraintValue": "", "constraintValueEn": "", "unitTypeCode": null, "unitTypeName": null, "noteCn": "\u7b49\u5f85\u53d6\u6599\u5b8c\u6210\u65f6\u95f4\uff08s\uff09", "noteEn": null, "flatten": false, "selectorType": null, "selection": null}], "constraintType": null, "constraintValue": "", "constraintValueEn": "", "unitTypeCode": null, "unitTypeName": null, "noteCn": "\u53c2\u6570", "noteEn": null, "flatten": false, "selectorType": null, "selection": null}]}, {"id": 1897802271392785, "code": "close_synthesizer", "name": "\u5408\u6210\u4eea\u5173\u95e8", "noteCn": "\u5408\u6210\u4eea\u5173\u95e8", "noteEn": "", "translator": "default", "translatorArgs": {"url": "/chemist/script/unionTides", "method": "POST"}, "recommend": null, "params": [{"paramCode": "operation", "paramName": "\u64cd\u4f5c\u6307\u4ee4", "ioType": "CONSTANT", "dataType": "string", "value": null, "defaultValue": "close_synthesizer", "script": null, "required": 1, "advanced": null, "timeFlag": null, "elementDataType": null, "bindDataType": null, "bindDataTypeProperty": null, "property": null, "childParams": [], "constraintType": null, "constraintValue": "", "constraintValueEn": "", "unitTypeCode": null, "unitTypeName": null, "noteCn": "\u5408\u6210\u4eea\u5173\u95e8", "noteEn": "", "flatten": false, "selectorType": null, "selection": null}]}, {"id": 1897802271392786, "code": "close_pyrolyzer", "name": "\u88c2\u89e3\u4eea\u5173\u95e8", "noteCn": "\u88c2\u89e3\u4eea\u5173\u95e8", "noteEn": "", "translator": "default", "translatorArgs": {"url": "/chemist/script/unionTides", "method": "POST"}, "recommend": null, "params": [{"paramCode": "operation", "paramName": "\u64cd\u4f5c\u6307\u4ee4", "ioType": "CONSTANT", "dataType": "string", "value": null, "defaultValue": "close_pyrolyzer", "script": null, "required": 1, "advanced": null, "timeFlag": null, "elementDataType": null, "bindDataType": null, "bindDataTypeProperty": null, "property": null, "childParams": [], "constraintType": null, "constraintValue": "", "constraintValueEn": "", "unitTypeCode": null, "unitTypeName": null, "noteCn": "\u88c2\u89e3\u4eea\u5173\u95e8", "noteEn": "", "flatten": false, "selectorType": null, "selection": null}]}, {"id": 1897802271392787, "code": "down_pyrolyzer_lock", "name": "\u88c2\u89e3\u4eea\u79bb\u5fc3\u7ba1\u9501\u6263\u4e0b\u79fb", "noteCn": "\u88c2\u89e3\u4eea\u79bb\u5fc3\u7ba1\u9501\u6263\u4e0b\u79fb", "noteEn": null, "translator": "default", "translatorArgs": {"url": "/chemist/script/unionTides", "method": "POST"}, "recommend": null, "params": [{"paramCode": "operation", "paramName": "\u64cd\u4f5c\u6307\u4ee4", "ioType": "CONSTANT", "dataType": "string", "value": null, "defaultValue": "down_pyrolyzer_lock", "script": null, "required": 1, "advanced": null, "timeFlag": null, "elementDataType": null, "bindDataType": null, "bindDataTypeProperty": null, "property": null, "childParams": [], "constraintType": null, "constraintValue": "", "constraintValueEn": "", "unitTypeCode": null, "unitTypeName": null, "noteCn": "\u88c2\u89e3\u4eea\u79bb\u5fc3\u7ba1\u9501\u6263\u4e0b\u79fb", "noteEn": null, "flatten": false, "selectorType": null, "selection": null}]}, {"id": 1897802271392788, "code": "get_upward_pyrolyzer_lock_ret", "name": "\u83b7\u53d6\u88c2\u89e3\u4eea\u79bb\u5fc3\u7ba1\u9501\u6263\u4e0a\u79fb\u7ed3\u679c", "noteCn": "\u83b7\u53d6\u88c2\u89e3\u4eea\u79bb\u5fc3\u7ba1\u9501\u6263\u4e0a\u79fb\u7ed3\u679c", "noteEn": null, "translator": "default", "translatorArgs": {"url": "/chemist/script/unionTides", "method": "POST"}, "recommend": null, "params": [{"paramCode": "operation", "paramName": "\u64cd\u4f5c\u6307\u4ee4", "ioType": "CONSTANT", "dataType": "string", "value": null, "defaultValue": "get_upward_pyrolyzer_lock_ret", "script": null, "required": 1, "advanced": null, "timeFlag": null, "elementDataType": null, "bindDataType": null, "bindDataTypeProperty": null, "property": null, "childParams": [], "constraintType": null, "constraintValue": "", "constraintValueEn": "", "unitTypeCode": null, "unitTypeName": null, "noteCn": "\u83b7\u53d6\u88c2\u89e3\u4eea\u79bb\u5fc3\u7ba1\u9501\u6263\u4e0a\u79fb\u7ed3\u679c", "noteEn": null, "flatten": false, "selectorType": null, "selection": null}]}, {"id": 1897802271392789, "code": "get_down_pyrolyzer_lock_ret", "name": "\u83b7\u53d6\u88c2\u89e3\u4eea\u79bb\u5fc3\u7ba1\u9501\u6263\u4e0b\u79fb\u7ed3\u679c", "noteCn": "\u83b7\u53d6\u88c2\u89e3\u4eea\u79bb\u5fc3\u7ba1\u9501\u6263\u4e0b\u79fb\u7ed3\u679c", "noteEn": null, "translator": "default", "translatorArgs": {"url": "/chemist/script/unionTides", "method": "POST"}, "recommend": null, "params": [{"paramCode": "operation", "paramName": "\u64cd\u4f5c\u6307\u4ee4", "ioType": "CONSTANT", "dataType": "string", "value": null, "defaultValue": "get_down_pyrolyzer_lock_ret", "script": null, "required": 1, "advanced": null, "timeFlag": null, "elementDataType": null, "bindDataType": null, "bindDataTypeProperty": null, "property": null, "childParams": [], "constraintType": null, "constraintValue": "", "constraintValueEn": "", "unitTypeCode": null, "unitTypeName": null, "noteCn": "\u83b7\u53d6\u88c2\u89e3\u4eea\u79bb\u5fc3\u7ba1\u9501\u6263\u4e0b\u79fb\u7ed3\u679c", "noteEn": null, "flatten": false, "selectorType": null, "selection": null}]}, {"id": 1897802271392790, "code": "upward_pyrolyzer_lock", "name": "\u88c2\u89e3\u4eea\u79bb\u5fc3\u7ba1\u9501\u6263\u4e0a\u79fb", "noteCn": "\u88c2\u89e3\u4eea\u79bb\u5fc3\u7ba1\u9501\u6263\u4e0a\u79fb", "noteEn": "", "translator": "default", "translatorArgs": {"url": "/chemist/script/unionTides", "method": "POST"}, "recommend": null, "params": [{"paramCode": "cmd", "paramName": "\u64cd\u4f5c\u6307\u4ee4", "ioType": "CONSTANT", "dataType": "string", "value": null, "defaultValue": "openLid", "script": null, "required": 1, "advanced": null, "timeFlag": null, "elementDataType": null, "bindDataType": null, "bindDataTypeProperty": null, "property": null, "childParams": [], "constraintType": null, "constraintValue": "", "constraintValueEn": "", "unitTypeCode": null, "unitTypeName": null, "noteCn": "\u88c2\u89e3\u4eea\u5173\u95e8", "noteEn": "", "flatten": false, "selectorType": null, "selection": null}, {"paramCode": "others", "paramName": "\u53c2\u6570", "ioType": "CONSTANT", "dataType": "array", "value": null, "defaultValue": "[{\"channel\":24}]", "script": null, "required": 0, "advanced": null, "timeFlag": null, "elementDataType": "object", "bindDataType": "", "bindDataTypeProperty": null, "property": null, "childParams": [{"paramCode": "channel", "paramName": "\u901a\u9053", "ioType": "CONSTANT", "dataType": "int", "value": null, "defaultValue": "24", "script": null, "required": 1, "advanced": null, "timeFlag": null, "elementDataType": null, "bindDataType": null, "bindDataTypeProperty": null, "property": null, "childParams": null, "constraintType": null, "constraintValue": "", "constraintValueEn": "", "unitTypeCode": null, "unitTypeName": null, "noteCn": null, "noteEn": null, "flatten": false, "selectorType": null, "selection": null}], "constraintType": null, "constraintValue": "", "constraintValueEn": "", "unitTypeCode": null, "unitTypeName": null, "noteCn": null, "noteEn": null, "flatten": false, "selectorType": null, "selection": null}]}, {"id": 1897802271392791, "code": "start_pyrolyzer", "name": "\u5f00\u59cb\u88c2\u89e3", "noteCn": "\u5f00\u59cb\u88c2\u89e3", "noteEn": null, "translator": "default", "translatorArgs": {"url": "/chemist/script/unionTides", "method": "POST"}, "recommend": null, "params": [{"paramCode": "others", "paramName": "\u5f00\u59cb\u88c2\u89e3", "ioType": "CONSTANT", "dataType": "array", "value": null, "defaultValue": "[{\"LoadAndStart\":0,\"OperatingMode\":0,\"UnfinishedContinue\":1,\"channel\":24}]", "script": null, "required": 1, "advanced": null, "timeFlag": null, "elementDataType": "object", "bindDataType": "", "bindDataTypeProperty": "", "property": null, "childParams": [{"paramCode": "LoadAndStart", "paramName": "\u542f\u52a8\u7c7b\u578b", "ioType": "INPUT", "dataType": "int", "value": null, "defaultValue": "1", "script": null, "required": 1, "advanced": null, "timeFlag": null, "elementDataType": null, "bindDataType": null, "bindDataTypeProperty": null, "property": "", "childParams": null, "constraintType": "ENUM", "constraintValue": "[{\"label\":\"\u52a0\u8f7d\u5e76\u542f\u52a8\",\"value\":1},{\"label\":\"\u53ea\u52a0\u8f7d\u4e0d\u542f\u52a8\",\"value\":0}]", "constraintValueEn": "", "unitTypeCode": "", "unitTypeName": "", "noteCn": "\u542f\u52a8\u7c7b\u578b", "noteEn": null, "flatten": false, "selectorType": null, "selection": null}, {"paramCode": "OperatingMode", "paramName": "\u8fd0\u884c\u6a21\u5f0f", "ioType": "CONSTANT", "dataType": "int", "value": null, "defaultValue": "0", "script": null, "required": 1, "advanced": null, "timeFlag": null, "elementDataType": null, "bindDataType": null, "bindDataTypeProperty": null, "property": "", "childParams": null, "constraintType": null, "constraintValue": "", "constraintValueEn": "", "unitTypeCode": null, "unitTypeName": null, "noteCn": "\u8fd0\u884c\u6a21\u5f0f", "noteEn": "run mode", "flatten": false, "selectorType": null, "selection": null}, {"paramCode": "UnfinishedContinue", "paramName": "\u662f\u5426\u8fd0\u884c\u672a\u5b8c\u6210\u7684\u9879\u76ee", "ioType": "CONSTANT", "dataType": "int", "value": null, "defaultValue": "1", "script": null, "required": 1, "advanced": null, "timeFlag": null, "elementDataType": null, "bindDataType": null, "bindDataTypeProperty": null, "property": "", "childParams": null, "constraintType": null, "constraintValue": "", "constraintValueEn": "", "unitTypeCode": null, "unitTypeName": null, "noteCn": "\u662f\u5426\u8fd0\u884c\u672a\u5b8c\u6210\u7684\u9879\u76ee", "noteEn": "run unfinished", "flatten": false, "selectorType": null, "selection": null}, {"paramCode": "channel", "paramName": "\u901a\u9053", "ioType": "CONSTANT", "dataType": "int", "value": null, "defaultValue": "24", "script": null, "required": 1, "advanced": null, "timeFlag": null, "elementDataType": null, "bindDataType": null, "bindDataTypeProperty": null, "property": "", "childParams": null, "constraintType": null, "constraintValue": "", "constraintValueEn": "", "unitTypeCode": "", "unitTypeName": null, "noteCn": "\u901a\u9053", "noteEn": "", "flatten": false, "selectorType": null, "selection": null}], "constraintType": null, "constraintValue": "", "constraintValueEn": "", "unitTypeCode": "", "unitTypeName": null, "noteCn": "\u5f00\u59cb\u88c2\u89e3", "noteEn": null, "flatten": false, "selectorType": null, "selection": null}, {"paramCode": "cmd", "paramName": "\u64cd\u4f5c\u6307\u4ee4", "ioType": "CONSTANT", "dataType": "string", "value": null, "defaultValue": "startProject", "script": null, "required": 1, "advanced": null, "timeFlag": null, "elementDataType": null, "bindDataType": null, "bindDataTypeProperty": null, "property": null, "childParams": [], "constraintType": null, "constraintValue": "", "constraintValueEn": "", "unitTypeCode": null, "unitTypeName": null, "noteCn": "\u542f\u52a8\u9879\u76ee", "noteEn": "", "flatten": false, "selectorType": null, "selection": null}]}, {"id": 1897802271392792, "code": "pre_start_pyrolyzer", "name": "\u5f00\u59cb\u88c2\u89e3\u524d\u5904\u7406", "noteCn": "\u5f00\u59cb\u88c2\u89e3\u524d\u5904\u7406", "noteEn": null, "translator": "default", "translatorArgs": {"url": "/chemist/script/unionTides", "method": "POST"}, "recommend": null, "params": [{"paramCode": "others", "paramName": "\u5f00\u59cb\u88c2\u89e3", "ioType": "INPUT", "dataType": "array", "value": null, "defaultValue": null, "script": null, "required": 0, "advanced": null, "timeFlag": null, "elementDataType": "object", "bindDataType": "chemBioPyrolyzerTemplate", "bindDataTypeProperty": "", "property": null, "childParams": [{"paramCode": "id", "paramName": "\u4e3b\u952e", "ioType": "INPUT", "dataType": "int", "value": null, "defaultValue": null, "script": null, "required": 0, "advanced": null, "timeFlag": null, "elementDataType": null, "bindDataType": null, "bindDataTypeProperty": null, "property": "id", "childParams": null, "constraintType": null, "constraintValue": "", "constraintValueEn": "", "unitTypeCode": null, "unitTypeName": null, "noteCn": null, "noteEn": null, "flatten": false, "selectorType": null, "selection": null}, {"paramCode": "modelName", "paramName": "\u88c2\u89e3\u6a21\u677f\u540d\u79f0", "ioType": "INPUT", "dataType": "string", "value": null, "defaultValue": null, "script": null, "required": 0, "advanced": null, "timeFlag": null, "elementDataType": null, "bindDataType": null, "bindDataTypeProperty": null, "property": "modelName", "childParams": null, "constraintType": null, "constraintValue": "", "constraintValueEn": "", "unitTypeCode": null, "unitTypeName": null, "noteCn": "\u88c2\u89e3\u6a21\u677f\u540d\u79f0", "noteEn": null, "flatten": false, "selectorType": null, "selection": null}, {"paramCode": "channel", "paramName": "\u901a\u9053", "ioType": "CONSTANT", "dataType": "int", "value": null, "defaultValue": "0", "script": null, "required": 1, "advanced": null, "timeFlag": null, "elementDataType": null, "bindDataType": null, "bindDataTypeProperty": null, "property": "", "childParams": null, "constraintType": null, "constraintValue": "", "constraintValueEn": "", "unitTypeCode": "", "unitTypeName": null, "noteCn": "\u901a\u9053", "noteEn": "", "flatten": false, "selectorType": null, "selection": null}], "constraintType": null, "constraintValue": "", "constraintValueEn": "", "unitTypeCode": "", "unitTypeName": null, "noteCn": "\u5f00\u59cb\u88c2\u89e3", "noteEn": null, "flatten": false, "selectorType": null, "selection": null}, {"paramCode": "cmd", "paramName": "\u64cd\u4f5c\u6307\u4ee4", "ioType": "CONSTANT", "dataType": "string", "value": null, "defaultValue": "startProject", "script": null, "required": 1, "advanced": null, "timeFlag": null, "elementDataType": null, "bindDataType": null, "bindDataTypeProperty": null, "property": null, "childParams": [], "constraintType": null, "constraintValue": "", "constraintValueEn": "", "unitTypeCode": null, "unitTypeName": null, "noteCn": "\u542f\u52a8\u9879\u76ee", "noteEn": "", "flatten": false, "selectorType": null, "selection": null}]}, {"id": 1897802271392793, "code": "test_cmd", "name": "\u6d4b\u8bd5\u6307\u4ee4", "noteCn": "test cmd", "noteEn": "", "translator": "default", "translatorArgs": {"url": "/command", "method": "POST"}, "recommend": null, "params": [{"paramCode": "count", "paramName": "count", "ioType": "INPUT", "dataType": "int", "value": null, "defaultValue": null, "script": null, "required": 1, "advanced": null, "timeFlag": null, "elementDataType": "", "bindDataType": "", "bindDataTypeProperty": null, "property": null, "childParams": [], "constraintType": null, "constraintValue": "", "constraintValueEn": "", "unitTypeCode": null, "unitTypeName": null, "noteCn": "count", "noteEn": null, "flatten": false, "selectorType": null, "selection": null}]}], "allocates": [{"containerTypeCode": "50ml_centrifuge_tube", "maxHandleSize": 24}, {"containerTypeCode": "reactor", "maxHandleSize": 24}], "commands": [{"code": "allocation", "name": "\u5bb9\u5668\u5206\u914d", "noteCn": null, "noteEn": null, "actionCode": "allocate_container", "actionName": "\u5206\u914d\u5bb9\u5668\u6307\u4ee4", "params": [{"paramCode": "containerType", "value": "[{\"minCount\":1,\"maxCount\":24,\"containerTypeCode\":\"50ml_centrifuge_tube\",\"containerTypeName\":\"50ml\u79bb\u5fc3\u7ba1\",\"allocateMode\":\"extend\",\"defaultCount\":8},{\"minCount\":1,\"maxCount\":24,\"containerTypeCode\":\"reactor\",\"containerTypeName\":\"\u53cd\u5e94\u5668\",\"allocateMode\":\"extend\",\"defaultCount\":8}]"}, {"paramCode": "allocateOrder", "value": "small"}, {"paramCode": "allocateWorkstations", "value": "[]"}]}, {"code": "take-input", "name": "\u62ff\u53d650ml\u79bb\u5fc3\u7ba1", "noteCn": "\u62ff\u53d6\u5355\u4e2a50ml\u79bb\u5fc3\u7ba1", "noteEn": null, "actionCode": "take", "actionName": "take\u6307\u4ee4", "params": [{"paramCode": "containerType", "value": "{\"containerTypeCode\":\"50ml_centrifuge_tube\",\"containerTypeName\":\"50ml\u79bb\u5fc3\u7ba1\",\"slotTypeCode\":\"\"}"}, {"paramCode": "slotType", "value": "{\"slotTypeCode\":\"\",\"slotTypeName\":\"\"}"}, {"paramCode": "robotCodes", "value": "[{\"robotCode\":\"multi_robot_002\",\"robotName\":\"\u9ad8\u65b0\u591a\u8054\u52a8\u673a\u5668\u4eba2\u53f7\"}]"}, {"paramCode": "fromOrder", "value": "small"}, {"paramCode": "toOrder", "value": "small"}, {"paramCode": "storageWorkstation", "value": "{}"}, {"paramCode": "userDefinedPos", "value": ""}, {"paramCode": "withParentContainerType", "value": "{\"containerTypeCode\":\"\",\"containerTypeName\":\"\"}"}]}, {"code": "take-all-c-tube", "name": "\u62ff\u53d6\u6240\u670950ml\u79bb\u5fc3\u7ba1", "noteCn": "\u62ff\u53d6\u6240\u670950ml\u79bb\u5fc3\u7ba1", "noteEn": "take all ce tube", "actionCode": "take_all", "actionName": "take_all\u6307\u4ee4", "params": [{"paramCode": "containerTypeList", "value": "[{\"containerTypeCode\":\"50ml_centrifuge_tube\",\"containerTypeName\":\"50ml\u79bb\u5fc3\u7ba1\",\"slotTypeCode\":\"50ml_centrifuge_tube_slot\"}]"}, {"paramCode": "slotType", "value": "{\"slotTypeCode\":\"\",\"slotTypeName\":\"\"}"}, {"paramCode": "robotCodes", "value": "[{\"robotCode\":\"multi_robot_002\",\"robotName\":\"\u9ad8\u65b0\u591a\u8054\u52a8\u673a\u5668\u4eba2\u53f7\"}]"}, {"paramCode": "fromOrder", "value": "small"}, {"paramCode": "toOrder", "value": "small"}, {"paramCode": "storageWorkstation", "value": "{}"}, {"paramCode": "withParentContainerType", "value": "{}"}]}, {"code": "put-all-c-tube", "name": "\u653e\u7f6e\u6240\u670950ml\u79bb\u5fc3\u7ba1", "noteCn": "\u653e\u7f6e\u6240\u670950ml\u79bb\u5fc3\u7ba1", "noteEn": "put all ce tube", "actionCode": "put_all", "actionName": "put_all\u6307\u4ee4", "params": [{"paramCode": "containerTypeList", "value": "[{\"containerTypeCode\":\"50ml_centrifuge_tube\",\"containerTypeName\":\"50ml\u79bb\u5fc3\u7ba1\",\"slotTypeCode\":\"50ml_centrifuge_tube_slot\"}]"}, {"paramCode": "robotCodes", "value": "[{\"robotCode\":\"multi_robot_002\",\"robotName\":\"\u9ad8\u65b0\u591a\u8054\u52a8\u673a\u5668\u4eba2\u53f7\"}]"}, {"paramCode": "fromOrder", "value": "small"}, {"paramCode": "toOrder", "value": "small"}]}, {"code": "take-reactor", "name": "\u62ff\u53d6\u53cd\u5e94\u5668", "noteCn": "\u62ff\u53d6\u53cd\u5e94\u5668", "noteEn": "take reactor", "actionCode": "take", "actionName": "take\u6307\u4ee4", "params": [{"paramCode": "containerType", "value": "{\"containerTypeCode\":\"reactor\",\"containerTypeName\":\"\u53cd\u5e94\u5668\"}"}, {"paramCode": "slotType", "value": "{\"slotTypeCode\":\"\",\"slotTypeName\":\"\"}"}, {"paramCode": "robotCodes", "value": "[{\"robotCode\":\"multi_robot_002\",\"robotName\":\"\u9ad8\u65b0\u591a\u8054\u52a8\u673a\u5668\u4eba2\u53f7\"}]"}, {"paramCode": "fromOrder", "value": "small"}, {"paramCode": "toOrder", "value": "small"}, {"paramCode": "storageWorkstation", "value": "{}"}, {"paramCode": "userDefinedPos", "value": ""}, {"paramCode": "withParentContainerType", "value": "{}"}]}, {"code": "put-reactor", "name": "\u653e\u7f6e\u53cd\u5e94\u5668", "noteCn": "\u653e\u7f6e\u53cd\u5e94\u5668", "noteEn": "put reactor", "actionCode": "put", "actionName": "put\u6307\u4ee4", "params": [{"paramCode": "containerType", "value": "{\"containerTypeCode\":\"reactor\",\"containerTypeName\":\"\u53cd\u5e94\u5668\"}"}, {"paramCode": "slotType", "value": "{\"slotTypeCode\":\"\",\"slotTypeName\":\"\"}"}, {"paramCode": "robotCodes", "value": "[{\"robotCode\":\"multi_robot_002\",\"robotName\":\"\u9ad8\u65b0\u591a\u8054\u52a8\u673a\u5668\u4eba2\u53f7\"}]"}, {"paramCode": "fromOrder", "value": "small"}, {"paramCode": "toOrder", "value": "small"}, {"paramCode": "withParentContainerType", "value": "{}"}]}, {"code": "common", "name": "\u901a\u7528\u6307\u4ee4", "noteCn": "\u901a\u7528\u6307\u4ee4", "noteEn": null, "actionCode": "common", "actionName": "\u901a\u7528\u6307\u4ee4", "params": [{"paramCode": "robotCodes", "value": "[{\"robotCode\":\"multi_robot_002\",\"robotName\":\"\u9ad8\u65b0\u591a\u8054\u52a8\u673a\u5668\u4eba2\u53f7\"}]"}]}], "containerSettings": [{"typeId": 1538149214061568, "typeCode": "reactor_slot", "typeName": "\u53cd\u5e94\u5668\u69fd\u4f4d", "containerType": "slot", "allCount": 24, "children": [{"typeId": 1538151132595200, "typeCode": "reactor", "typeName": "\u53cd\u5e94\u5668", "containerType": "container", "allCount": 24, "children": []}]}, {"typeId": 1515375074837504, "typeCode": "50ml_centrifuge_tube_slot", "typeName": "50ml\u79bb\u5fc3\u7ba1\u69fd\u4f4d", "containerType": "slot", "allCount": 24, "children": [{"typeId": 1515376442737664, "typeCode": "50ml_centrifuge_tube", "typeName": "50ml\u79bb\u5fc3\u7ba1", "containerType": "container", "allCount": 24, "children": []}]}], "variables": [{"code": "global_count", "name": "\u5168\u5c40\u53d8\u91cf", "noteCn": "\u6d4b\u8bd5\u5168\u5c40\u53d8\u91cf", "noteEn": "global val", "dataType": "int", "defaultValue": "1"}], "resultSetting": {"url": "", "type": "", "preview": false}, "ignoreMaterial": false, "defaultVersion": true, "updatedActions": null}