{"id": 1490330169574400, "version": "2.0", "code": "liquid_handling_workstation", "name": "\u6db2\u7ad9\u5de5\u4f5c\u7ad9", "noteCn": "\u6db2\u7ad9\u5de5\u4f5c\u7ad9", "noteEn": "", "createTime": "2025-06-17 19:41:07", "updateTime": "2025-08-11 14:09:55", "paramUrl": "", "modelCode": null, "modelName": null, "modelImages": null, "definer": 1, "equipManufacturerCode": null, "equipManufacturerName": null, "actions": [{"id": 1897802271327246, "code": "start_concussion", "name": "\u5f00\u59cb\u9707\u8361", "noteCn": "\u5f00\u59cb", "noteEn": null, "translator": "default", "translatorArgs": {"url": "/command", "method": "POST"}, "recommend": null, "params": [{"paramCode": "operation", "paramName": "\u64cd\u4f5c\u6307\u4ee4", "ioType": "CONSTANT", "dataType": "string", "value": null, "defaultValue": "concussion", "script": null, "required": 1, "advanced": null, "timeFlag": null, "elementDataType": null, "bindDataType": null, "bindDataTypeProperty": null, "property": null, "childParams": [], "constraintType": null, "constraintValue": "", "constraintValueEn": "", "unitTypeCode": null, "unitTypeName": null, "noteCn": "\u9707\u8361\u6307\u4ee4", "noteEn": null, "flatten": false, "selectorType": null, "selection": null}, {"paramCode": "time", "paramName": "\u9707\u8361\u65f6\u95f4\uff08\u5206\uff09", "ioType": "INPUT", "dataType": "int", "value": null, "defaultValue": "10", "script": null, "required": 0, "advanced": null, "timeFlag": null, "elementDataType": "", "bindDataType": "", "bindDataTypeProperty": null, "property": null, "childParams": [], "constraintType": null, "constraintValue": "", "constraintValueEn": "", "unitTypeCode": null, "unitTypeName": null, "noteCn": "\u9707\u8361\u65f6\u95f4", "noteEn": null, "flatten": false, "selectorType": null, "selection": null}, {"paramCode": "level", "paramName": "\u9707\u8361\u6863\u4f4d", "ioType": "INPUT", "dataType": "int", "value": null, "defaultValue": "0", "script": null, "required": 1, "advanced": null, "timeFlag": null, "elementDataType": "", "bindDataType": "", "bindDataTypeProperty": null, "property": null, "childParams": [], "constraintType": "ENUM", "constraintValue": "[{\"label\":\"\u4e00\u7ea7\",\"value\":0},{\"label\":\"\u4e8c\u7ea7\",\"value\":1},{\"label\":\"\u4e09\u7ea7\",\"value\":2},{\"label\":\"\u56db\u7ea7\",\"value\":3}]", "constraintValueEn": "", "unitTypeCode": null, "unitTypeName": null, "noteCn": "\u9707\u8361\u6863\u4f4d", "noteEn": null, "flatten": false, "selectorType": null, "selection": null}]}, {"id": 1897802271327247, "code": "start_clean", "name": "\u5f00\u59cb\u6e05\u6d17", "noteCn": "\u5f00\u59cb\u6e05\u6d17", "noteEn": null, "translator": "default", "translatorArgs": {"url": "/command", "method": "POST"}, "recommend": null, "params": [{"paramCode": "operation", "paramName": "\u64cd\u4f5c\u6307\u4ee4", "ioType": "CONSTANT", "dataType": "string", "value": null, "defaultValue": "start_clean", "script": null, "required": 1, "advanced": null, "timeFlag": null, "elementDataType": null, "bindDataType": null, "bindDataTypeProperty": null, "property": null, "childParams": [], "constraintType": null, "constraintValue": "", "constraintValueEn": "", "unitTypeCode": null, "unitTypeName": null, "noteCn": "\u5f00\u59cb\u6e05\u6d17", "noteEn": null, "flatten": false, "selectorType": null, "selection": null}, {"paramCode": "clean_solution", "paramName": "\u6e05\u6d17\u6db2", "ioType": "INPUT", "dataType": "int", "value": null, "defaultValue": "0", "script": null, "required": 1, "advanced": null, "timeFlag": null, "elementDataType": "", "bindDataType": "", "bindDataTypeProperty": null, "property": null, "childParams": [], "constraintType": "ENUM", "constraintValue": "[{\"label\":\"\u4e59\u919a\",\"value\":0},{\"label\":\"\u6c34\",\"value\":1},{\"label\":\"\u9152\u7cbe\",\"value\":2}]", "constraintValueEn": "", "unitTypeCode": null, "unitTypeName": null, "noteCn": "\u6e05\u6d17\u6db2", "noteEn": null, "flatten": false, "selectorType": null, "selection": null}, {"paramCode": "time", "paramName": "\u6e05\u6d17\u65f6\u95f4\uff08\u5206\uff09", "ioType": "INPUT", "dataType": "int", "value": null, "defaultValue": "5", "script": null, "required": 1, "advanced": null, "timeFlag": null, "elementDataType": "", "bindDataType": "", "bindDataTypeProperty": null, "property": null, "childParams": [], "constraintType": "RANGE", "constraintValue": "(1, 60]", "constraintValueEn": "", "unitTypeCode": null, "unitTypeName": null, "noteCn": "\u6e05\u6d17\u65f6\u95f4\uff08\u5206\uff09", "noteEn": null, "flatten": false, "selectorType": null, "selection": null}]}, {"id": 1897802271327248, "code": "start_dissolve", "name": "\u5f00\u59cb\u6eb6\u89e3\u5e76\u6ce8\u5165\u6df1\u5b54\u677f", "noteCn": "\u5f00\u59cb\u6eb6\u89e3\u5e76\u6ce8\u5165\u6df1\u5b54\u677f", "noteEn": null, "translator": "default", "translatorArgs": {"url": "/command", "method": "POST"}, "recommend": null, "params": [{"paramCode": "operation", "paramName": "\u64cd\u4f5c\u6307\u4ee4", "ioType": "CONSTANT", "dataType": "string", "value": null, "defaultValue": "start_dissolve", "script": null, "required": 0, "advanced": null, "timeFlag": null, "elementDataType": null, "bindDataType": null, "bindDataTypeProperty": null, "property": null, "childParams": [], "constraintType": null, "constraintValue": "", "constraintValueEn": "", "unitTypeCode": null, "unitTypeName": null, "noteCn": "\u5f00\u59cb\u6eb6\u89e3\u6307\u4ee4", "noteEn": null, "flatten": false, "selectorType": null, "selection": null}, {"paramCode": "solution", "paramName": "\u53cd\u5e94\u6eb6\u6db2", "ioType": "CONSTANT", "dataType": "int", "value": null, "defaultValue": "0", "script": null, "required": 0, "advanced": null, "timeFlag": null, "elementDataType": "", "bindDataType": "", "bindDataTypeProperty": null, "property": null, "childParams": [], "constraintType": "ENUM", "constraintValue": "[{\"label\":\"\u4e59\u919a\",\"value\":0},{\"label\":\"\u6c34\",\"value\":1},{\"label\":\"\u9152\u7cbe\",\"value\":2}]", "constraintValueEn": "", "unitTypeCode": null, "unitTypeName": null, "noteCn": "\u53cd\u5e94\u6eb6\u6db2", "noteEn": null, "flatten": false, "selectorType": null, "selection": null}, {"paramCode": "count", "paramName": "\u6eb6\u6db2\u91cf\uff08ml\uff09", "ioType": "INPUT", "dataType": "int", "value": null, "defaultValue": "20", "script": null, "required": 0, "advanced": null, "timeFlag": null, "elementDataType": "", "bindDataType": "", "bindDataTypeProperty": null, "property": null, "childParams": [], "constraintType": "RANGE", "constraintValue": "(0,50]", "constraintValueEn": "", "unitTypeCode": null, "unitTypeName": null, "noteCn": "\u6eb6\u6db2\u91cf", "noteEn": null, "flatten": false, "selectorType": null, "selection": null}]}, {"id": 1897802271327249, "code": "start_dissolve_to_96", "name": "\u5f00\u59cb\u6eb6\u89e3\u5e76\u6ce8\u516596\u5b54\u677f", "noteCn": "\u5f00\u59cb\u6eb6\u89e3\u5e76\u6ce8\u516596\u5b54\u677f", "noteEn": null, "translator": "default", "translatorArgs": {"url": "/command", "method": "POST"}, "recommend": null, "params": [{"paramCode": "operation", "paramName": "\u64cd\u4f5c\u6307\u4ee4", "ioType": "CONSTANT", "dataType": "string", "value": null, "defaultValue": "start_dissolve_96", "script": null, "required": 0, "advanced": null, "timeFlag": null, "elementDataType": null, "bindDataType": null, "bindDataTypeProperty": null, "property": null, "childParams": [], "constraintType": null, "constraintValue": "", "constraintValueEn": "", "unitTypeCode": null, "unitTypeName": null, "noteCn": "\u5f00\u59cb\u6eb6\u89e3\u6307\u4ee4\u5e76\u6ce8\u516596\u5b54\u677f", "noteEn": null, "flatten": false, "selectorType": null, "selection": null}, {"paramCode": "solution", "paramName": "\u53cd\u5e94\u6eb6\u6db2", "ioType": "CONSTANT", "dataType": "int", "value": null, "defaultValue": "0", "script": null, "required": 0, "advanced": null, "timeFlag": null, "elementDataType": "", "bindDataType": "", "bindDataTypeProperty": null, "property": null, "childParams": [], "constraintType": "ENUM", "constraintValue": "[{\"label\":\"\u4e59\u919a\",\"value\":0},{\"label\":\"\u6c34\",\"value\":1},{\"label\":\"\u9152\u7cbe\",\"value\":2}]", "constraintValueEn": "", "unitTypeCode": null, "unitTypeName": null, "noteCn": "\u53cd\u5e94\u6eb6\u6db2", "noteEn": null, "flatten": false, "selectorType": null, "selection": null}, {"paramCode": "count", "paramName": "\u6eb6\u6db2\u91cf\uff08ml\uff09", "ioType": "INPUT", "dataType": "int", "value": null, "defaultValue": "20", "script": null, "required": 0, "advanced": null, "timeFlag": null, "elementDataType": "", "bindDataType": "", "bindDataTypeProperty": null, "property": null, "childParams": [], "constraintType": "RANGE", "constraintValue": "(0,50]", "constraintValueEn": "", "unitTypeCode": null, "unitTypeName": null, "noteCn": "\u6eb6\u6db2\u91cf", "noteEn": null, "flatten": false, "selectorType": null, "selection": null}]}], "allocates": [{"containerTypeCode": "50ml_centrifuge_tube", "maxHandleSize": 5}, {"containerTypeCode": "deep_hole_plate", "maxHandleSize": 7}, {"containerTypeCode": "15ml_centrifuge_tube", "maxHandleSize": 10}, {"containerTypeCode": "96_hole_plate", "maxHandleSize": 7}], "commands": [{"code": "common", "name": "\u901a\u7528\u6307\u4ee4", "noteCn": "\u901a\u7528\u6307\u4ee4", "noteEn": null, "actionCode": "common", "actionName": "\u901a\u7528\u6307\u4ee4", "params": [{"paramCode": "robotCodes", "value": "[{\"robotCode\":\"schedule_robot_1\",\"robotName\":\"\u8c03\u5ea6\u673a\u5668\u4eba\"}]"}]}, {"code": "allocation", "name": "\u5bb9\u5668\u5206\u914d", "noteCn": "\u5bb9\u5668\u5206\u914d", "noteEn": null, "actionCode": "allocate_container", "actionName": "\u5206\u914d\u5bb9\u5668\u6307\u4ee4", "params": [{"paramCode": "containerType", "value": "[{\"minCount\":1,\"maxCount\":10,\"containerTypeCode\":\"50ml_centrifuge_tube\",\"containerTypeName\":\"50ml\u79bb\u5fc3\u7ba1\",\"allocateMode\":\"extend\",\"defaultCount\":5},{\"minCount\":1,\"maxCount\":7,\"containerTypeCode\":\"deep_hole_plate\",\"containerTypeName\":\"\u6df1\u5b54\u677f\",\"allocateMode\":\"extend\",\"defaultCount\":1},{\"minCount\":\"1\",\"maxCount\":7,\"containerTypeCode\":\"96_hole_plate\",\"containerTypeName\":\"96\u5b54\u677f\",\"allocateMode\":\"extend\",\"defaultCount\":1},{\"minCount\":\"1\",\"maxCount\":10,\"containerTypeCode\":\"15ml_centrifuge_tube\",\"containerTypeName\":\"15ml\u79bb\u5fc3\u7ba1\",\"allocateMode\":\"extend\",\"defaultCount\":5}]"}, {"paramCode": "allocateOrder", "value": "small"}, {"paramCode": "allocateWorkstations", "value": "[]"}]}, {"code": "take-deep-hole-plate", "name": "\u62ff\u53d6\u6df1\u5b54\u677f", "noteCn": "\u62ff\u53d6\u6df1\u5b54\u677f", "noteEn": null, "actionCode": "take", "actionName": "take\u6307\u4ee4", "params": [{"paramCode": "containerType", "value": "{\"containerTypeCode\":\"deep_hole_plate\",\"containerTypeName\":\"\u6df1\u5b54\u677f\"}"}, {"paramCode": "slotType", "value": "{\"slotTypeCode\":\"deep_hole_plate_slot\",\"slotTypeName\":\"\u6df1\u5b54\u677f\u69fd\u4f4d\"}"}, {"paramCode": "robotCodes", "value": "[{\"robotCode\":\"multi_robot_002\",\"robotName\":\"\u9ad8\u65b0\u591a\u8054\u52a8\u673a\u5668\u4eba2\u53f7\"}]"}, {"paramCode": "fromOrder", "value": "small"}, {"paramCode": "toOrder", "value": "small"}, {"paramCode": "storageWorkstation", "value": "{}"}, {"paramCode": "userDefinedPos", "value": "undefined"}]}, {"code": "take-96-hole-plate", "name": "\u62ff\u53d696\u5b54\u677f", "noteCn": "\u62ff\u53d696\u5b54\u677f", "noteEn": null, "actionCode": "take", "actionName": "take\u6307\u4ee4", "params": [{"paramCode": "containerType", "value": "{\"containerTypeCode\":\"96_hole_plate\",\"containerTypeName\":\"96\u5b54\u677f\"}"}, {"paramCode": "slotType", "value": "{\"slotTypeCode\":\"96_hole_plate_slot\",\"slotTypeName\":\"96\u5b54\u677f\u69fd\u4f4d\"}"}, {"paramCode": "robotCodes", "value": "[{\"robotCode\":\"multi_robot_002\",\"robotName\":\"\u9ad8\u65b0\u591a\u8054\u52a8\u673a\u5668\u4eba2\u53f7\"}]"}, {"paramCode": "fromOrder", "value": "small"}, {"paramCode": "toOrder", "value": "small"}, {"paramCode": "storageWorkstation", "value": "{}"}, {"paramCode": "userDefinedPos", "value": "undefined"}]}, {"code": "put-all-15ml-cer-tube", "name": "\u653e\u7f6e\u6240\u670915ml\u79bb\u5fc3\u7ba1", "noteCn": "\u653e\u7f6e\u6240\u670915ml\u79bb\u5fc3\u7ba1", "noteEn": null, "actionCode": "put_all", "actionName": "put_all\u6307\u4ee4", "params": [{"paramCode": "containerTypeList", "value": "[{\"containerTypeCode\":\"15ml_centrifuge_tube\",\"containerTypeName\":\"15ml\u79bb\u5fc3\u7ba1\",\"slotTypeCode\":\"15ml_centrifuge_tube_slot\"}]"}, {"paramCode": "robotCodes", "value": "[{\"robotCode\":\"multi_robot_002\",\"robotName\":\"\u9ad8\u65b0\u591a\u8054\u52a8\u673a\u5668\u4eba2\u53f7\"}]"}, {"paramCode": "fromOrder", "value": "small"}, {"paramCode": "toOrder", "value": "small"}]}, {"code": "put-50ml-cer-tube", "name": "\u653e\u7f6e50ml\u79bb\u5fc3\u7ba1", "noteCn": "\u653e\u7f6e50ml\u79bb\u5fc3\u7ba1", "noteEn": "put 50ml cer tube", "actionCode": "put", "actionName": "put\u6307\u4ee4", "params": [{"paramCode": "containerType", "value": "{\"containerTypeCode\":\"50ml_centrifuge_tube\",\"containerTypeName\":\"50ml\u79bb\u5fc3\u7ba1\",\"slotTypeCode\":\"\"}"}, {"paramCode": "slotType", "value": "{}"}, {"paramCode": "robotCodes", "value": "[{\"robotCode\":\"multi_robot_002\",\"robotName\":\"\u9ad8\u65b0\u591a\u8054\u52a8\u673a\u5668\u4eba2\u53f7\"}]"}, {"paramCode": "fromOrder", "value": "small"}, {"paramCode": "toOrder", "value": "small"}, {"paramCode": "withParentContainerType", "value": "{\"containerTypeCode\":\"rack\",\"containerTypeName\":\"\u6837\u54c1\u67b6\"}"}]}, {"code": "take-50ml-cer-tube", "name": "\u62ff\u53d650ml\u79bb\u5fc3\u7ba1", "noteCn": "\u62ff\u53d650ml\u79bb\u5fc3\u7ba1", "noteEn": "take 50ml cer tube", "actionCode": "take", "actionName": "take\u6307\u4ee4", "params": [{"paramCode": "containerType", "value": "{\"containerTypeCode\":\"50ml_centrifuge_tube\",\"containerTypeName\":\"50ml\u79bb\u5fc3\u7ba1\",\"slotTypeCode\":\"\"}"}, {"paramCode": "slotType", "value": "{}"}, {"paramCode": "robotCodes", "value": "[{\"robotCode\":\"multi_robot_002\",\"robotName\":\"\u9ad8\u65b0\u591a\u8054\u52a8\u673a\u5668\u4eba2\u53f7\"}]"}, {"paramCode": "fromOrder", "value": "small"}, {"paramCode": "toOrder", "value": "small"}, {"paramCode": "storageWorkstation", "value": "{}"}, {"paramCode": "userDefinedPos", "value": ""}, {"paramCode": "withParentContainerType", "value": "{\"containerTypeCode\":\"rack\",\"containerTypeName\":\"\u6837\u54c1\u67b6\"}"}]}, {"code": "take-empty", "name": "\u62ff\u53d6\u4e0d\u5b58\u5728", "noteCn": "\u62ff\u53d6\u4e0d\u5b58\u5728", "noteEn": "take empty", "actionCode": "take", "actionName": "take\u6307\u4ee4", "params": [{"paramCode": "containerType", "value": "{\"containerTypeCode\":\"XRD_container\",\"containerTypeName\":\"XRD\u5769\u57da\"}"}, {"paramCode": "slotType", "value": "{}"}, {"paramCode": "robotCodes", "value": "[{\"robotCode\":\"multi_robot_002\",\"robotName\":\"\u9ad8\u65b0\u591a\u8054\u52a8\u673a\u5668\u4eba2\u53f7\"}]"}, {"paramCode": "fromOrder", "value": "small"}, {"paramCode": "toOrder", "value": "small"}, {"paramCode": "storageWorkstation", "value": "{}"}, {"paramCode": "userDefinedPos", "value": "undefined"}, {"paramCode": "withParentContainerType", "value": "{}"}]}], "containerSettings": [{"typeId": 881570976007168, "typeCode": "rack_slot", "typeName": "\u6837\u54c1\u67b6\u69fd\u4f4d", "containerType": "slot", "allCount": 1, "children": []}, {"typeId": 1514900158448640, "typeCode": "deep_hole_plate_slot", "typeName": "\u6df1\u5b54\u677f\u69fd\u4f4d", "containerType": "slot", "allCount": 7, "children": [{"typeId": 1514902189540352, "typeCode": "deep_hole_plate", "typeName": "\u6df1\u5b54\u677f", "containerType": "container", "allCount": 7, "children": []}]}, {"typeId": 1514900981777408, "typeCode": "96_hole_plate_slot", "typeName": "96\u5b54\u677f\u69fd\u4f4d", "containerType": "slot", "allCount": 7, "children": [{"typeId": 1514902940877824, "typeCode": "96_hole_plate", "typeName": "96\u5b54\u677f", "containerType": "container", "allCount": 7, "children": []}]}], "variables": [{"code": "global_int", "name": "\u5168\u5c40int", "noteCn": "\u5168\u5c40int", "noteEn": "global int", "dataType": "int", "defaultValue": "-999"}, {"code": "global_array", "name": "\u5168\u5c40array", "noteCn": "\u5168\u5c40array", "noteEn": null, "dataType": "array", "defaultValue": ""}, {"code": "global_object", "name": "\u5168\u5c40object", "noteCn": "\u5168\u5c40object", "noteEn": null, "dataType": "object", "defaultValue": null}], "resultSetting": {"url": "", "type": "", "preview": false}, "ignoreMaterial": false, "defaultVersion": true, "updatedActions": null}