{"id": 1491952095331328, "version": "2.0", "code": "new_centrifugation", "name": "\u65b0\u79bb\u5fc3\u673a", "noteCn": "\u751f\u7269\u5316\u5b66\u79bb\u5fc3\u673a", "noteEn": "", "createTime": "2025-06-18 09:26:04", "updateTime": "2025-08-11 08:59:50", "paramUrl": "", "modelCode": null, "modelName": null, "modelImages": null, "definer": 1, "equipManufacturerCode": null, "equipManufacturerName": null, "actions": [{"id": 1897802270770176, "code": "door_open", "name": "\u5f00\u95e8", "noteCn": "\u6253\u5f00\u79bb\u5fc3\u673a\u95e8", "noteEn": null, "translator": "default", "translatorArgs": {"url": "/command", "method": "POST"}, "recommend": null, "params": null}, {"id": 1897802270770177, "code": "door_close", "name": "\u5173\u95e8", "noteCn": "\u5173\u95ed\u79bb\u5fc3\u673a\u95e8", "noteEn": null, "translator": "default", "translatorArgs": {"url": "/command", "method": "POST"}, "recommend": null, "params": null}, {"id": 1897802270770178, "code": "start", "name": "\u5f00\u59cb\u79bb\u5fc3", "noteCn": "\u5f00\u59cb\u79bb\u5fc3", "noteEn": null, "translator": "default", "translatorArgs": {"url": "/command", "method": "POST"}, "recommend": null, "params": [{"paramCode": "speed", "paramName": "\u8f6c\u901f", "ioType": "INPUT", "dataType": "int", "value": null, "defaultValue": "5000", "script": null, "required": 1, "advanced": null, "timeFlag": null, "elementDataType": "", "bindDataType": "", "bindDataTypeProperty": null, "property": null, "childParams": [], "constraintType": "RANGE", "constraintValue": "(1, 10000]", "constraintValueEn": "", "unitTypeCode": null, "unitTypeName": null, "noteCn": "\u79bb\u5fc3\u673a\u8f6c\u901f\u8bbe\u7f6e", "noteEn": null, "flatten": false, "selectorType": null, "selection": null}, {"paramCode": "time", "paramName": "\u79bb\u5fc3\u65f6\u95f4\uff08\u5206\uff09", "ioType": "INPUT", "dataType": "int", "value": null, "defaultValue": "5", "script": null, "required": 1, "advanced": null, "timeFlag": null, "elementDataType": "", "bindDataType": "", "bindDataTypeProperty": null, "property": null, "childParams": [], "constraintType": "RANGE", "constraintValue": "(1,100)", "constraintValueEn": "", "unitTypeCode": null, "unitTypeName": null, "noteCn": "\u79bb\u5fc3\u65f6\u95f4", "noteEn": null, "flatten": false, "selectorType": null, "selection": null}, {"paramCode": "operation", "paramName": "\u6307\u4ee4\u540d\u79f0", "ioType": "CONSTANT", "dataType": "string", "value": null, "defaultValue": "start", "script": null, "required": 1, "advanced": null, "timeFlag": null, "elementDataType": null, "bindDataType": null, "bindDataTypeProperty": null, "property": null, "childParams": [], "constraintType": null, "constraintValue": "", "constraintValueEn": "", "unitTypeCode": null, "unitTypeName": null, "noteCn": "", "noteEn": null, "flatten": false, "selectorType": null, "selection": null}]}], "allocates": [{"containerTypeCode": "50ml_centrifuge_tube", "maxHandleSize": 10}], "commands": [{"code": "allocation", "name": "\u5bb9\u5668\u5206\u914d", "noteCn": "\u5206\u914d\u5bb9\u5668\u4fe1\u606f", "noteEn": null, "actionCode": "allocate_container", "actionName": "allocate\u5206\u914d\u5bb9\u5668\u6307\u4ee4", "params": [{"paramCode": "containerType", "value": "[{\"minCount\":2,\"maxCount\":10,\"containerTypeCode\":\"50ml_centrifuge_tube\",\"containerTypeName\":\"50ml\u79bb\u5fc3\u7ba1\",\"allocateMode\":\"extend\",\"defaultCount\":2}]"}, {"paramCode": "allocateOrder", "value": "small"}, {"paramCode": "allocateWorkstations", "value": "[]"}]}, {"code": "put-input", "name": "\u653e\u7f6e\u6240\u670950ml\u79bb\u5fc3\u7ba1", "noteCn": "\u653e\u7f6e\u6240\u670950ml\u79bb\u5fc3\u7ba1", "noteEn": "", "actionCode": "put_all", "actionName": "put_all\u6307\u4ee4", "params": [{"paramCode": "containerTypeList", "value": "[{\"containerTypeCode\":\"50ml_centrifuge_tube\",\"containerTypeName\":\"50ml\u79bb\u5fc3\u7ba1\",\"slotTypeCode\":\"50ml_centrifuge_tube_slot\"}]"}, {"paramCode": "robotCodes", "value": "[{\"robotCode\":\"multi_robot_002\",\"robotName\":\"\u9ad8\u65b0\u591a\u8054\u52a8\u673a\u5668\u4eba2\u53f7\"}]"}, {"paramCode": "fromOrder", "value": "small"}, {"paramCode": "toOrder", "value": "small"}]}, {"code": "take-input", "name": "\u62ff\u53d6\u6240\u670950ml\u79bb\u5fc3\u7ba1", "noteCn": "\u62ff\u53d6\u6240\u670950ml\u79bb\u5fc3\u7ba1", "noteEn": null, "actionCode": "take_all", "actionName": "take_all\u6307\u4ee4", "params": [{"paramCode": "containerTypeList", "value": "[{\"containerTypeCode\":\"50ml_centrifuge_tube\",\"containerTypeName\":\"50ml\u79bb\u5fc3\u7ba1\",\"slotTypeCode\":\"50ml_centrifuge_tube_slot\"}]"}, {"paramCode": "slotType", "value": "{\"slotTypeCode\":\"\",\"slotTypeName\":\"\"}"}, {"paramCode": "robotCodes", "value": "[{\"robotCode\":\"multi_robot_002\",\"robotName\":\"\u9ad8\u65b0\u591a\u8054\u52a8\u673a\u5668\u4eba2\u53f7\"}]"}, {"paramCode": "fromOrder", "value": "small"}, {"paramCode": "toOrder", "value": "small"}, {"paramCode": "storageWorkstation", "value": "{}"}, {"paramCode": "withParentContainerType", "value": "{}"}]}, {"code": "put", "name": "\u653e\u7f6e50ml\u79bb\u5fc3\u7ba1", "noteCn": "\u653e\u7f6e50ml\u79bb\u5fc3\u7ba1", "noteEn": "put", "actionCode": "put", "actionName": "put\u6307\u4ee4", "params": [{"paramCode": "containerType", "value": "{\"containerTypeCode\":\"50ml_centrifuge_tube\",\"containerTypeName\":\"50ml\u79bb\u5fc3\u7ba1\",\"slotTypeCode\":\"\"}"}, {"paramCode": "slotType", "value": "{}"}, {"paramCode": "robotCodes", "value": "[{\"robotCode\":\"multi_robot_002\",\"robotName\":\"\u9ad8\u65b0\u591a\u8054\u52a8\u673a\u5668\u4eba2\u53f7\"}]"}, {"paramCode": "fromOrder", "value": "small"}, {"paramCode": "toOrder", "value": "small"}, {"paramCode": "withParentContainerType", "value": "{}"}]}, {"code": "take", "name": "\u62ff\u53d650ml\u79bb\u5fc3\u7ba1", "noteCn": "\u62ff\u53d650ml\u79bb\u5fc3\u7ba1", "noteEn": "take", "actionCode": "take", "actionName": "take\u6307\u4ee4", "params": [{"paramCode": "containerType", "value": "{\"containerTypeCode\":\"50ml_centrifuge_tube\",\"containerTypeName\":\"50ml\u79bb\u5fc3\u7ba1\"}"}, {"paramCode": "slotType", "value": "{}"}, {"paramCode": "robotCodes", "value": "[{\"robotCode\":\"multi_robot_002\",\"robotName\":\"\u9ad8\u65b0\u591a\u8054\u52a8\u673a\u5668\u4eba2\u53f7\"}]"}, {"paramCode": "fromOrder", "value": "small"}, {"paramCode": "toOrder", "value": "small"}, {"paramCode": "storageWorkstation", "value": "{}"}, {"paramCode": "userDefinedPos", "value": ""}, {"paramCode": "withParentContainerType", "value": "{}"}]}], "containerSettings": [{"typeId": 1515375074837504, "typeCode": "50ml_centrifuge_tube_slot", "typeName": "50ml\u79bb\u5fc3\u7ba1\u69fd\u4f4d", "containerType": "slot", "allCount": 10, "children": []}], "variables": [], "resultSetting": {"url": "", "type": "", "preview": false}, "ignoreMaterial": false, "defaultVersion": true, "updatedActions": null}