{"id": 1492109775111168, "version": "\u5236\u5907\u578b\u6db2\u76f8\u8272\u8c31\u4eea\u5de5\u4f5c\u7ad9", "code": "toLC", "name": "\u8272\u8c31\u5de5\u4f5c\u7ad9", "noteCn": "\u5236\u5907\u578b\u6db2\u76f8\u8272\u8c31\u4eea\u4e3b\u8981\u7528\u4e8e\u4ece\u590d\u6742\u6df7\u5408\u7269\u4e2d\u5206\u79bb\u548c\u5236\u5907\u5927\u91cf\u7684\u76ee\u6807\u5316\u5408\u7269\u3002\u5b83\u5177\u6709\u8f83\u5927\u7684\u5206\u79bb\u67f1\u548c\u8f83\u9ad8\u7684\u6837\u54c1\u8d1f\u8f7d\u80fd\u529b\u3002\u5728\u5929\u7136\u4ea7\u7269\u7814\u7a76\u4e2d\uff0c\u53ef\u4ece\u690d\u7269\u63d0\u53d6\u7269\u7b49\u590d\u6742\u6837\u54c1\u4e2d\u5206\u79bb\u51fa\u5177\u6709\u751f\u7269\u6d3b\u6027\u7684\u5316\u5408\u7269\uff0c\u4e3a\u836f\u7269\u7814\u53d1\u63d0\u4f9b\u8db3\u591f\u91cf\u7684\u7eaf\u54c1\u8fdb\u884c\u8fdb\u4e00\u6b65\u7684\u7814\u7a76\u548c\u5f00\u53d1\u3002\u901a\u8fc7\u4f18\u5316\u8272\u8c31\u6761\u4ef6\uff0c\u53ef\u4ee5\u5b9e\u73b0\u9ad8\u7eaf\u5ea6\u548c\u9ad8\u4ea7\u91cf\u7684\u76ee\u6807\u5316\u5408\u7269\u5236\u5907\uff0c\u6ee1\u8db3\u79d1\u7814\u548c\u751f\u4ea7\u5bf9\u5927\u91cf\u7eaf\u5316\u5408\u7269\u7684\u9700\u6c42\u3002", "noteEn": "", "createTime": "2025-06-18 10:46:16", "updateTime": "2025-11-07 19:42:38", "paramUrl": "", "modelCode": null, "modelName": null, "modelImages": null, "definer": 0, "equipManufacturerCode": "ADR", "equipManufacturerName": "\u65e5\u672c\u5c9b\u6d25", "actions": [{"id": 1897802271327245, "code": "start_pure", "name": "\u5f00\u59cb\u7eaf\u5316", "noteCn": "\u5f00\u59cb\u7eaf\u5316", "noteEn": "start pure", "translator": "default", "translatorArgs": {"url": "/chemist/script/liquidChromatography", "method": "POST"}, "recommend": null, "params": [{"paramCode": "cmd", "paramName": "\u64cd\u4f5c\u6307\u4ee4", "ioType": "CONSTANT", "dataType": "string", "value": null, "defaultValue": "startLab", "script": null, "required": 1, "advanced": null, "timeFlag": null, "elementDataType": null, "bindDataType": null, "bindDataTypeProperty": null, "property": null, "childParams": [], "constraintType": null, "constraintValue": "", "constraintValueEn": "", "unitTypeCode": null, "unitTypeName": null, "noteCn": "\u5f00\u59cb\u7eaf\u5316", "noteEn": null, "flatten": false, "selectorType": null, "selection": null}, {"paramCode": "others", "paramName": "\u53c2\u6570", "ioType": "INPUT", "dataType": "array", "value": null, "defaultValue": null, "script": null, "required": 1, "advanced": null, "timeFlag": null, "elementDataType": "object", "bindDataType": "", "bindDataTypeProperty": null, "property": null, "childParams": [{"paramCode": "fileName", "paramName": "fileName", "ioType": "INPUT", "dataType": "string", "value": null, "defaultValue": null, "script": null, "required": 1, "advanced": null, "timeFlag": null, "elementDataType": null, "bindDataType": null, "bindDataTypeProperty": null, "property": null, "childParams": null, "constraintType": null, "constraintValue": "", "constraintValueEn": "", "unitTypeCode": null, "unitTypeName": null, "noteCn": "fileName", "noteEn": "fileName", "flatten": false, "selectorType": null, "selection": null}, {"paramCode": "sampleLocation", "paramName": "sampleLocation", "ioType": "INPUT", "dataType": "string", "value": null, "defaultValue": "", "script": null, "required": 1, "advanced": null, "timeFlag": null, "elementDataType": null, "bindDataType": null, "bindDataTypeProperty": null, "property": null, "childParams": null, "constraintType": null, "constraintValue": "", "constraintValueEn": "", "unitTypeCode": null, "unitTypeName": null, "noteCn": "sampleLocation", "noteEn": "sampleLocation", "flatten": false, "selectorType": null, "selection": null}, {"paramCode": "injVol", "paramName": "injVol", "ioType": "INPUT", "dataType": "float", "value": null, "defaultValue": null, "script": null, "required": 1, "advanced": null, "timeFlag": null, "elementDataType": null, "bindDataType": null, "bindDataTypeProperty": null, "property": null, "childParams": null, "constraintType": null, "constraintValue": "", "constraintValueEn": "", "unitTypeCode": null, "unitTypeName": null, "noteCn": "injVol", "noteEn": "injVol", "flatten": false, "selectorType": null, "selection": null}, {"paramCode": "inletFile", "paramName": "inletFile", "ioType": "INPUT", "dataType": "string", "value": null, "defaultValue": null, "script": null, "required": 1, "advanced": null, "timeFlag": null, "elementDataType": null, "bindDataType": null, "bindDataTypeProperty": null, "property": null, "childParams": null, "constraintType": "", "constraintValue": "[{\"label\":\"config_1\",\"value\":\"config_1\"},{\"label\":\"config_2\",\"value\":\"config_2\"},{\"label\":\"config_3\",\"value\":\"config_3\"}]", "constraintValueEn": "", "unitTypeCode": null, "unitTypeName": null, "noteCn": "inletFile", "noteEn": "inletFile", "flatten": false, "selectorType": null, "selection": null}, {"paramCode": "msFile", "paramName": "msFile", "ioType": "INPUT", "dataType": "string", "value": null, "defaultValue": null, "script": null, "required": 1, "advanced": null, "timeFlag": null, "elementDataType": null, "bindDataType": null, "bindDataTypeProperty": null, "property": null, "childParams": null, "constraintType": null, "constraintValue": "", "constraintValueEn": "", "unitTypeCode": null, "unitTypeName": null, "noteCn": "msFile", "noteEn": "msFile", "flatten": false, "selectorType": null, "selection": null}, {"paramCode": "fractionFile", "paramName": "fractionFile", "ioType": "INPUT", "dataType": "string", "value": null, "defaultValue": null, "script": null, "required": 0, "advanced": null, "timeFlag": null, "elementDataType": null, "bindDataType": null, "bindDataTypeProperty": null, "property": null, "childParams": null, "constraintType": null, "constraintValue": "", "constraintValueEn": "", "unitTypeCode": null, "unitTypeName": null, "noteCn": "fractionFile", "noteEn": "fractionFile", "flatten": false, "selectorType": null, "selection": null}, {"paramCode": "wavelengthA", "paramName": "wavelengthA", "ioType": "INPUT", "dataType": "float", "value": null, "defaultValue": null, "script": null, "required": 0, "advanced": null, "timeFlag": null, "elementDataType": null, "bindDataType": null, "bindDataTypeProperty": null, "property": null, "childParams": null, "constraintType": null, "constraintValue": "", "constraintValueEn": "", "unitTypeCode": null, "unitTypeName": "", "noteCn": "wavelengthA", "noteEn": "wavelengthA", "flatten": false, "selectorType": null, "selection": null}, {"paramCode": "massA", "paramName": "massA", "ioType": "INPUT", "dataType": "string", "value": null, "defaultValue": null, "script": null, "required": 0, "advanced": null, "timeFlag": null, "elementDataType": null, "bindDataType": null, "bindDataTypeProperty": null, "property": null, "childParams": null, "constraintType": null, "constraintValue": "", "constraintValueEn": "", "unitTypeCode": null, "unitTypeName": null, "noteCn": "massA", "noteEn": "massA", "flatten": false, "selectorType": null, "selection": null}, {"paramCode": "massB", "paramName": "massB", "ioType": "INPUT", "dataType": "string", "value": null, "defaultValue": "", "script": null, "required": 0, "advanced": null, "timeFlag": null, "elementDataType": null, "bindDataType": null, "bindDataTypeProperty": null, "property": null, "childParams": null, "constraintType": null, "constraintValue": "", "constraintValueEn": "", "unitTypeCode": null, "unitTypeName": null, "noteCn": "massB", "noteEn": "massB", "flatten": false, "selectorType": null, "selection": null}, {"paramCode": "fraction1", "paramName": "fraction1", "ioType": "INPUT", "dataType": "string", "value": null, "defaultValue": "", "script": null, "required": 0, "advanced": null, "timeFlag": null, "elementDataType": null, "bindDataType": null, "bindDataTypeProperty": null, "property": null, "childParams": null, "constraintType": null, "constraintValue": "", "constraintValueEn": "", "unitTypeCode": null, "unitTypeName": null, "noteCn": "fraction1", "noteEn": "fraction1", "flatten": false, "selectorType": null, "selection": null}, {"paramCode": "fraction2", "paramName": "fraction2", "ioType": "INPUT", "dataType": "string", "value": null, "defaultValue": null, "script": null, "required": 0, "advanced": null, "timeFlag": null, "elementDataType": null, "bindDataType": null, "bindDataTypeProperty": null, "property": null, "childParams": null, "constraintType": null, "constraintValue": "", "constraintValueEn": "", "unitTypeCode": null, "unitTypeName": null, "noteCn": "fraction2", "noteEn": "fraction2", "flatten": false, "selectorType": null, "selection": null}, {"paramCode": "index", "paramName": "index", "ioType": "INPUT", "dataType": "int", "value": null, "defaultValue": "0", "script": null, "required": 1, "advanced": null, "timeFlag": null, "elementDataType": null, "bindDataType": null, "bindDataTypeProperty": null, "property": null, "childParams": null, "constraintType": null, "constraintValue": "", "constraintValueEn": "", "unitTypeCode": null, "unitTypeName": null, "noteCn": "index", "noteEn": "index", "flatten": false, "selectorType": null, "selection": null}, {"paramCode": "id", "paramName": "id", "ioType": "INPUT", "dataType": "string", "value": null, "defaultValue": "id", "script": null, "required": 1, "advanced": null, "timeFlag": null, "elementDataType": null, "bindDataType": null, "bindDataTypeProperty": null, "property": null, "childParams": null, "constraintType": null, "constraintValue": "", "constraintValueEn": "", "unitTypeCode": null, "unitTypeName": "", "noteCn": "id", "noteEn": "id", "flatten": false, "selectorType": null, "selection": null}], "constraintType": null, "constraintValue": "", "constraintValueEn": "", "unitTypeCode": null, "unitTypeName": null, "noteCn": "\u53c2\u6570", "noteEn": null, "flatten": false, "selectorType": null, "selection": null}]}], "allocates": [{"containerTypeCode": "deep_hole_plate", "maxHandleSize": 1}, {"containerTypeCode": "15ml_centrifuge_tube", "maxHandleSize": 20}], "commands": [{"code": "common", "name": "\u901a\u7528\u6307\u4ee4", "noteCn": "\u901a\u7528\u6307\u4ee4", "noteEn": null, "actionCode": "common", "actionName": "\u901a\u7528\u6307\u4ee4", "params": [{"paramCode": "robotCodes", "value": "[{\"robotCode\":\"multi_robot_002\",\"robotName\":\"\u9ad8\u65b0\u591a\u8054\u52a8\u673a\u5668\u4eba2\u53f7\"}]"}]}, {"code": "allocation", "name": "\u5bb9\u5668\u5206\u914d", "noteCn": "\u5bb9\u5668\u5206\u914d", "noteEn": null, "actionCode": "allocate_container", "actionName": "\u5206\u914d\u5bb9\u5668\u6307\u4ee4", "params": [{"paramCode": "containerType", "value": "[{\"minCount\":\"1\",\"maxCount\":1,\"containerTypeCode\":\"deep_hole_plate\",\"containerTypeName\":\"\u6df1\u5b54\u677f\",\"allocateMode\":\"extend\",\"defaultCount\":1},{\"minCount\":8,\"maxCount\":20,\"containerTypeCode\":\"15ml_centrifuge_tube\",\"containerTypeName\":\"15ml\u79bb\u5fc3\u7ba1\",\"allocateMode\":\"extend\",\"defaultCount\":8}]"}, {"paramCode": "allocateOrder", "value": "small"}, {"paramCode": "allocateWorkstations", "value": "[]"}]}, {"code": "put-deep-hole-plate", "name": "\u653e\u7f6e\u6df1\u5b54\u677f", "noteCn": "\u653e\u7f6e\u6df1\u5b54\u677f", "noteEn": null, "actionCode": "put", "actionName": "put\u6307\u4ee4", "params": [{"paramCode": "containerType", "value": "{\"containerTypeCode\":\"deep_hole_plate\",\"containerTypeName\":\"\u6df1\u5b54\u677f\"}"}, {"paramCode": "slotType", "value": "{\"slotTypeCode\":\"\",\"slotTypeName\":\"\"}"}, {"paramCode": "robotCodes", "value": "[{\"robotCode\":\"multi_robot_002\",\"robotName\":\"\u9ad8\u65b0\u591a\u8054\u52a8\u673a\u5668\u4eba2\u53f7\"}]"}, {"paramCode": "fromOrder", "value": "small"}, {"paramCode": "toOrder", "value": "small"}, {"paramCode": "storageWorkstation", "value": "{}"}, {"paramCode": "userDefinedPos", "value": "undefined"}, {"paramCode": "withParentContainerType", "value": "{}"}]}, {"code": "take-all-15ml-c-tube", "name": "\u62ff\u53d6\u6240\u670915ml\u79bb\u5fc3\u7ba1", "noteCn": "\u62ff\u53d6\u6240\u670915ml\u79bb\u5fc3\u7ba1", "noteEn": null, "actionCode": "take_all", "actionName": "take_all\u6307\u4ee4", "params": [{"paramCode": "containerTypeList", "value": "[{\"containerTypeCode\":\"15ml_centrifuge_tube\",\"containerTypeName\":\"15ml\u79bb\u5fc3\u7ba1\",\"slotTypeCode\":\"15ml_centrifuge_tube_slot\"}]"}, {"paramCode": "slotType", "value": "{\"slotTypeCode\":\"15ml_centrifuge_tube_slot\",\"slotTypeName\":\"15ml\u79bb\u5fc3\u7ba1\u69fd\u4f4d\"}"}, {"paramCode": "robotCodes", "value": "[{\"robotCode\":\"multi_robot_002\",\"robotName\":\"\u9ad8\u65b0\u591a\u8054\u52a8\u673a\u5668\u4eba2\u53f7\"}]"}, {"paramCode": "fromOrder", "value": "small"}, {"paramCode": "toOrder", "value": "small"}, {"paramCode": "storageWorkstation", "value": "{}"}]}], "containerSettings": [{"typeId": 1514900158448640, "typeCode": "deep_hole_plate_slot", "typeName": "\u6df1\u5b54\u677f\u69fd\u4f4d", "containerType": "slot", "allCount": 1, "children": []}, {"typeId": 881570976007168, "typeCode": "rack_slot", "typeName": "\u6837\u54c1\u67b6\u69fd\u4f4d", "containerType": "slot", "allCount": 1, "children": [{"typeId": 883795617580032, "typeCode": "rack", "typeName": "\u6837\u54c1\u67b6", "containerType": "container", "allCount": 1, "children": [{"typeId": 1515374508442624, "typeCode": "15ml_centrifuge_tube_slot", "typeName": "15ml\u79bb\u5fc3\u7ba1\u69fd\u4f4d", "containerType": "slot", "allCount": 20, "children": [{"typeId": 1515377377051648, "typeCode": "15ml_centrifuge_tube", "typeName": "15ml\u79bb\u5fc3\u7ba1", "containerType": "container", "allCount": 20, "children": []}]}]}]}], "variables": [], "resultSetting": {"url": "", "type": "", "preview": false}, "ignoreMaterial": false, "defaultVersion": false, "updatedActions": null}