{"id": 1492096686261248, "version": "2.0", "code": "microplate_reader", "name": "\u9176\u6807\u4eea\u5de5\u4f5c\u7ad9", "noteCn": "\u591a\u529f\u80fd\u9176\u6807\u4eea\u53ef\u8fdb\u884c\u591a\u79cd\u751f\u7269\u5206\u5b50\u7684\u5b9a\u91cf\u5206\u6790\u3002\u5b83\u80fd\u591f\u68c0\u6d4b\u591a\u79cd\u4fe1\u53f7\uff0c\u5982\u5438\u5149\u5ea6\u3001\u8367\u5149\u5f3a\u5ea6\u3001\u5316\u5b66\u53d1\u5149\u7b49\u3002\u5728\u514d\u75ab\u5b66\u5b9e\u9a8c\u4e2d\uff0c\u53ef\u7528\u4e8e\u9176\u8054\u514d\u75ab\u5438\u9644\u6d4b\u5b9a\uff08ELISA\uff09\uff0c\u68c0\u6d4b\u8840\u6db2\u4e2d\u7684\u6297\u4f53\u3001\u6297\u539f\u7b49\u7269\u8d28\u7684\u542b\u91cf\uff0c\u8f85\u52a9\u75be\u75c5\u7684\u8bca\u65ad\u548c\u76d1\u6d4b\u3002\u5728\u836f\u7269\u7814\u53d1\u4e2d\uff0c\u53ef\u7528\u4e8e\u7b5b\u9009\u5177\u6709\u751f\u7269\u6d3b\u6027\u7684\u5316\u5408\u7269\uff0c\u8bc4\u4f30\u836f\u7269\u7684\u7597\u6548\u3002\u5176\u591a\u529f\u80fd\u6027\u548c\u9ad8\u7075\u654f\u5ea6\u4f7f\u5f97\u5b83\u5728\u751f\u547d\u79d1\u5b66\u7814\u7a76\u548c\u4e34\u5e8a\u8bca\u65ad\u4e2d\u5f97\u5230\u5e7f\u6cdb\u5e94\u7528\u3002", "noteEn": "", "createTime": "2025-06-18 10:39:37", "updateTime": "2025-11-07 19:42:38", "paramUrl": "", "modelCode": null, "modelName": null, "modelImages": null, "definer": 0, "equipManufacturerCode": "ABJ", "equipManufacturerName": "Molecular Devices", "actions": [{"id": 1897802270868482, "code": "start", "name": "\u5f00\u59cb\u68c0\u6d4b", "noteCn": "\u5f00\u59cb\u68c0\u6d4b", "noteEn": "", "translator": "default", "translatorArgs": {"url": "/chemist/script/microplateReader", "method": "POST"}, "recommend": null, "params": [{"paramCode": "cmd", "paramName": "\u64cd\u4f5c\u6307\u4ee4", "ioType": "CONSTANT", "dataType": "string", "value": null, "defaultValue": "runMethod", "script": null, "required": 1, "advanced": null, "timeFlag": null, "elementDataType": null, "bindDataType": null, "bindDataTypeProperty": null, "property": null, "childParams": [], "constraintType": null, "constraintValue": "", "constraintValueEn": "", "unitTypeCode": null, "unitTypeName": null, "noteCn": "\u5f00\u59cb\u68c0\u6d4b", "noteEn": null, "flatten": false, "selectorType": null, "selection": null}, {"paramCode": "others", "paramName": "\u53c2\u6570", "ioType": "INPUT", "dataType": "array", "value": null, "defaultValue": "", "script": null, "required": 1, "advanced": 0, "timeFlag": null, "elementDataType": "object", "bindDataType": "chemBioHPLCLabTemplate", "bindDataTypeProperty": "", "property": null, "childParams": [{"paramCode": "id", "paramName": "\u4e3b\u952e", "ioType": "INPUT", "dataType": "int", "value": null, "defaultValue": null, "script": null, "required": 1, "advanced": null, "timeFlag": null, "elementDataType": null, "bindDataType": null, "bindDataTypeProperty": null, "property": "id", "childParams": null, "constraintType": null, "constraintValue": "", "constraintValueEn": "", "unitTypeCode": null, "unitTypeName": null, "noteCn": "id", "noteEn": "id", "flatten": false, "selectorType": null, "selection": null}, {"paramCode": "modelName", "paramName": "\u6a21\u677f\u540d\u79f0", "ioType": "INPUT", "dataType": "string", "value": null, "defaultValue": null, "script": null, "required": 1, "advanced": null, "timeFlag": null, "elementDataType": null, "bindDataType": null, "bindDataTypeProperty": null, "property": "modelName", "childParams": null, "constraintType": null, "constraintValue": "", "constraintValueEn": "", "unitTypeCode": null, "unitTypeName": null, "noteCn": "\u6a21\u677f\u540d\u79f0", "noteEn": null, "flatten": false, "selectorType": null, "selection": null}, {"paramCode": "deviceId", "paramName": "\u8bbe\u5907id", "ioType": "CONSTANT", "dataType": "string", "value": null, "defaultValue": "201", "script": null, "required": 1, "advanced": null, "timeFlag": null, "elementDataType": null, "bindDataType": null, "bindDataTypeProperty": null, "property": "", "childParams": null, "constraintType": null, "constraintValue": "", "constraintValueEn": "", "unitTypeCode": null, "unitTypeName": null, "noteCn": "\u8bbe\u5907id", "noteEn": null, "flatten": false, "selectorType": null, "selection": null}, {"paramCode": "stacker", "paramName": "stacker", "ioType": "CONSTANT", "dataType": "boolean", "value": null, "defaultValue": "false", "script": null, "required": 1, "advanced": null, "timeFlag": null, "elementDataType": null, "bindDataType": null, "bindDataTypeProperty": null, "property": null, "childParams": null, "constraintType": null, "constraintValue": "", "constraintValueEn": "", "unitTypeCode": null, "unitTypeName": null, "noteCn": null, "noteEn": null, "flatten": false, "selectorType": null, "selection": null}], "constraintType": null, "constraintValue": "", "constraintValueEn": "", "unitTypeCode": "", "unitTypeName": "", "noteCn": null, "noteEn": null, "flatten": false, "selectorType": null, "selection": null}, {"paramCode": "resultCode", "paramName": "resultCode", "ioType": "OUTPUT", "dataType": "file", "value": null, "defaultValue": "resultCode", "script": null, "required": 0, "advanced": null, "timeFlag": null, "elementDataType": "", "bindDataType": "", "bindDataTypeProperty": null, "property": null, "childParams": [], "constraintType": null, "constraintValue": "", "constraintValueEn": "", "unitTypeCode": null, "unitTypeName": null, "noteCn": null, "noteEn": null, "flatten": false, "selectorType": null, "selection": null}]}], "allocates": [{"containerTypeCode": "96_hole_plate", "maxHandleSize": 1}], "commands": [{"code": "allocation", "name": "\u5bb9\u5668\u5206\u914d", "noteCn": "\u5bb9\u5668\u5206\u914d", "noteEn": null, "actionCode": "allocate_container", "actionName": "\u5206\u914d\u5bb9\u5668\u6307\u4ee4", "params": [{"paramCode": "containerType", "value": "[{\"minCount\":\"1\",\"maxCount\":1,\"containerTypeCode\":\"96_hole_plate\",\"containerTypeName\":\"96\u5b54\u677f\",\"allocateMode\":\"extend\",\"defaultCount\":1}]"}, {"paramCode": "allocateOrder", "value": "small"}, {"paramCode": "allocateWorkstations", "value": "[]"}]}, {"code": "put-96-hole-plate", "name": "\u653e\u7f6e96\u5b54\u677f", "noteCn": "\u653e\u7f6e96\u5b54\u677f", "noteEn": null, "actionCode": "put", "actionName": "put\u6307\u4ee4", "params": [{"paramCode": "containerType", "value": "{\"containerTypeCode\":\"96_hole_plate\",\"containerTypeName\":\"96\u5b54\u677f\"}"}, {"paramCode": "slotType", "value": "{\"slotTypeCode\":\"\",\"slotTypeName\":\"\"}"}, {"paramCode": "robotCodes", "value": "[]"}, {"paramCode": "fromOrder", "value": "small"}, {"paramCode": "toOrder", "value": "small"}, {"paramCode": "storageWorkstation", "value": "{}"}, {"paramCode": "userDefinedPos", "value": ""}, {"paramCode": "withParentContainerType", "value": "{}"}]}], "containerSettings": [{"typeId": 1514900981777408, "typeCode": "96_hole_plate_slot", "typeName": "96\u5b54\u677f\u69fd\u4f4d", "containerType": "slot", "allCount": 1, "children": []}], "variables": [], "resultSetting": {"url": "", "type": "", "preview": false}, "ignoreMaterial": false, "defaultVersion": false, "updatedActions": null}