{"id": 1509912868783104, "version": "1.0", "code": "battery_assemble_workstation", "name": "\u6263\u7535\u5de5\u4f5c\u7ad9", "noteCn": "\u81ea\u52a8\u5316\u914d\u6db2\u5de5\u4f5c\u7ad9\u662f\u4e00\u79cd\u80fd\u591f\u81ea\u52a8\u5b8c\u6210\u6eb6\u6db2\u914d\u5236\u4efb\u52a1\u7684\u8bbe\u5907\u3002\u5b83\u53ef\u4ee5\u6839\u636e\u9884\u8bbe\u7684\u914d\u65b9\uff0c\u7cbe\u786e\u5730\u5438\u53d6\u548c\u6df7\u5408\u5404\u79cd\u8bd5\u5242\uff0c\u5b9e\u73b0\u9ad8\u7cbe\u5ea6\u7684\u6eb6\u6db2\u914d\u5236\u3002\u901a\u8fc7\u5148\u8fdb\u7684\u8ba1\u91cf\u7cfb\u7edf\u548c\u81ea\u52a8\u5316\u63a7\u5236\u7a0b\u5e8f\uff0c\u80fd\u591f\u51c6\u786e\u63a7\u5236\u8bd5\u5242\u7684\u4f53\u79ef\u3001\u6d53\u5ea6\u548c\u6df7\u5408\u6bd4\u4f8b\u3002\u53ef\u7528\u4e8e\u5404\u79cd\u5b9e\u9a8c\u5ba4\u7684\u5316\u5b66\u8bd5\u5242\u914d\u5236\u3001\u751f\u7269\u5b9e\u9a8c\u7684\u57f9\u517b\u57fa\u914d\u5236\u7b49\u3002\u5176\u81ea\u52a8\u5316\u64cd\u4f5c\u51cf\u5c11\u4e86\u4eba\u5de5\u8bef\u5dee\uff0c\u63d0\u9ad8\u4e86\u914d\u6db2\u7684\u51c6\u786e\u6027\u548c\u91cd\u590d\u6027\uff0c\u540c\u65f6\u4e5f\u63d0\u9ad8\u4e86\u5de5\u4f5c\u6548\u7387\uff0c\u9002\u7528\u4e8e\u5927\u89c4\u6a21\u3001\u9ad8\u7cbe\u5ea6\u7684\u914d\u6db2\u9700\u6c42\u3002", "noteEn": "", "createTime": "2025-06-24 17:41:23", "updateTime": "2025-11-07 19:42:38", "paramUrl": "", "modelCode": null, "modelName": null, "modelImages": null, "definer": 0, "equipManufacturerCode": "AAU", "equipManufacturerName": "\u4e2d\u79d1\u5e94\u5316\uff08\u957f\u6625\uff09\u79d1\u6280\u6709\u9650\u516c\u53f8", "actions": [{"id": 1897802271556635, "code": "dispensing", "name": "\u5168\u6d41\u7a0b\u6a21\u5f0f\u914d\u6db2", "noteCn": null, "noteEn": null, "translator": "default", "translatorArgs": {"url": "/bms/assembleDevice/assembleElectrolyte", "method": "POST"}, "recommend": null, "params": [{"paramCode": "workMode", "paramName": "\u5de5\u4f5c\u6a21\u5f0f 0 \u5168\u6d41\u7a0b 1 \u4ec5\u914d\u6db2\u6216\u4ec5\u7ec4\u88c5", "ioType": "CONSTANT", "dataType": "int", "value": null, "defaultValue": "0", "script": null, "required": 0, "advanced": null, "timeFlag": null, "elementDataType": "", "bindDataType": "", "bindDataTypeProperty": null, "property": null, "childParams": [], "constraintType": "ENUM", "constraintValue": "0,1", "constraintValueEn": "", "unitTypeCode": null, "unitTypeName": null, "noteCn": "0 \u914d\u6db2\u7ec4\u88c5\u5168\u6d41\u7a0b 1 \u4ec5\u914d\u6db2\u6216\u8005\u4ec5\u7ec4\u88c5", "noteEn": null, "flatten": false, "selectorType": null, "selection": null}, {"paramCode": "aluminiumFlakeCount", "paramName": "\u94dd\u7247\u6570\u91cf", "ioType": "INPUT", "dataType": "int", "value": null, "defaultValue": "0", "script": null, "required": 0, "advanced": null, "timeFlag": null, "elementDataType": "", "bindDataType": "", "bindDataTypeProperty": null, "property": null, "childParams": [], "constraintType": null, "constraintValue": "", "constraintValueEn": "", "unitTypeCode": null, "unitTypeName": null, "noteCn": "", "noteEn": null, "flatten": false, "selectorType": null, "selection": null}, {"paramCode": "assembleCountPerBottle", "paramName": "\u6bcf\u74f6\u7535\u89e3\u6db2\u7ec4\u88c5\u7535\u6c60\u6570\u91cf", "ioType": "INPUT", "dataType": "int", "value": null, "defaultValue": null, "script": null, "required": 1, "advanced": null, "timeFlag": null, "elementDataType": "", "bindDataType": "", "bindDataTypeProperty": null, "property": null, "childParams": [], "constraintType": "RANGE", "constraintValue": "(0,16]", "constraintValueEn": "", "unitTypeCode": null, "unitTypeName": null, "noteCn": null, "noteEn": null, "flatten": false, "selectorType": null, "selection": null}, {"paramCode": "isConductionTest", "paramName": "\u662f\u5426\u6d4b\u8bd5\u7535\u5bfc", "ioType": "INPUT", "dataType": "int", "value": null, "defaultValue": null, "script": null, "required": 1, "advanced": null, "timeFlag": null, "elementDataType": "", "bindDataType": "", "bindDataTypeProperty": null, "property": null, "childParams": [], "constraintType": "ENUM", "constraintValue": "0,1", "constraintValueEn": "", "unitTypeCode": null, "unitTypeName": null, "noteCn": null, "noteEn": null, "flatten": false, "selectorType": null, "selection": null}, {"paramCode": "recipes", "paramName": "\u914d\u65b9\u5217\u8868", "ioType": "INPUT", "dataType": "array", "value": null, "defaultValue": null, "script": null, "required": 0, "advanced": null, "timeFlag": null, "elementDataType": "object", "bindDataType": "BatteryAssembleRecipe", "bindDataTypeProperty": null, "property": null, "childParams": [{"paramCode": "recipeCode", "paramName": "\u914d\u65b9\u7f16\u53f7", "ioType": "INPUT", "dataType": "string", "value": null, "defaultValue": null, "script": null, "required": 1, "advanced": null, "timeFlag": null, "elementDataType": null, "bindDataType": null, "bindDataTypeProperty": null, "property": "recipeCode", "childParams": null, "constraintType": null, "constraintValue": "", "constraintValueEn": "", "unitTypeCode": null, "unitTypeName": null, "noteCn": null, "noteEn": null, "flatten": false, "selectorType": null, "selection": null}, {"paramCode": "recipeName", "paramName": "\u914d\u65b9\u540d\u79f0", "ioType": "INPUT", "dataType": "string", "value": null, "defaultValue": null, "script": null, "required": 0, "advanced": null, "timeFlag": null, "elementDataType": null, "bindDataType": null, "bindDataTypeProperty": null, "property": "recipeName", "childParams": null, "constraintType": null, "constraintValue": "", "constraintValueEn": "", "unitTypeCode": null, "unitTypeName": null, "noteCn": null, "noteEn": null, "flatten": false, "selectorType": null, "selection": null}], "constraintType": null, "constraintValue": "", "constraintValueEn": "", "unitTypeCode": null, "unitTypeName": null, "noteCn": null, "noteEn": null, "flatten": false, "selectorType": null, "selection": null}, {"paramCode": "resultCode", "paramName": "resultCode", "ioType": "OUTPUT", "dataType": "file", "value": null, "defaultValue": null, "script": null, "required": 0, "advanced": null, "timeFlag": null, "elementDataType": "", "bindDataType": "", "bindDataTypeProperty": null, "property": null, "childParams": [], "constraintType": null, "constraintValue": "", "constraintValueEn": "", "unitTypeCode": null, "unitTypeName": null, "noteCn": null, "noteEn": null, "flatten": false, "selectorType": null, "selection": null}]}, {"id": 1897802271556636, "code": "assemble", "name": "\u5168\u6d41\u7a0b\u6a21\u5f0f\u7ec4\u88c5", "noteCn": null, "noteEn": null, "translator": "default", "translatorArgs": {"url": "/bms/assembleDevice/assembleBattery", "method": "POST"}, "recommend": null, "params": [{"paramCode": "workMode", "paramName": "\u5de5\u4f5c\u6a21\u5f0f", "ioType": "CONSTANT", "dataType": "int", "value": null, "defaultValue": "0", "script": null, "required": 0, "advanced": null, "timeFlag": null, "elementDataType": "", "bindDataType": "", "bindDataTypeProperty": null, "property": null, "childParams": [], "constraintType": "ENUM", "constraintValue": "0,1", "constraintValueEn": "", "unitTypeCode": null, "unitTypeName": null, "noteCn": "0 \u914d\u6db2\u7ec4\u88c5\u5168\u6d41\u7a0b 1 \u4ec5\u914d\u6db2\u6216\u8005\u4ec5\u7ec4\u88c5", "noteEn": null, "flatten": false, "selectorType": null, "selection": null}, {"paramCode": "resultCode", "paramName": "resultCode", "ioType": "OUTPUT", "dataType": "file", "value": null, "defaultValue": null, "script": null, "required": 0, "advanced": null, "timeFlag": null, "elementDataType": "", "bindDataType": "", "bindDataTypeProperty": null, "property": null, "childParams": [], "constraintType": null, "constraintValue": "", "constraintValueEn": "", "unitTypeCode": null, "unitTypeName": null, "noteCn": null, "noteEn": null, "flatten": false, "selectorType": null, "selection": null}]}], "allocates": [], "commands": [], "containerSettings": [], "variables": [], "resultSetting": {"url": "", "type": "table", "preview": true}, "ignoreMaterial": true, "defaultVersion": true, "updatedActions": null}