{"id": 1526864804185088, "version": "2.0", "code": "ultrasonic_cleaning", "name": "\u8d85\u58f0\u6e05\u6d17", "noteCn": "\u8d85\u58f0\u6ce2\u5904\u7406\u5de5\u4f5c\u7ad9\u5229\u7528\u8d85\u58f0\u6ce2\u7684\u7a7a\u5316\u6548\u5e94\u3001\u673a\u68b0\u6548\u5e94\u7b49\u5bf9\u6837\u54c1\u8fdb\u884c\u5904\u7406\u3002\u8d85\u58f0\u6ce2\u5728\u6db2\u4f53\u4e2d\u4f20\u64ad\u65f6\u4ea7\u751f\u7684\u5fae\u5c0f\u6c14\u6ce1\u7684\u5f62\u6210\u548c\u7834\u88c2\uff0c\u80fd\u591f\u4ea7\u751f\u5f3a\u5927\u7684\u51b2\u51fb\u529b\u548c\u526a\u5207\u529b\uff0c\u53ef\u7528\u4e8e\u7ec6\u80de\u7834\u788e\u3001\u6837\u54c1\u5206\u6563\u3001\u52a0\u901f\u5316\u5b66\u53cd\u5e94\u7b49\u3002\u5728\u751f\u7269\u3001\u5316\u5b66\u7b49\u5b9e\u9a8c\u4e2d\u6709\u7740\u5e7f\u6cdb\u5e94\u7528\u3002\u4f8b\u5982\u5728\u751f\u7269\u6837\u54c1\u5904\u7406\u4e2d\uff0c\u53ef\u7528\u4e8e\u63d0\u53d6\u7ec6\u80de\u5185\u7684\u86cb\u767d\u8d28\u3001\u6838\u9178\u7b49\u751f\u7269\u5927\u5206\u5b50\uff1b\u5728\u5316\u5b66\u5408\u6210\u4e2d\uff0c\u80fd\u591f\u52a0\u901f\u53cd\u5e94\u901f\u7387\uff0c\u63d0\u9ad8\u53cd\u5e94\u4ea7\u7387\u3002", "noteEn": "ultrasonic_cleaning_workstation", "createTime": "2025-06-30 17:23:35", "updateTime": "2025-11-07 19:42:38", "paramUrl": "", "modelCode": null, "modelName": null, "modelImages": null, "definer": 0, "equipManufacturerCode": "ABN", "equipManufacturerName": "\u5b89\u5fbd\u704f\u745e\u667a\u80fd\u79d1\u6280\u6709\u9650\u516c\u53f8", "actions": [{"id": 1897802271294473, "code": "add-water", "name": "\u52a0\u6c34", "noteCn": null, "noteEn": null, "translator": "default", "translatorArgs": {"url": "/command", "method": "POST"}, "recommend": null, "params": [{"paramCode": "operation", "paramName": "\u64cd\u4f5c\u7b26", "ioType": "CONSTANT", "dataType": "string", "value": null, "defaultValue": "add-water", "script": null, "required": 1, "advanced": null, "timeFlag": null, "elementDataType": null, "bindDataType": null, "bindDataTypeProperty": null, "property": null, "childParams": [], "constraintType": null, "constraintValue": "", "constraintValueEn": "", "unitTypeCode": null, "unitTypeName": null, "noteCn": null, "noteEn": null, "flatten": false, "selectorType": null, "selection": null}, {"paramCode": "value", "paramName": "\u52a0\u6c34\u65f6\u95f4", "ioType": "INPUT", "dataType": "int", "value": null, "defaultValue": "30", "script": null, "required": 1, "advanced": null, "timeFlag": null, "elementDataType": "", "bindDataType": "", "bindDataTypeProperty": null, "property": null, "childParams": [], "constraintType": null, "constraintValue": "", "constraintValueEn": "", "unitTypeCode": "s", "unitTypeName": "\u79d2", "noteCn": "", "noteEn": null, "flatten": false, "selectorType": null, "selection": null}]}, {"id": 1897802271294474, "code": "drain-water", "name": "\u6392\u6c34", "noteCn": null, "noteEn": null, "translator": "default", "translatorArgs": {"url": "/command", "method": "POST"}, "recommend": null, "params": [{"paramCode": "operation", "paramName": "\u64cd\u4f5c\u7b26", "ioType": "CONSTANT", "dataType": "string", "value": null, "defaultValue": "drain-water", "script": null, "required": 1, "advanced": null, "timeFlag": null, "elementDataType": null, "bindDataType": null, "bindDataTypeProperty": null, "property": null, "childParams": [], "constraintType": null, "constraintValue": "", "constraintValueEn": "", "unitTypeCode": null, "unitTypeName": null, "noteCn": null, "noteEn": null, "flatten": false, "selectorType": null, "selection": null}, {"paramCode": "value", "paramName": "\u6392\u6c34\u65f6\u95f4", "ioType": "INPUT", "dataType": "int", "value": null, "defaultValue": "30", "script": null, "required": 1, "advanced": null, "timeFlag": null, "elementDataType": "", "bindDataType": "", "bindDataTypeProperty": null, "property": null, "childParams": [], "constraintType": null, "constraintValue": "", "constraintValueEn": "", "unitTypeCode": "s", "unitTypeName": "\u79d2", "noteCn": null, "noteEn": null, "flatten": false, "selectorType": null, "selection": null}]}, {"id": 1897802271294475, "code": "stop_clean", "name": "\u505c\u2f4c\u8d85\u58f0\u6e05\u6d17", "noteCn": null, "noteEn": null, "translator": "default", "translatorArgs": {"url": "/command", "method": "POST"}, "recommend": null, "params": [{"paramCode": "operation", "paramName": "\u64cd\u4f5c\u7b26", "ioType": "CONSTANT", "dataType": "string", "value": null, "defaultValue": "stop", "script": null, "required": 1, "advanced": null, "timeFlag": null, "elementDataType": null, "bindDataType": null, "bindDataTypeProperty": null, "property": null, "childParams": [], "constraintType": null, "constraintValue": "", "constraintValueEn": "", "unitTypeCode": null, "unitTypeName": null, "noteCn": null, "noteEn": null, "flatten": false, "selectorType": null, "selection": null}, {"paramCode": "value", "paramName": "\u6570\u503c", "ioType": "CONSTANT", "dataType": "int", "value": null, "defaultValue": "1", "script": null, "required": 1, "advanced": null, "timeFlag": null, "elementDataType": "", "bindDataType": "", "bindDataTypeProperty": null, "property": null, "childParams": [], "constraintType": null, "constraintValue": "", "constraintValueEn": "", "unitTypeCode": null, "unitTypeName": null, "noteCn": null, "noteEn": null, "flatten": false, "selectorType": null, "selection": null}]}, {"id": 1897802271294476, "code": "open-heat", "name": "\u5f00\u542f\u52a0\u70ed", "noteCn": null, "noteEn": null, "translator": "default", "translatorArgs": {"url": "/command", "method": "POST"}, "recommend": null, "params": [{"paramCode": "operation", "paramName": "\u64cd\u4f5c\u7b26", "ioType": "CONSTANT", "dataType": "string", "value": null, "defaultValue": "open-heat", "script": null, "required": 1, "advanced": null, "timeFlag": null, "elementDataType": null, "bindDataType": null, "bindDataTypeProperty": null, "property": null, "childParams": [], "constraintType": null, "constraintValue": "", "constraintValueEn": "", "unitTypeCode": null, "unitTypeName": null, "noteCn": "", "noteEn": null, "flatten": false, "selectorType": null, "selection": null}, {"paramCode": "value", "paramName": "\u6570\u503c", "ioType": "INPUT", "dataType": "int", "value": null, "defaultValue": "30", "script": null, "required": 1, "advanced": null, "timeFlag": null, "elementDataType": "", "bindDataType": "", "bindDataTypeProperty": null, "property": null, "childParams": [], "constraintType": null, "constraintValue": "", "constraintValueEn": "", "unitTypeCode": null, "unitTypeName": null, "noteCn": null, "noteEn": null, "flatten": false, "selectorType": null, "selection": null}]}, {"id": 1897802271294477, "code": "close-heat", "name": "\u505c\u2f4c\u52a0\u70ed", "noteCn": null, "noteEn": null, "translator": "default", "translatorArgs": {"url": "/command", "method": "POST"}, "recommend": null, "params": [{"paramCode": "operation", "paramName": "\u64cd\u4f5c\u7b26", "ioType": "CONSTANT", "dataType": "string", "value": null, "defaultValue": "close-heat", "script": null, "required": 1, "advanced": null, "timeFlag": null, "elementDataType": null, "bindDataType": null, "bindDataTypeProperty": null, "property": null, "childParams": [], "constraintType": null, "constraintValue": "", "constraintValueEn": "", "unitTypeCode": null, "unitTypeName": null, "noteCn": null, "noteEn": null, "flatten": false, "selectorType": null, "selection": null}, {"paramCode": "value", "paramName": "\u6570\u503c", "ioType": "CONSTANT", "dataType": "int", "value": null, "defaultValue": "1", "script": null, "required": 1, "advanced": null, "timeFlag": null, "elementDataType": "", "bindDataType": "", "bindDataTypeProperty": null, "property": null, "childParams": [], "constraintType": null, "constraintValue": "", "constraintValueEn": "", "unitTypeCode": null, "unitTypeName": null, "noteCn": null, "noteEn": null, "flatten": false, "selectorType": null, "selection": null}]}, {"id": 1897802271294478, "code": "start_clean", "name": "\u5f00\u542f\u8d85\u58f0\u6e05\u6d17", "noteCn": null, "noteEn": null, "translator": "default", "translatorArgs": {"url": "/command", "method": "POST"}, "recommend": null, "params": [{"paramCode": "value", "paramName": "\u6e05\u6d17\u65f6\u95f4", "ioType": "INPUT", "dataType": "int", "value": null, "defaultValue": "30", "script": null, "required": 1, "advanced": null, "timeFlag": null, "elementDataType": "", "bindDataType": "", "bindDataTypeProperty": null, "property": null, "childParams": [], "constraintType": null, "constraintValue": "", "constraintValueEn": "", "unitTypeCode": "s", "unitTypeName": "\u79d2", "noteCn": "", "noteEn": "", "flatten": false, "selectorType": null, "selection": null}, {"paramCode": "operation", "paramName": "\u64cd\u4f5c", "ioType": "CONSTANT", "dataType": "string", "value": null, "defaultValue": "start", "script": null, "required": 1, "advanced": null, "timeFlag": null, "elementDataType": null, "bindDataType": null, "bindDataTypeProperty": null, "property": null, "childParams": [], "constraintType": null, "constraintValue": "", "constraintValueEn": "", "unitTypeCode": null, "unitTypeName": null, "noteCn": null, "noteEn": null, "flatten": false, "selectorType": null, "selection": null}]}], "allocates": [{"containerTypeCode": "bottle_storage", "maxHandleSize": 10}], "commands": [{"code": "allocation", "name": "\u5206\u914d\u5bb9\u5668", "noteCn": null, "noteEn": null, "actionCode": "allocate_container", "actionName": "\u5206\u914d\u5bb9\u5668\u6307\u4ee4", "params": [{"paramCode": "containerType", "value": "[{\"minCount\":1,\"containerTypeCode\":\"bottle_storage\",\"containerTypeName\":\"\u8fdb\u6837\u74f6\",\"allocateMode\":\"extend\",\"maxCount\":10,\"defaultCount\":5}]"}, {"paramCode": "allocateOrder", "value": "small"}, {"paramCode": "allocateWorkstations", "value": "[]"}]}, {"code": "put-input", "name": "\u653e\u7f6e\u8fdb\u6837\u74f6", "noteCn": "\u653e\u7f6e\u8fdb\u6837\u74f6", "noteEn": null, "actionCode": "put", "actionName": "put\u653e\u7f6e\u6307\u4ee4", "params": [{"paramCode": "containerType", "value": "{\"containerTypeCode\":\"bottle_storage\",\"containerTypeName\":\"\u8fdb\u6837\u74f6\",\"slotTypeCode\":\"\"}"}, {"paramCode": "slotType", "value": "{\"slotTypeCode\":\"\",\"slotTypeName\":\"\"}"}, {"paramCode": "robotCodes", "value": "[{\"robotCode\":\"hf_robot_4\",\"robotName\":\"\u822a\u53d1_303\"}]"}, {"paramCode": "fromOrder", "value": "small"}, {"paramCode": "toOrder", "value": "small"}, {"paramCode": "withParentContainerType", "value": "{\"containerTypeCode\":\"rack\",\"containerTypeName\":\"\u6837\u54c1\u67b6\"}"}]}, {"code": "take-input", "name": "\u62ff\u53d6\u8fdb\u6837\u74f6", "noteCn": "\u62ff\u53d6\u8fdb\u6837\u74f6", "noteEn": null, "actionCode": "take", "actionName": "take\u62ff\u53d6\u6307\u4ee4", "params": [{"paramCode": "containerType", "value": "{\"containerTypeCode\":\"bottle_storage\",\"containerTypeName\":\"\u8fdb\u6837\u74f6\",\"slotTypeCode\":\"\"}"}, {"paramCode": "slotType", "value": "{\"slotTypeCode\":\"\",\"slotTypeName\":\"\"}"}, {"paramCode": "robotCodes", "value": "[{\"robotCode\":\"hf_robot_4\",\"robotName\":\"\u822a\u53d1_303\"}]"}, {"paramCode": "fromOrder", "value": "small"}, {"paramCode": "toOrder", "value": "small"}, {"paramCode": "storageWorkstation", "value": "{}"}, {"paramCode": "userDefinedPos", "value": ""}, {"paramCode": "withParentContainerType", "value": "{\"containerTypeCode\":\"rack\",\"containerTypeName\":\"\u6837\u54c1\u67b6\"}"}]}, {"code": "common", "name": "\u901a\u7528\u6307\u4ee4", "noteCn": "\u901a\u7528\u6307\u4ee4", "noteEn": null, "actionCode": "common", "actionName": "\u901a\u7528\u6307\u4ee4", "params": [{"paramCode": "robotCodes", "value": "[{\"robotCode\":\"schedule_robot_1\",\"robotName\":\"\u8c03\u5ea6\u673a\u5668\u4eba\"}]"}]}], "containerSettings": [{"typeId": 881570976007168, "typeCode": "rack_slot", "typeName": "\u6837\u54c1\u67b6\u69fd\u4f4d", "containerType": "slot", "allCount": 1, "children": []}], "variables": [], "resultSetting": {"url": "/task/data", "type": null, "preview": null}, "ignoreMaterial": false, "defaultVersion": false, "updatedActions": null}