{"id": 1529539568370688, "version": "t1", "code": "TubeFurnace", "name": "\u7ba1\u5f0f\u7089\u5904\u7406\u5de5\u4f5c\u7ad9", "noteCn": "\u81ea\u52a8\u5316\u5904\u7406\u7ba1\u5f0f\u7089\u662f\u4e00\u79cd\u5177\u6709\u81ea\u52a8\u5316\u63a7\u5236\u529f\u80fd\u7684\u9ad8\u6e29\u70ed\u5904\u7406\u8bbe\u5907\u3002\u5b83\u91c7\u7528\u7ba1\u72b6\u7089\u819b\u7ed3\u6784\uff0c\u901a\u5e38\u7528\u4e8e\u5bf9\u6837\u54c1\u8fdb\u884c\u9ad8\u6e29\u70e7\u7ed3\u3001\u9000\u706b\u3001\u7119\u70e7\u7b49\u70ed\u5904\u7406\u5de5\u827a\u3002\u901a\u8fc7\u5148\u8fdb\u7684\u81ea\u52a8\u5316\u63a7\u5236\u7cfb\u7edf\uff0c\u53ef\u4ee5\u7cbe\u786e\u63a7\u5236\u7089\u5185\u7684\u6e29\u5ea6\u3001\u5347\u6e29\u901f\u7387\u3001\u4fdd\u6e29\u65f6\u95f4\u548c\u964d\u6e29\u901f\u7387\u7b49\u53c2\u6570\u3002\u6837\u54c1\u653e\u7f6e\u5728\u7089\u7ba1\u5185\uff0c\u53ef\u5728\u4e0d\u540c\u6c14\u6c1b\uff08\u5982\u7a7a\u6c14\u3001\u6c2e\u6c14\u3001\u6c22\u6c14\u7b49\uff09\u4e0b\u8fdb\u884c\u5904\u7406\u3002\u5e7f\u6cdb\u5e94\u7528\u4e8e\u6750\u6599\u79d1\u5b66\u3001\u9676\u74f7\u5236\u9020\u3001\u7c89\u672b\u51b6\u91d1\u7b49\u9886\u57df\uff0c\u7528\u4e8e\u5236\u5907\u548c\u5904\u7406\u5404\u79cd\u9ad8\u6027\u80fd\u6750\u6599\uff0c\u5982\u9676\u74f7\u6750\u6599\u3001\u91d1\u5c5e\u57fa\u590d\u5408\u6750\u6599\u7b49\uff0c\u63d0\u9ad8\u6750\u6599\u7684\u6027\u80fd\u548c\u8d28\u91cf\u3002", "noteEn": "", "createTime": "2025-07-01 16:04:03", "updateTime": "2025-11-07 19:42:38", "paramUrl": "", "modelCode": null, "modelName": null, "modelImages": null, "definer": 0, "equipManufacturerCode": "AAS", "equipManufacturerName": "\u5408\u80a5\u79d1\u6676\u6750\u6599\u6280\u672f\u6709\u9650\u516c\u53f8", "actions": [{"id": 1897802271753246, "code": "test", "name": "code", "noteCn": null, "noteEn": null, "translator": "default", "translatorArgs": {"url": "", "method": ""}, "recommend": null, "params": null}, {"id": 1897802271753247, "code": "automaticOperation", "name": "\u81ea\u52a8\u542f\u52a8\u8fd0\u884c   \u5224\u65ad\u662f\u5426\u5141\u8bb8\u673a\u5668\u4eba\u88c5\u6837", "noteCn": null, "noteEn": null, "translator": "default", "translatorArgs": {"url": "/api/lite-flow/liteflow-chain/executionMethod", "method": "POST"}, "recommend": null, "params": [{"paramCode": "chainName", "paramName": "chainName", "ioType": "CONSTANT", "dataType": "string", "value": null, "defaultValue": "methodExecute", "script": null, "required": 1, "advanced": null, "timeFlag": null, "elementDataType": null, "bindDataType": null, "bindDataTypeProperty": null, "property": null, "childParams": [], "constraintType": null, "constraintValue": "", "constraintValueEn": "", "unitTypeCode": null, "unitTypeName": null, "noteCn": null, "noteEn": null, "flatten": false, "selectorType": null, "selection": null}, {"paramCode": "ifAsynchronous", "paramName": "ifAsynchronous", "ioType": "CONSTANT", "dataType": "boolean", "value": null, "defaultValue": "true", "script": null, "required": 1, "advanced": null, "timeFlag": null, "elementDataType": "", "bindDataType": "", "bindDataTypeProperty": null, "property": null, "childParams": [], "constraintType": null, "constraintValue": "", "constraintValueEn": "", "unitTypeCode": null, "unitTypeName": null, "noteCn": null, "noteEn": null, "flatten": false, "selectorType": null, "selection": null}, {"paramCode": "sn", "paramName": "sn", "ioType": "CONSTANT", "dataType": "string", "value": null, "defaultValue": "W080848979E75D", "script": null, "required": 1, "advanced": null, "timeFlag": null, "elementDataType": null, "bindDataType": null, "bindDataTypeProperty": null, "property": null, "childParams": [], "constraintType": null, "constraintValue": "", "constraintValueEn": "", "unitTypeCode": null, "unitTypeName": null, "noteCn": null, "noteEn": null, "flatten": false, "selectorType": null, "selection": null}, {"paramCode": "method", "paramName": "method", "ioType": "CONSTANT", "dataType": "string", "value": null, "defaultValue": "automaticOperation", "script": null, "required": 1, "advanced": null, "timeFlag": null, "elementDataType": null, "bindDataType": null, "bindDataTypeProperty": null, "property": null, "childParams": [], "constraintType": null, "constraintValue": "", "constraintValueEn": "", "unitTypeCode": null, "unitTypeName": null, "noteCn": null, "noteEn": null, "flatten": false, "selectorType": null, "selection": null}, {"paramCode": "deviceNumber", "paramName": "deviceNumber", "ioType": "INPUT", "dataType": "int", "value": null, "defaultValue": "1", "script": null, "required": 1, "advanced": null, "timeFlag": null, "elementDataType": "", "bindDataType": "", "bindDataTypeProperty": null, "property": null, "childParams": [], "constraintType": null, "constraintValue": "", "constraintValueEn": "", "unitTypeCode": null, "unitTypeName": null, "noteCn": null, "noteEn": null, "flatten": false, "selectorType": null, "selection": null}]}, {"id": 1897802271753248, "code": "sampleInstallationCompleted", "name": "\u88c5\u6837\u5b8c\u6210\u4fe1\u53f7\u5199\u5165  \u53cd\u590d\u5224\u65ad\u8fd0\u884c\u72b6\u6001\u5f02\u5e38  \u76f4\u5230\u81ea\u52a8\u8fd0\u884c\u5b8c\u6210\u72b6\u6001\u5b8c\u6210", "noteCn": null, "noteEn": null, "translator": "default", "translatorArgs": {"url": "/api/lite-flow/liteflow-chain/executionMethod", "method": "POST"}, "recommend": null, "params": [{"paramCode": "chainName", "paramName": "chainName", "ioType": "CONSTANT", "dataType": "string", "value": null, "defaultValue": "methodExecute", "script": null, "required": 1, "advanced": null, "timeFlag": null, "elementDataType": null, "bindDataType": null, "bindDataTypeProperty": null, "property": null, "childParams": [], "constraintType": null, "constraintValue": "", "constraintValueEn": "", "unitTypeCode": null, "unitTypeName": null, "noteCn": null, "noteEn": null, "flatten": false, "selectorType": null, "selection": null}, {"paramCode": "ifAsynchronous", "paramName": "ifAsynchronous", "ioType": "CONSTANT", "dataType": "boolean", "value": null, "defaultValue": "true", "script": null, "required": 1, "advanced": null, "timeFlag": null, "elementDataType": "", "bindDataType": "", "bindDataTypeProperty": null, "property": null, "childParams": [], "constraintType": null, "constraintValue": "", "constraintValueEn": "", "unitTypeCode": null, "unitTypeName": null, "noteCn": null, "noteEn": null, "flatten": false, "selectorType": null, "selection": null}, {"paramCode": "sn", "paramName": "sn", "ioType": "CONSTANT", "dataType": "string", "value": null, "defaultValue": "W080848979E75D", "script": null, "required": 1, "advanced": null, "timeFlag": null, "elementDataType": null, "bindDataType": null, "bindDataTypeProperty": null, "property": null, "childParams": [], "constraintType": null, "constraintValue": "", "constraintValueEn": "", "unitTypeCode": null, "unitTypeName": null, "noteCn": null, "noteEn": null, "flatten": false, "selectorType": null, "selection": null}, {"paramCode": "method", "paramName": "method", "ioType": "CONSTANT", "dataType": "string", "value": null, "defaultValue": "sampleInstallationCompleted", "script": null, "required": 1, "advanced": null, "timeFlag": null, "elementDataType": null, "bindDataType": null, "bindDataTypeProperty": null, "property": null, "childParams": [], "constraintType": null, "constraintValue": "", "constraintValueEn": "", "unitTypeCode": null, "unitTypeName": null, "noteCn": null, "noteEn": null, "flatten": false, "selectorType": null, "selection": null}, {"paramCode": "deviceNumber", "paramName": "deviceNumber", "ioType": "INPUT", "dataType": "int", "value": null, "defaultValue": "1", "script": null, "required": 1, "advanced": null, "timeFlag": null, "elementDataType": "", "bindDataType": "", "bindDataTypeProperty": null, "property": null, "childParams": [], "constraintType": null, "constraintValue": "", "constraintValueEn": "", "unitTypeCode": null, "unitTypeName": null, "noteCn": null, "noteEn": null, "flatten": false, "selectorType": null, "selection": null}]}], "allocates": [{"containerTypeCode": "deal_tube_crucible", "maxHandleSize": 1}], "commands": [{"code": "allocation", "name": "\u5206\u914d\u5bb9\u5668", "noteCn": null, "noteEn": null, "actionCode": "allocate_container", "actionName": "\u5206\u914d\u5bb9\u5668\u6307\u4ee4", "params": [{"paramCode": "containerType", "value": "[{\"minCount\":\"1\",\"maxCount\":1,\"containerTypeCode\":\"deal_tube_crucible\",\"containerTypeName\":\"\u5904\u7406\u7ba1\u5f0f\u7089\u5769\u57da\",\"allocateMode\":\"extend\",\"defaultCount\":1}]"}, {"paramCode": "allocateOrder", "value": "small"}, {"paramCode": "allocateWorkstations", "value": "[{\"workstationCode\":\"starting_station_chuli\",\"workstationName\":\"\u7ba1\u5f0f\u7089\u5904\u7406\u7269\u6599\u7ad9\"}]"}]}, {"code": "take", "name": "\u62ff\u53d6\u5bb9\u5668", "noteCn": null, "noteEn": null, "actionCode": "take_all", "actionName": "take_all\u6307\u4ee4", "params": [{"paramCode": "containerTypeList", "value": "[{\"containerTypeCode\":\"deal_tube_crucible\",\"containerTypeName\":\"\u5904\u7406\u7ba1\u5f0f\u7089\u5769\u57da\",\"slotTypeCode\":\"deal_tube_crucible_slot\"}]"}, {"paramCode": "slotType", "value": "{\"slotTypeCode\":\"deal_tube_crucible_slot\",\"slotTypeName\":\"\u5904\u7406\u7ba1\u5f0f\u7089\u5769\u57da\u69fd\u4f4d\"}"}, {"paramCode": "robotCodes", "value": "[{\"robotCode\":\"hik_robot_11335\",\"robotName\":\"\u6d77\u5eb7_11335\"}]"}, {"paramCode": "fromOrder", "value": "small"}, {"paramCode": "toOrder", "value": "small"}, {"paramCode": "storageWorkstation", "value": "{\"workstationCode\":\"starting_station_chuli\",\"workstationName\":\"\u7ba1\u5f0f\u7089\u5904\u7406\u7269\u6599\u7ad9\"}"}, {"paramCode": "withParentContainerType", "value": "{\"containerTypeCode\":\"\",\"containerTypeName\":\"\"}"}]}, {"code": "put", "name": "\u5206\u914d\u5bb9\u5668", "noteCn": null, "noteEn": null, "actionCode": "put_all", "actionName": "put_all\u6307\u4ee4", "params": [{"paramCode": "containerTypeList", "value": "[{\"containerTypeCode\":\"deal_tube_crucible\",\"containerTypeName\":\"\u5904\u7406\u7ba1\u5f0f\u7089\u5769\u57da\",\"slotTypeCode\":\"deal_tube_crucible_slot\"}]"}, {"paramCode": "robotCodes", "value": "[{\"robotCode\":\"hik_robot_11335\",\"robotName\":\"\u6d77\u5eb7_11335\"}]"}, {"paramCode": "fromOrder", "value": "small"}, {"paramCode": "toOrder", "value": "small"}]}], "containerSettings": [{"typeId": 1617383556809728, "typeCode": "deal_tube_crucible_slot", "typeName": "\u5904\u7406\u7ba1\u5f0f\u7089\u5769\u57da\u69fd\u4f4d", "containerType": "slot", "allCount": 1, "children": []}], "variables": [], "resultSetting": {"url": "", "type": "any", "preview": true}, "ignoreMaterial": false, "defaultVersion": true, "updatedActions": null}