{"id": 1532117002421248, "version": "302-\u751f\u5316\u5b9e\u9a8c\u5ba4", "code": "starting_station", "name": "\u7269\u6599\u7ad9", "noteCn": "\u5b9e\u9a8c\u5ba4\u8bd5\u5242\u50a8\u5b58\u67dc\u4e3b\u8981\u7528\u4e8e\u5b89\u5168\u3001\u89c4\u8303\u5730\u50a8\u5b58\u5404\u79cd\u5316\u5b66\u8bd5\u5242\u3002\u5b83\u901a\u5e38\u5177\u6709\u826f\u597d\u7684\u901a\u98ce\u3001\u9632\u706b\u3001\u9632\u7206\u7b49\u529f\u80fd\uff0c\u4ee5\u786e\u4fdd\u8bd5\u5242\u7684\u50a8\u5b58\u5b89\u5168\u3002\u6839\u636e\u8bd5\u5242\u7684\u6027\u8d28\uff0c\u5982\u6613\u71c3\u3001\u6613\u7206\u3001\u6709\u6bd2\u3001\u8150\u8680\u6027\u7b49\uff0c\u50a8\u5b58\u67dc\u4f1a\u8fdb\u884c\u5206\u7c7b\u5b58\u50a8\uff0c\u907f\u514d\u4e0d\u540c\u6027\u8d28\u7684\u8bd5\u5242\u76f8\u4e92\u53cd\u5e94\u3002\u540c\u65f6\uff0c\u50a8\u5b58\u67dc\u8fd8\u914d\u5907\u6709\u5408\u7406\u7684\u6807\u8bc6\u548c\u7ba1\u7406\u7cfb\u7edf\uff0c\u65b9\u4fbf\u8bd5\u5242\u7684\u67e5\u627e\u548c\u53d6\u7528\uff0c\u6709\u52a9\u4e8e\u63d0\u9ad8\u5b9e\u9a8c\u5ba4\u7684\u7ba1\u7406\u6c34\u5e73\u548c\u5b89\u5168\u6027\uff0c\u4fdd\u969c\u5b9e\u9a8c\u5de5\u4f5c\u7684\u987a\u5229\u8fdb\u884c\u3002", "noteEn": "", "createTime": "2025-07-02 13:55:00", "updateTime": "2025-11-07 19:42:38", "paramUrl": "", "modelCode": null, "modelName": null, "modelImages": null, "definer": 0, "equipManufacturerCode": "ACW", "equipManufacturerName": "\u5408\u80a5\u5e02\u8700\u5c71\u533a\u4e9a\u6e90\u7cbe\u5bc6\u4eea\u5668\u7ecf\u8425\u90e8", "actions": [{"id": 1897802271425536, "code": "force_online", "name": "\u5f3a\u5236\u4e0a\u7ebf", "noteCn": "\u5f3a\u5236\u4e0a\u7ebf", "noteEn": null, "translator": "default", "translatorArgs": {"url": "/online", "method": "GET"}, "recommend": null, "params": [{"paramCode": "opertation", "paramName": "\u64cd\u4f5c\u6307\u4ee4", "ioType": "CONSTANT", "dataType": "string", "value": null, "defaultValue": "online", "script": null, "required": 1, "advanced": null, "timeFlag": null, "elementDataType": null, "bindDataType": null, "bindDataTypeProperty": null, "property": null, "childParams": [], "constraintType": null, "constraintValue": "", "constraintValueEn": "", "unitTypeCode": null, "unitTypeName": null, "noteCn": null, "noteEn": null, "flatten": false, "selectorType": null, "selection": null}]}], "allocates": [{"containerTypeCode": "50ml_centrifuge_tube", "maxHandleSize": 40}], "commands": [{"code": "allocation", "name": "\u5bb9\u5668\u5206\u914d", "noteCn": "\u5bb9\u5668\u5206\u914d", "noteEn": "", "actionCode": "allocate_container", "actionName": "allocate\u5206\u914d\u5bb9\u5668\u6307\u4ee4", "params": [{"paramCode": "containerType", "value": "[{\"minCount\":1,\"maxCount\":40,\"containerTypeCode\":\"50ml_centrifuge_tube\",\"containerTypeName\":\"50ml\u79bb\u5fc3\u7ba1\",\"allocateMode\":\"extend\",\"defaultCount\":10}]"}, {"paramCode": "allocateOrder", "value": "small"}, {"paramCode": "allocateWorkstations", "value": "[]"}]}, {"code": "take-all-c-tube", "name": "\u62ff\u53d6\u6240\u6709\u79bb\u5fc3\u7ba1", "noteCn": "\u62ff\u53d6\u6240\u6709\u79bb\u5fc3\u7ba1", "noteEn": "take all ce tube", "actionCode": "take", "actionName": "take\u6307\u4ee4", "params": [{"paramCode": "containerType", "value": "{\"containerTypeCode\":\"50ml_centrifuge_tube\",\"containerTypeName\":\"50ml\u79bb\u5fc3\u7ba1\",\"slotTypeCode\":\"\"}"}, {"paramCode": "slotType", "value": "{}"}, {"paramCode": "robotCodes", "value": "[{\"robotCode\":\"multi_robot_002\",\"robotName\":\"\u9ad8\u65b0\u591a\u8054\u52a8\u673a\u5668\u4eba2\u53f7\"}]"}, {"paramCode": "fromOrder", "value": "small"}, {"paramCode": "toOrder", "value": "small"}, {"paramCode": "storageWorkstation", "value": "{}"}, {"paramCode": "userDefinedPos", "value": ""}, {"paramCode": "withParentContainerType", "value": "{\"containerTypeCode\":\"rack\",\"containerTypeName\":\"\u6837\u54c1\u67b6\"}"}]}, {"code": "put-all-c-tube", "name": "\u653e\u7f6e\u6240\u6709\u79bb\u5fc3\u7ba1", "noteCn": "\u653e\u7f6e\u6240\u6709\u79bb\u5fc3\u7ba1", "noteEn": "put all ce tube", "actionCode": "put", "actionName": "put\u6307\u4ee4", "params": [{"paramCode": "containerType", "value": "{\"containerTypeCode\":\"50ml_centrifuge_tube\",\"containerTypeName\":\"50ml\u79bb\u5fc3\u7ba1\"}"}, {"paramCode": "slotType", "value": "{}"}, {"paramCode": "robotCodes", "value": "[{\"robotCode\":\"multi_robot_002\",\"robotName\":\"\u9ad8\u65b0\u591a\u8054\u52a8\u673a\u5668\u4eba2\u53f7\"}]"}, {"paramCode": "fromOrder", "value": "small"}, {"paramCode": "toOrder", "value": "small"}, {"paramCode": "withParentContainerType", "value": "{\"containerTypeCode\":\"rack\",\"containerTypeName\":\"\u6837\u54c1\u67b6\"}"}]}, {"code": "take-all-c-tube-to-robot", "name": "\u62ff\u53d6\u6240\u6709\u79bb\u5fc3\u7ba1\u5230\u673a\u5668\u4eba", "noteCn": "\u62ff\u53d6\u6240\u6709\u79bb\u5fc3\u7ba1\u5230\u673a\u5668\u4eba", "noteEn": null, "actionCode": "take", "actionName": "take\u6307\u4ee4", "params": [{"paramCode": "containerType", "value": "{\"containerTypeCode\":\"50ml_centrifuge_tube\",\"containerTypeName\":\"50ml\u79bb\u5fc3\u7ba1\"}"}, {"paramCode": "slotType", "value": "{}"}, {"paramCode": "robotCodes", "value": "[{\"robotCode\":\"multi_robot_001\",\"robotName\":\"\u9ad8\u65b0\u591a\u8054\u52a8\u673a\u5668\u4eba1\u53f7\"}]"}, {"paramCode": "fromOrder", "value": "small"}, {"paramCode": "toOrder", "value": "small"}, {"paramCode": "storageWorkstation", "value": "{}"}, {"paramCode": "userDefinedPos", "value": "undefined"}, {"paramCode": "withParentContainerType", "value": "{\"containerTypeCode\":\"rack\",\"containerTypeName\":\"\u6837\u54c1\u67b6\"}"}]}, {"code": "put-all-c-tube-to-robot", "name": "\u653e\u7f6e\u6240\u6709\u79bb\u5fc3\u7ba1\u5230\u673a\u5668\u4eba", "noteCn": "\u653e\u7f6e\u6240\u6709\u79bb\u5fc3\u7ba1\u5230\u673a\u5668\u4eba", "noteEn": "put all ce tube to robot", "actionCode": "put", "actionName": "put\u6307\u4ee4", "params": [{"paramCode": "containerType", "value": "{\"containerTypeCode\":\"50ml_centrifuge_tube\",\"containerTypeName\":\"50ml\u79bb\u5fc3\u7ba1\"}"}, {"paramCode": "slotType", "value": "{}"}, {"paramCode": "robotCodes", "value": "[{\"robotCode\":\"multi_robot_001\",\"robotName\":\"\u9ad8\u65b0\u591a\u8054\u52a8\u673a\u5668\u4eba1\u53f7\"}]"}, {"paramCode": "fromOrder", "value": "small"}, {"paramCode": "toOrder", "value": "small"}, {"paramCode": "withParentContainerType", "value": "{\"containerTypeCode\":\"rack\",\"containerTypeName\":\"\u6837\u54c1\u67b6\"}"}]}, {"code": "common", "name": "\u901a\u7528\u6307\u4ee4", "noteCn": "\u901a\u7528\u6307\u4ee4", "noteEn": null, "actionCode": "common", "actionName": "\u901a\u7528\u6307\u4ee4", "params": [{"paramCode": "robotCodes", "value": "[{\"robotCode\":\"multi_robot_001\",\"robotName\":\"\u9ad8\u65b0\u591a\u8054\u52a8\u673a\u5668\u4eba1\u53f7\"}]"}]}], "containerSettings": [{"typeId": 881570976007168, "typeCode": "rack_slot", "typeName": "\u6837\u54c1\u67b6\u69fd\u4f4d", "containerType": "slot", "allCount": 2, "children": [{"typeId": 883795617580032, "typeCode": "rack", "typeName": "\u6837\u54c1\u67b6", "containerType": "container", "allCount": 2, "children": [{"typeId": 1515375074837504, "typeCode": "50ml_centrifuge_tube_slot", "typeName": "50ml\u79bb\u5fc3\u7ba1\u69fd\u4f4d", "containerType": "slot", "allCount": 10, "children": [{"typeId": 1515376442737664, "typeCode": "50ml_centrifuge_tube", "typeName": "50ml\u79bb\u5fc3\u7ba1", "containerType": "container", "allCount": 10, "children": []}]}]}]}], "variables": [{"code": "loop_count", "name": "\u5faa\u73af\u6b21\u6570", "noteCn": "\u5faa\u73af\u6b21\u6570", "noteEn": null, "dataType": "int", "defaultValue": "1"}], "resultSetting": {"url": "", "type": "", "preview": false}, "ignoreMaterial": false, "defaultVersion": false, "updatedActions": null}