{"id": 1532324405085184, "version": "t1", "code": "ALDWorkstation", "name": "ALD\u5de5\u4f5c\u7ad9", "noteCn": "\u539f\u5b50\u5c42\u6c89\u79ef\uff08ALD\uff09\u50ac\u5316\u5242\u5408\u6210\u7cfb\u7edf\u662f\u4e00\u79cd\u7528\u4e8e\u7cbe\u786e\u63a7\u5236\u50ac\u5316\u5242\u7ed3\u6784\u548c\u7ec4\u6210\u7684\u5148\u8fdb\u8bbe\u5907\u3002\u5b83\u57fa\u4e8e\u539f\u5b50\u5c42\u6c89\u79ef\u6280\u672f\uff0c\u901a\u8fc7\u4ea4\u66ff\u8109\u51b2\u5f0f\u5730\u5c06\u4e0d\u540c\u524d\u9a71\u4f53\u6c14\u4f53\u5f15\u5165\u53cd\u5e94\u8154\u5ba4\uff0c\u5728\u57fa\u5e95\u8868\u9762\u8fdb\u884c\u81ea\u9650\u5236\u7684\u5316\u5b66\u53cd\u5e94\uff0c\u5b9e\u73b0\u539f\u5b50\u5c42\u539a\u5ea6\u7684\u8584\u819c\u6216\u7eb3\u7c73\u7ed3\u6784\u7684\u9010\u5c42\u751f\u957f\u3002\u5728\u50ac\u5316\u5242\u5408\u6210\u65b9\u9762\uff0c\u80fd\u591f\u7cbe\u786e\u8c03\u63a7\u6d3b\u6027\u7ec4\u5206\u7684\u8d1f\u8f7d\u91cf\u3001\u5206\u5e03\u548c\u5c3a\u5bf8\uff0c\u5236\u5907\u51fa\u5177\u6709\u9ad8\u5ea6\u5747\u5300\u6027\u548c\u91cd\u590d\u6027\u7684\u50ac\u5316\u5242\u3002\u8fd9\u6709\u52a9\u4e8e\u4f18\u5316\u50ac\u5316\u5242\u7684\u6027\u80fd\uff0c\u63d0\u9ad8\u50ac\u5316\u53cd\u5e94\u7684\u6d3b\u6027\u3001\u9009\u62e9\u6027\u548c\u7a33\u5b9a\u6027\uff0c\u5e7f\u6cdb\u5e94\u7528\u4e8e\u80fd\u6e90\u50ac\u5316\u3001\u73af\u5883\u50ac\u5316\u7b49\u9886\u57df\uff0c\u63a8\u52a8\u65b0\u578b\u9ad8\u6548\u50ac\u5316\u5242\u7684\u7814\u53d1\u548c\u5e94\u7528\u3002", "noteEn": "", "createTime": "2025-07-02 15:40:29", "updateTime": "2025-11-07 19:42:38", "paramUrl": "", "modelCode": null, "modelName": null, "modelImages": null, "definer": 0, "equipManufacturerCode": "AFB", "equipManufacturerName": "\u4e2d\u79d1\u827e\u79d1\u7c73\uff08\u5317\u4eac\uff09\u79d1\u6280\u6709\u9650\u516c\u53f8", "actions": [{"id": 1897802271589376, "code": "obtainSoftwareVersion", "name": "\u83b7\u53d6\u8f6f\u4ef6\u7248\u672c", "noteCn": null, "noteEn": null, "translator": "default", "translatorArgs": {"url": "/api/lite-flow/liteflow-chain/executionMethod", "method": "POST"}, "recommend": null, "params": [{"paramCode": "chainName", "paramName": "chainName", "ioType": "CONSTANT", "dataType": "string", "value": null, "defaultValue": "methodExecute", "script": null, "required": 1, "advanced": null, "timeFlag": null, "elementDataType": null, "bindDataType": null, "bindDataTypeProperty": null, "property": null, "childParams": [], "constraintType": null, "constraintValue": "", "constraintValueEn": "", "unitTypeCode": null, "unitTypeName": null, "noteCn": null, "noteEn": null, "flatten": false, "selectorType": null, "selection": null}, {"paramCode": "ifAsynchronous", "paramName": "ifAsynchronous", "ioType": "CONSTANT", "dataType": "boolean", "value": null, "defaultValue": "true", "script": null, "required": 1, "advanced": null, "timeFlag": null, "elementDataType": "", "bindDataType": "", "bindDataTypeProperty": null, "property": null, "childParams": [], "constraintType": null, "constraintValue": "", "constraintValueEn": "", "unitTypeCode": null, "unitTypeName": null, "noteCn": null, "noteEn": null, "flatten": false, "selectorType": null, "selection": null}, {"paramCode": "sn", "paramName": "sn", "ioType": "CONSTANT", "dataType": "string", "value": null, "defaultValue": "W0C0E35088FF5C", "script": null, "required": 1, "advanced": null, "timeFlag": null, "elementDataType": null, "bindDataType": null, "bindDataTypeProperty": null, "property": null, "childParams": [], "constraintType": null, "constraintValue": "", "constraintValueEn": "", "unitTypeCode": null, "unitTypeName": null, "noteCn": null, "noteEn": null, "flatten": false, "selectorType": null, "selection": null}, {"paramCode": "method", "paramName": "method", "ioType": "CONSTANT", "dataType": "string", "value": null, "defaultValue": "obtainSoftwareVersion", "script": null, "required": 1, "advanced": null, "timeFlag": null, "elementDataType": null, "bindDataType": null, "bindDataTypeProperty": null, "property": null, "childParams": [], "constraintType": null, "constraintValue": "", "constraintValueEn": "", "unitTypeCode": null, "unitTypeName": null, "noteCn": null, "noteEn": null, "flatten": false, "selectorType": null, "selection": null}]}, {"id": 1897802271589377, "code": "getSystemStatus", "name": "\u83b7\u53d6ALD\u7cfb\u7edf\u72b6\u6001", "noteCn": null, "noteEn": null, "translator": "default", "translatorArgs": {"url": "/api/lite-flow/liteflow-chain/executionMethod", "method": "POST"}, "recommend": null, "params": [{"paramCode": "chainName", "paramName": "chainName", "ioType": "CONSTANT", "dataType": "string", "value": null, "defaultValue": "methodExecute", "script": null, "required": 1, "advanced": null, "timeFlag": null, "elementDataType": null, "bindDataType": null, "bindDataTypeProperty": null, "property": null, "childParams": [], "constraintType": null, "constraintValue": "", "constraintValueEn": "", "unitTypeCode": null, "unitTypeName": null, "noteCn": null, "noteEn": null, "flatten": false, "selectorType": null, "selection": null}, {"paramCode": "ifAsynchronous", "paramName": "ifAsynchronous", "ioType": "CONSTANT", "dataType": "boolean", "value": null, "defaultValue": "true", "script": null, "required": 1, "advanced": null, "timeFlag": null, "elementDataType": "", "bindDataType": "", "bindDataTypeProperty": null, "property": null, "childParams": [], "constraintType": null, "constraintValue": "", "constraintValueEn": "", "unitTypeCode": null, "unitTypeName": null, "noteCn": null, "noteEn": null, "flatten": false, "selectorType": null, "selection": null}, {"paramCode": "sn", "paramName": "sn", "ioType": "CONSTANT", "dataType": "string", "value": null, "defaultValue": "W000E04CF27334", "script": null, "required": 1, "advanced": null, "timeFlag": null, "elementDataType": null, "bindDataType": null, "bindDataTypeProperty": null, "property": null, "childParams": [], "constraintType": null, "constraintValue": "", "constraintValueEn": "", "unitTypeCode": null, "unitTypeName": null, "noteCn": null, "noteEn": null, "flatten": false, "selectorType": null, "selection": null}, {"paramCode": "method", "paramName": "method", "ioType": "CONSTANT", "dataType": "string", "value": null, "defaultValue": "getSystemStatus", "script": null, "required": 1, "advanced": null, "timeFlag": null, "elementDataType": null, "bindDataType": null, "bindDataTypeProperty": null, "property": null, "childParams": [], "constraintType": null, "constraintValue": "", "constraintValueEn": "", "unitTypeCode": null, "unitTypeName": null, "noteCn": null, "noteEn": null, "flatten": false, "selectorType": null, "selection": null}]}, {"id": 1897802271589378, "code": "RecipeStart", "name": "RecipeStart\u4f7f\u80fd", "noteCn": null, "noteEn": null, "translator": "default", "translatorArgs": {"url": "/api/lite-flow/liteflow-chain/executionMethod", "method": "POST"}, "recommend": null, "params": [{"paramCode": "chainName", "paramName": "chainName", "ioType": "CONSTANT", "dataType": "string", "value": null, "defaultValue": "methodExecute", "script": null, "required": 1, "advanced": null, "timeFlag": null, "elementDataType": null, "bindDataType": null, "bindDataTypeProperty": null, "property": null, "childParams": [], "constraintType": null, "constraintValue": "", "constraintValueEn": "", "unitTypeCode": null, "unitTypeName": null, "noteCn": null, "noteEn": null, "flatten": false, "selectorType": null, "selection": null}, {"paramCode": "ifAsynchronous", "paramName": "ifAsynchronous", "ioType": "CONSTANT", "dataType": "boolean", "value": null, "defaultValue": "true", "script": null, "required": 1, "advanced": null, "timeFlag": null, "elementDataType": "", "bindDataType": "", "bindDataTypeProperty": null, "property": null, "childParams": [], "constraintType": null, "constraintValue": "", "constraintValueEn": "", "unitTypeCode": null, "unitTypeName": null, "noteCn": null, "noteEn": null, "flatten": false, "selectorType": null, "selection": null}, {"paramCode": "sn", "paramName": "sn", "ioType": "CONSTANT", "dataType": "string", "value": null, "defaultValue": "W0C0E35088FF5C", "script": null, "required": 1, "advanced": null, "timeFlag": null, "elementDataType": null, "bindDataType": null, "bindDataTypeProperty": null, "property": null, "childParams": [], "constraintType": null, "constraintValue": "", "constraintValueEn": "", "unitTypeCode": null, "unitTypeName": null, "noteCn": null, "noteEn": null, "flatten": false, "selectorType": null, "selection": null}, {"paramCode": "method", "paramName": "method", "ioType": "CONSTANT", "dataType": "string", "value": null, "defaultValue": "RecipeStart", "script": null, "required": 1, "advanced": null, "timeFlag": null, "elementDataType": null, "bindDataType": null, "bindDataTypeProperty": null, "property": null, "childParams": [], "constraintType": null, "constraintValue": "", "constraintValueEn": "", "unitTypeCode": null, "unitTypeName": null, "noteCn": null, "noteEn": null, "flatten": false, "selectorType": null, "selection": null}, {"paramCode": "enable", "paramName": "enable", "ioType": "CONSTANT", "dataType": "boolean", "value": null, "defaultValue": "true", "script": null, "required": 1, "advanced": null, "timeFlag": null, "elementDataType": "", "bindDataType": "", "bindDataTypeProperty": null, "property": null, "childParams": [], "constraintType": null, "constraintValue": "", "constraintValueEn": "", "unitTypeCode": null, "unitTypeName": null, "noteCn": null, "noteEn": null, "flatten": false, "selectorType": null, "selection": null}]}, {"id": 1897802271589379, "code": "heatingControlOfTubeFurnace", "name": "\u7ba1\u5f0f\u7089\u52a0\u70ed\u63a7\u5236", "noteCn": null, "noteEn": null, "translator": "default", "translatorArgs": {"url": "/api/lite-flow/liteflow-chain/executionMethod", "method": "POST"}, "recommend": null, "params": [{"paramCode": "chainName", "paramName": "chainName", "ioType": "CONSTANT", "dataType": "string", "value": null, "defaultValue": "methodExecute", "script": null, "required": 1, "advanced": null, "timeFlag": null, "elementDataType": null, "bindDataType": null, "bindDataTypeProperty": null, "property": null, "childParams": [], "constraintType": null, "constraintValue": "", "constraintValueEn": "", "unitTypeCode": null, "unitTypeName": null, "noteCn": null, "noteEn": null, "flatten": false, "selectorType": null, "selection": null}, {"paramCode": "ifAsynchronous", "paramName": "ifAsynchronous", "ioType": "CONSTANT", "dataType": "boolean", "value": null, "defaultValue": "true", "script": null, "required": 1, "advanced": null, "timeFlag": null, "elementDataType": "", "bindDataType": "", "bindDataTypeProperty": null, "property": null, "childParams": [], "constraintType": null, "constraintValue": "", "constraintValueEn": "", "unitTypeCode": null, "unitTypeName": null, "noteCn": null, "noteEn": null, "flatten": false, "selectorType": null, "selection": null}, {"paramCode": "sn", "paramName": "sn", "ioType": "CONSTANT", "dataType": "string", "value": null, "defaultValue": "W0C0E35088FF5C", "script": null, "required": 1, "advanced": null, "timeFlag": null, "elementDataType": null, "bindDataType": null, "bindDataTypeProperty": null, "property": null, "childParams": [], "constraintType": null, "constraintValue": "", "constraintValueEn": "", "unitTypeCode": null, "unitTypeName": null, "noteCn": null, "noteEn": null, "flatten": false, "selectorType": null, "selection": null}, {"paramCode": "method", "paramName": "method", "ioType": "CONSTANT", "dataType": "string", "value": null, "defaultValue": "heatingControlOfTubeFurnace", "script": null, "required": 1, "advanced": null, "timeFlag": null, "elementDataType": null, "bindDataType": null, "bindDataTypeProperty": null, "property": null, "childParams": [], "constraintType": null, "constraintValue": "", "constraintValueEn": "", "unitTypeCode": null, "unitTypeName": null, "noteCn": null, "noteEn": null, "flatten": false, "selectorType": null, "selection": null}, {"paramCode": "status", "paramName": "status", "ioType": "INPUT", "dataType": "boolean", "value": null, "defaultValue": "true", "script": null, "required": 1, "advanced": null, "timeFlag": null, "elementDataType": "", "bindDataType": "", "bindDataTypeProperty": null, "property": null, "childParams": [], "constraintType": null, "constraintValue": "", "constraintValueEn": "", "unitTypeCode": null, "unitTypeName": null, "noteCn": null, "noteEn": null, "flatten": false, "selectorType": null, "selection": null}]}, {"id": 1897802271589380, "code": "setTemperatureTubeFurnace", "name": "\u8bbe\u7f6e\u7ba1\u5f0f\u7089\u6e29\u5ea6", "noteCn": null, "noteEn": null, "translator": "default", "translatorArgs": {"url": "/api/lite-flow/liteflow-chain/executionMethod", "method": "POST"}, "recommend": null, "params": [{"paramCode": "chainName", "paramName": "chainName", "ioType": "CONSTANT", "dataType": "string", "value": null, "defaultValue": "methodExecute", "script": null, "required": 1, "advanced": null, "timeFlag": null, "elementDataType": null, "bindDataType": null, "bindDataTypeProperty": null, "property": null, "childParams": [], "constraintType": null, "constraintValue": "", "constraintValueEn": "", "unitTypeCode": null, "unitTypeName": null, "noteCn": null, "noteEn": null, "flatten": false, "selectorType": null, "selection": null}, {"paramCode": "ifAsynchronous", "paramName": "ifAsynchronous", "ioType": "CONSTANT", "dataType": "boolean", "value": null, "defaultValue": "true", "script": null, "required": 1, "advanced": null, "timeFlag": null, "elementDataType": "", "bindDataType": "", "bindDataTypeProperty": null, "property": null, "childParams": [], "constraintType": null, "constraintValue": "", "constraintValueEn": "", "unitTypeCode": null, "unitTypeName": null, "noteCn": null, "noteEn": null, "flatten": false, "selectorType": null, "selection": null}, {"paramCode": "sn", "paramName": "sn", "ioType": "CONSTANT", "dataType": "string", "value": null, "defaultValue": "W0C0E35088FF5C", "script": null, "required": 1, "advanced": null, "timeFlag": null, "elementDataType": null, "bindDataType": null, "bindDataTypeProperty": null, "property": null, "childParams": [], "constraintType": null, "constraintValue": "", "constraintValueEn": "", "unitTypeCode": null, "unitTypeName": null, "noteCn": null, "noteEn": null, "flatten": false, "selectorType": null, "selection": null}, {"paramCode": "method", "paramName": "method", "ioType": "CONSTANT", "dataType": "string", "value": null, "defaultValue": "setTemperatureTubeFurnace", "script": null, "required": 1, "advanced": null, "timeFlag": null, "elementDataType": null, "bindDataType": null, "bindDataTypeProperty": null, "property": null, "childParams": [], "constraintType": null, "constraintValue": "", "constraintValueEn": "", "unitTypeCode": null, "unitTypeName": null, "noteCn": null, "noteEn": null, "flatten": false, "selectorType": null, "selection": null}, {"paramCode": "celsius", "paramName": "celsius", "ioType": "INPUT", "dataType": "float", "value": null, "defaultValue": "", "script": null, "required": 1, "advanced": null, "timeFlag": null, "elementDataType": "", "bindDataType": "", "bindDataTypeProperty": null, "property": null, "childParams": [], "constraintType": null, "constraintValue": "", "constraintValueEn": "", "unitTypeCode": null, "unitTypeName": null, "noteCn": null, "noteEn": null, "flatten": false, "selectorType": null, "selection": null}]}, {"id": 1897802271589381, "code": "getFurnaceTemperature", "name": "\u8bfb\u53d6\u7ba1\u5f0f\u7089\u6e29\u5ea6", "noteCn": null, "noteEn": null, "translator": "default", "translatorArgs": {"url": "/api/lite-flow/liteflow-chain/executionMethod", "method": "POST"}, "recommend": null, "params": [{"paramCode": "chainName", "paramName": "chainName", "ioType": "CONSTANT", "dataType": "string", "value": null, "defaultValue": "methodExecute", "script": null, "required": 1, "advanced": null, "timeFlag": null, "elementDataType": null, "bindDataType": null, "bindDataTypeProperty": null, "property": null, "childParams": [], "constraintType": null, "constraintValue": "", "constraintValueEn": "", "unitTypeCode": null, "unitTypeName": null, "noteCn": null, "noteEn": null, "flatten": false, "selectorType": null, "selection": null}, {"paramCode": "ifAsynchronous", "paramName": "ifAsynchronous", "ioType": "CONSTANT", "dataType": "boolean", "value": null, "defaultValue": "true", "script": null, "required": 1, "advanced": null, "timeFlag": null, "elementDataType": "", "bindDataType": "", "bindDataTypeProperty": null, "property": null, "childParams": [], "constraintType": null, "constraintValue": "", "constraintValueEn": "", "unitTypeCode": null, "unitTypeName": null, "noteCn": null, "noteEn": null, "flatten": false, "selectorType": null, "selection": null}, {"paramCode": "sn", "paramName": "sn", "ioType": "CONSTANT", "dataType": "string", "value": null, "defaultValue": "W0C0E35088FF5C", "script": null, "required": 1, "advanced": null, "timeFlag": null, "elementDataType": null, "bindDataType": null, "bindDataTypeProperty": null, "property": null, "childParams": [], "constraintType": null, "constraintValue": "", "constraintValueEn": "", "unitTypeCode": null, "unitTypeName": null, "noteCn": null, "noteEn": null, "flatten": false, "selectorType": null, "selection": null}, {"paramCode": "method", "paramName": "method", "ioType": "CONSTANT", "dataType": "string", "value": null, "defaultValue": "getFurnaceTemperature", "script": null, "required": 1, "advanced": null, "timeFlag": null, "elementDataType": null, "bindDataType": null, "bindDataTypeProperty": null, "property": null, "childParams": [], "constraintType": null, "constraintValue": "", "constraintValueEn": "", "unitTypeCode": null, "unitTypeName": null, "noteCn": null, "noteEn": null, "flatten": false, "selectorType": null, "selection": null}]}, {"id": 1897802271589382, "code": "setChannelTemperature", "name": "\u8bbe\u7f6eT1\u5230T48\u7684\u6e29\u5ea6", "noteCn": null, "noteEn": null, "translator": "default", "translatorArgs": {"url": "/api/lite-flow/liteflow-chain/executionMethod", "method": "POST"}, "recommend": null, "params": [{"paramCode": "chainName", "paramName": "chainName", "ioType": "CONSTANT", "dataType": "string", "value": null, "defaultValue": "methodExecute", "script": null, "required": 1, "advanced": null, "timeFlag": null, "elementDataType": null, "bindDataType": null, "bindDataTypeProperty": null, "property": null, "childParams": [], "constraintType": null, "constraintValue": "", "constraintValueEn": "", "unitTypeCode": null, "unitTypeName": null, "noteCn": null, "noteEn": null, "flatten": false, "selectorType": null, "selection": null}, {"paramCode": "ifAsynchronous", "paramName": "ifAsynchronous", "ioType": "CONSTANT", "dataType": "boolean", "value": null, "defaultValue": "true", "script": null, "required": 1, "advanced": null, "timeFlag": null, "elementDataType": "", "bindDataType": "", "bindDataTypeProperty": null, "property": null, "childParams": [], "constraintType": null, "constraintValue": "", "constraintValueEn": "", "unitTypeCode": null, "unitTypeName": null, "noteCn": null, "noteEn": null, "flatten": false, "selectorType": null, "selection": null}, {"paramCode": "sn", "paramName": "sn", "ioType": "CONSTANT", "dataType": "string", "value": null, "defaultValue": "W0C0E35088FF5C", "script": null, "required": 1, "advanced": null, "timeFlag": null, "elementDataType": null, "bindDataType": null, "bindDataTypeProperty": null, "property": null, "childParams": [], "constraintType": null, "constraintValue": "", "constraintValueEn": "", "unitTypeCode": null, "unitTypeName": null, "noteCn": null, "noteEn": null, "flatten": false, "selectorType": null, "selection": null}, {"paramCode": "method", "paramName": "method", "ioType": "CONSTANT", "dataType": "string", "value": null, "defaultValue": "setChannelTemperature", "script": null, "required": 1, "advanced": null, "timeFlag": null, "elementDataType": null, "bindDataType": null, "bindDataTypeProperty": null, "property": null, "childParams": [], "constraintType": null, "constraintValue": "", "constraintValueEn": "", "unitTypeCode": null, "unitTypeName": null, "noteCn": null, "noteEn": null, "flatten": false, "selectorType": null, "selection": null}, {"paramCode": "channel", "paramName": "\u901a\u9053\u7ba1\u5f0f\u7089T1-T48", "ioType": "INPUT", "dataType": "int", "value": null, "defaultValue": "", "script": null, "required": 1, "advanced": null, "timeFlag": null, "elementDataType": "", "bindDataType": "", "bindDataTypeProperty": null, "property": null, "childParams": [], "constraintType": null, "constraintValue": "", "constraintValueEn": "", "unitTypeCode": null, "unitTypeName": null, "noteCn": null, "noteEn": null, "flatten": false, "selectorType": null, "selection": null}, {"paramCode": "celsius", "paramName": "\u6e29\u5ea6", "ioType": "INPUT", "dataType": "float", "value": null, "defaultValue": "", "script": null, "required": 1, "advanced": null, "timeFlag": null, "elementDataType": "", "bindDataType": "", "bindDataTypeProperty": null, "property": null, "childParams": [], "constraintType": null, "constraintValue": "", "constraintValueEn": "", "unitTypeCode": null, "unitTypeName": null, "noteCn": null, "noteEn": null, "flatten": false, "selectorType": null, "selection": null}]}, {"id": 1897802271589383, "code": "getChannelTemperature", "name": "\u8bfb\u53d6T1\u5230T48\u7684\u6e29\u5ea6\u8bbe\u7f6e", "noteCn": null, "noteEn": null, "translator": "default", "translatorArgs": {"url": "/api/lite-flow/liteflow-chain/executionMethod", "method": "POST"}, "recommend": null, "params": [{"paramCode": "chainName", "paramName": "chainName", "ioType": "CONSTANT", "dataType": "string", "value": null, "defaultValue": "methodExecute", "script": null, "required": 1, "advanced": null, "timeFlag": null, "elementDataType": null, "bindDataType": null, "bindDataTypeProperty": null, "property": null, "childParams": [], "constraintType": null, "constraintValue": "", "constraintValueEn": "", "unitTypeCode": null, "unitTypeName": null, "noteCn": null, "noteEn": null, "flatten": false, "selectorType": null, "selection": null}, {"paramCode": "ifAsynchronous", "paramName": "ifAsynchronous", "ioType": "CONSTANT", "dataType": "boolean", "value": null, "defaultValue": "true", "script": null, "required": 1, "advanced": null, "timeFlag": null, "elementDataType": "", "bindDataType": "", "bindDataTypeProperty": null, "property": null, "childParams": [], "constraintType": null, "constraintValue": "", "constraintValueEn": "", "unitTypeCode": null, "unitTypeName": null, "noteCn": null, "noteEn": null, "flatten": false, "selectorType": null, "selection": null}, {"paramCode": "sn", "paramName": "sn", "ioType": "CONSTANT", "dataType": "string", "value": null, "defaultValue": "W0C0E35088FF5C", "script": null, "required": 1, "advanced": null, "timeFlag": null, "elementDataType": null, "bindDataType": null, "bindDataTypeProperty": null, "property": null, "childParams": [], "constraintType": null, "constraintValue": "", "constraintValueEn": "", "unitTypeCode": null, "unitTypeName": null, "noteCn": null, "noteEn": null, "flatten": false, "selectorType": null, "selection": null}, {"paramCode": "method", "paramName": "method", "ioType": "CONSTANT", "dataType": "string", "value": null, "defaultValue": "getChannelTemperature", "script": null, "required": 1, "advanced": null, "timeFlag": null, "elementDataType": null, "bindDataType": null, "bindDataTypeProperty": null, "property": null, "childParams": [], "constraintType": null, "constraintValue": "", "constraintValueEn": "", "unitTypeCode": null, "unitTypeName": null, "noteCn": null, "noteEn": null, "flatten": false, "selectorType": null, "selection": null}]}, {"id": 1897802271589384, "code": "setChannelEnable", "name": "T1~T48\u4f7f\u80fd", "noteCn": null, "noteEn": null, "translator": "default", "translatorArgs": {"url": "/api/lite-flow/liteflow-chain/executionMethod", "method": "POST"}, "recommend": null, "params": [{"paramCode": "chainName", "paramName": "chainName", "ioType": "CONSTANT", "dataType": "string", "value": null, "defaultValue": "methodExecute", "script": null, "required": 1, "advanced": null, "timeFlag": null, "elementDataType": null, "bindDataType": null, "bindDataTypeProperty": null, "property": null, "childParams": [], "constraintType": null, "constraintValue": "", "constraintValueEn": "", "unitTypeCode": null, "unitTypeName": null, "noteCn": null, "noteEn": null, "flatten": false, "selectorType": null, "selection": null}, {"paramCode": "ifAsynchronous", "paramName": "ifAsynchronous", "ioType": "CONSTANT", "dataType": "boolean", "value": null, "defaultValue": "true", "script": null, "required": 1, "advanced": null, "timeFlag": null, "elementDataType": "", "bindDataType": "", "bindDataTypeProperty": null, "property": null, "childParams": [], "constraintType": null, "constraintValue": "", "constraintValueEn": "", "unitTypeCode": null, "unitTypeName": null, "noteCn": null, "noteEn": null, "flatten": false, "selectorType": null, "selection": null}, {"paramCode": "sn", "paramName": "sn", "ioType": "CONSTANT", "dataType": "string", "value": null, "defaultValue": "W0C0E35088FF5C", "script": null, "required": 1, "advanced": null, "timeFlag": null, "elementDataType": null, "bindDataType": null, "bindDataTypeProperty": null, "property": null, "childParams": [], "constraintType": null, "constraintValue": "", "constraintValueEn": "", "unitTypeCode": null, "unitTypeName": null, "noteCn": null, "noteEn": null, "flatten": false, "selectorType": null, "selection": null}, {"paramCode": "method", "paramName": "method", "ioType": "CONSTANT", "dataType": "string", "value": null, "defaultValue": "setChannelEnable", "script": null, "required": 1, "advanced": null, "timeFlag": null, "elementDataType": null, "bindDataType": null, "bindDataTypeProperty": null, "property": null, "childParams": [], "constraintType": null, "constraintValue": "", "constraintValueEn": "", "unitTypeCode": null, "unitTypeName": null, "noteCn": null, "noteEn": null, "flatten": false, "selectorType": null, "selection": null}, {"paramCode": "channel", "paramName": "\u901a\u9053T1-T48", "ioType": "INPUT", "dataType": "int", "value": null, "defaultValue": "", "script": null, "required": 1, "advanced": null, "timeFlag": null, "elementDataType": "", "bindDataType": "", "bindDataTypeProperty": null, "property": null, "childParams": [], "constraintType": null, "constraintValue": "", "constraintValueEn": "", "unitTypeCode": null, "unitTypeName": null, "noteCn": null, "noteEn": null, "flatten": false, "selectorType": null, "selection": null}, {"paramCode": "enable", "paramName": "\u4f7f\u80fd", "ioType": "INPUT", "dataType": "boolean", "value": null, "defaultValue": "", "script": null, "required": 1, "advanced": null, "timeFlag": null, "elementDataType": "", "bindDataType": "", "bindDataTypeProperty": null, "property": null, "childParams": [], "constraintType": null, "constraintValue": "", "constraintValueEn": "", "unitTypeCode": null, "unitTypeName": null, "noteCn": null, "noteEn": null, "flatten": false, "selectorType": null, "selection": null}]}, {"id": 1897802271589385, "code": "getChannelPower", "name": "\u83b7\u53d6T1\u5230T48\u7684\u4f7f\u80fd", "noteCn": null, "noteEn": null, "translator": "default", "translatorArgs": {"url": "/api/lite-flow/liteflow-chain/executionMethod", "method": "POST"}, "recommend": null, "params": [{"paramCode": "chainName", "paramName": "chainName", "ioType": "CONSTANT", "dataType": "string", "value": null, "defaultValue": "methodExecute", "script": null, "required": 1, "advanced": null, "timeFlag": null, "elementDataType": null, "bindDataType": null, "bindDataTypeProperty": null, "property": null, "childParams": [], "constraintType": null, "constraintValue": "", "constraintValueEn": "", "unitTypeCode": null, "unitTypeName": null, "noteCn": null, "noteEn": null, "flatten": false, "selectorType": null, "selection": null}, {"paramCode": "ifAsynchronous", "paramName": "ifAsynchronous", "ioType": "CONSTANT", "dataType": "boolean", "value": null, "defaultValue": "true", "script": null, "required": 1, "advanced": null, "timeFlag": null, "elementDataType": "", "bindDataType": "", "bindDataTypeProperty": null, "property": null, "childParams": [], "constraintType": null, "constraintValue": "", "constraintValueEn": "", "unitTypeCode": null, "unitTypeName": null, "noteCn": null, "noteEn": null, "flatten": false, "selectorType": null, "selection": null}, {"paramCode": "sn", "paramName": "sn", "ioType": "CONSTANT", "dataType": "string", "value": null, "defaultValue": "W0C0E35088FF5C", "script": null, "required": 1, "advanced": null, "timeFlag": null, "elementDataType": null, "bindDataType": null, "bindDataTypeProperty": null, "property": null, "childParams": [], "constraintType": null, "constraintValue": "", "constraintValueEn": "", "unitTypeCode": null, "unitTypeName": null, "noteCn": null, "noteEn": null, "flatten": false, "selectorType": null, "selection": null}, {"paramCode": "method", "paramName": "method", "ioType": "CONSTANT", "dataType": "string", "value": null, "defaultValue": "getChannelPower", "script": null, "required": 1, "advanced": null, "timeFlag": null, "elementDataType": null, "bindDataType": null, "bindDataTypeProperty": null, "property": null, "childParams": [], "constraintType": null, "constraintValue": "", "constraintValueEn": "", "unitTypeCode": null, "unitTypeName": null, "noteCn": null, "noteEn": null, "flatten": false, "selectorType": null, "selection": null}, {"paramCode": "channel", "paramName": "\u901a\u9053T1-T48", "ioType": "INPUT", "dataType": "int", "value": null, "defaultValue": "", "script": null, "required": 1, "advanced": null, "timeFlag": null, "elementDataType": "", "bindDataType": "", "bindDataTypeProperty": null, "property": null, "childParams": [], "constraintType": null, "constraintValue": "", "constraintValueEn": "", "unitTypeCode": null, "unitTypeName": null, "noteCn": null, "noteEn": null, "flatten": false, "selectorType": null, "selection": null}]}, {"id": 1897802271589386, "code": "setValveEnable", "name": "ALD\u96001\u5230\u960024\u4f7f\u80fd", "noteCn": null, "noteEn": null, "translator": "default", "translatorArgs": {"url": "/api/lite-flow/liteflow-chain/executionMethod", "method": "POST"}, "recommend": null, "params": [{"paramCode": "chainName", "paramName": "chainName", "ioType": "CONSTANT", "dataType": "string", "value": null, "defaultValue": "methodExecute", "script": null, "required": 1, "advanced": null, "timeFlag": null, "elementDataType": null, "bindDataType": null, "bindDataTypeProperty": null, "property": null, "childParams": [], "constraintType": null, "constraintValue": "", "constraintValueEn": "", "unitTypeCode": null, "unitTypeName": null, "noteCn": null, "noteEn": null, "flatten": false, "selectorType": null, "selection": null}, {"paramCode": "ifAsynchronous", "paramName": "ifAsynchronous", "ioType": "CONSTANT", "dataType": "boolean", "value": null, "defaultValue": "true", "script": null, "required": 1, "advanced": null, "timeFlag": null, "elementDataType": "", "bindDataType": "", "bindDataTypeProperty": null, "property": null, "childParams": [], "constraintType": null, "constraintValue": "", "constraintValueEn": "", "unitTypeCode": null, "unitTypeName": null, "noteCn": null, "noteEn": null, "flatten": false, "selectorType": null, "selection": null}, {"paramCode": "sn", "paramName": "sn", "ioType": "CONSTANT", "dataType": "string", "value": null, "defaultValue": "W0C0E35088FF5C", "script": null, "required": 1, "advanced": null, "timeFlag": null, "elementDataType": null, "bindDataType": null, "bindDataTypeProperty": null, "property": null, "childParams": [], "constraintType": null, "constraintValue": "", "constraintValueEn": "", "unitTypeCode": null, "unitTypeName": null, "noteCn": null, "noteEn": null, "flatten": false, "selectorType": null, "selection": null}, {"paramCode": "method", "paramName": "method", "ioType": "CONSTANT", "dataType": "string", "value": null, "defaultValue": "setValveEnable", "script": null, "required": 1, "advanced": null, "timeFlag": null, "elementDataType": null, "bindDataType": null, "bindDataTypeProperty": null, "property": null, "childParams": [], "constraintType": null, "constraintValue": "", "constraintValueEn": "", "unitTypeCode": null, "unitTypeName": null, "noteCn": null, "noteEn": null, "flatten": false, "selectorType": null, "selection": null}, {"paramCode": "valve", "paramName": "ALD\u9600\u51e0", "ioType": "INPUT", "dataType": "int", "value": null, "defaultValue": "", "script": null, "required": 1, "advanced": null, "timeFlag": null, "elementDataType": "", "bindDataType": "", "bindDataTypeProperty": null, "property": null, "childParams": [], "constraintType": null, "constraintValue": "", "constraintValueEn": "", "unitTypeCode": null, "unitTypeName": null, "noteCn": null, "noteEn": null, "flatten": false, "selectorType": null, "selection": null}, {"paramCode": "enable", "paramName": "\u5f00\u542f\u6216\u8005\u662f\u5173\u95ed", "ioType": "INPUT", "dataType": "boolean", "value": null, "defaultValue": "", "script": null, "required": 1, "advanced": null, "timeFlag": null, "elementDataType": "", "bindDataType": "", "bindDataTypeProperty": null, "property": null, "childParams": [], "constraintType": null, "constraintValue": "", "constraintValueEn": "", "unitTypeCode": null, "unitTypeName": null, "noteCn": null, "noteEn": null, "flatten": false, "selectorType": null, "selection": null}]}, {"id": 1897802271589387, "code": "setValvePulseTime", "name": "ALD\u96001~\u960024\u8109\u51b2\u5bbd\u5ea6(\u65f6\u95f4)", "noteCn": null, "noteEn": null, "translator": "default", "translatorArgs": {"url": "/api/lite-flow/liteflow-chain/executionMethod", "method": "POST"}, "recommend": null, "params": [{"paramCode": "chainName", "paramName": "chainName", "ioType": "CONSTANT", "dataType": "string", "value": null, "defaultValue": "methodExecute", "script": null, "required": 1, "advanced": null, "timeFlag": null, "elementDataType": null, "bindDataType": null, "bindDataTypeProperty": null, "property": null, "childParams": [], "constraintType": null, "constraintValue": "", "constraintValueEn": "", "unitTypeCode": null, "unitTypeName": null, "noteCn": null, "noteEn": null, "flatten": false, "selectorType": null, "selection": null}, {"paramCode": "ifAsynchronous", "paramName": "ifAsynchronous", "ioType": "CONSTANT", "dataType": "boolean", "value": null, "defaultValue": "true", "script": null, "required": 1, "advanced": null, "timeFlag": null, "elementDataType": "", "bindDataType": "", "bindDataTypeProperty": null, "property": null, "childParams": [], "constraintType": null, "constraintValue": "", "constraintValueEn": "", "unitTypeCode": null, "unitTypeName": null, "noteCn": null, "noteEn": null, "flatten": false, "selectorType": null, "selection": null}, {"paramCode": "sn", "paramName": "sn", "ioType": "CONSTANT", "dataType": "string", "value": null, "defaultValue": "W0C0E35088FF5C", "script": null, "required": 1, "advanced": null, "timeFlag": null, "elementDataType": null, "bindDataType": null, "bindDataTypeProperty": null, "property": null, "childParams": [], "constraintType": null, "constraintValue": "", "constraintValueEn": "", "unitTypeCode": null, "unitTypeName": null, "noteCn": null, "noteEn": null, "flatten": false, "selectorType": null, "selection": null}, {"paramCode": "method", "paramName": "method", "ioType": "CONSTANT", "dataType": "string", "value": null, "defaultValue": "setValvePulseTime", "script": null, "required": 1, "advanced": null, "timeFlag": null, "elementDataType": null, "bindDataType": null, "bindDataTypeProperty": null, "property": null, "childParams": [], "constraintType": null, "constraintValue": "", "constraintValueEn": "", "unitTypeCode": null, "unitTypeName": null, "noteCn": null, "noteEn": null, "flatten": false, "selectorType": null, "selection": null}, {"paramCode": "valve", "paramName": "ALD\u9600\u51e0", "ioType": "INPUT", "dataType": "int", "value": null, "defaultValue": "", "script": null, "required": 1, "advanced": null, "timeFlag": null, "elementDataType": "", "bindDataType": "", "bindDataTypeProperty": null, "property": null, "childParams": [], "constraintType": null, "constraintValue": "", "constraintValueEn": "", "unitTypeCode": null, "unitTypeName": null, "noteCn": null, "noteEn": null, "flatten": false, "selectorType": null, "selection": null}, {"paramCode": "milliseconds", "paramName": "\u8bbe\u7f6e\u7684\u8109\u51b2\u65f6\u95f4 \u6beb\u79d2", "ioType": "INPUT", "dataType": "int", "value": null, "defaultValue": "", "script": null, "required": 1, "advanced": null, "timeFlag": null, "elementDataType": "", "bindDataType": "", "bindDataTypeProperty": null, "property": null, "childParams": [], "constraintType": null, "constraintValue": "", "constraintValueEn": "", "unitTypeCode": null, "unitTypeName": null, "noteCn": null, "noteEn": null, "flatten": false, "selectorType": null, "selection": null}]}, {"id": 1897802271589388, "code": "triggerValvePulse", "name": "ALD\u96001~\u960024\u8109\u51b2\u4f7f\u80fd", "noteCn": null, "noteEn": null, "translator": "default", "translatorArgs": {"url": "/api/lite-flow/liteflow-chain/executionMethod", "method": "POST"}, "recommend": null, "params": [{"paramCode": "chainName", "paramName": "chainName", "ioType": "CONSTANT", "dataType": "string", "value": null, "defaultValue": "methodExecute", "script": null, "required": 1, "advanced": null, "timeFlag": null, "elementDataType": null, "bindDataType": null, "bindDataTypeProperty": null, "property": null, "childParams": [], "constraintType": null, "constraintValue": "", "constraintValueEn": "", "unitTypeCode": null, "unitTypeName": null, "noteCn": null, "noteEn": null, "flatten": false, "selectorType": null, "selection": null}, {"paramCode": "ifAsynchronous", "paramName": "ifAsynchronous", "ioType": "CONSTANT", "dataType": "boolean", "value": null, "defaultValue": "true", "script": null, "required": 1, "advanced": null, "timeFlag": null, "elementDataType": "", "bindDataType": "", "bindDataTypeProperty": null, "property": null, "childParams": [], "constraintType": null, "constraintValue": "", "constraintValueEn": "", "unitTypeCode": null, "unitTypeName": null, "noteCn": null, "noteEn": null, "flatten": false, "selectorType": null, "selection": null}, {"paramCode": "sn", "paramName": "sn", "ioType": "CONSTANT", "dataType": "string", "value": null, "defaultValue": "W0C0E35088FF5C", "script": null, "required": 1, "advanced": null, "timeFlag": null, "elementDataType": null, "bindDataType": null, "bindDataTypeProperty": null, "property": null, "childParams": [], "constraintType": null, "constraintValue": "", "constraintValueEn": "", "unitTypeCode": null, "unitTypeName": null, "noteCn": null, "noteEn": null, "flatten": false, "selectorType": null, "selection": null}, {"paramCode": "method", "paramName": "method", "ioType": "CONSTANT", "dataType": "string", "value": null, "defaultValue": "triggerValvePulse", "script": null, "required": 1, "advanced": null, "timeFlag": null, "elementDataType": null, "bindDataType": null, "bindDataTypeProperty": null, "property": null, "childParams": [], "constraintType": null, "constraintValue": "", "constraintValueEn": "", "unitTypeCode": null, "unitTypeName": null, "noteCn": null, "noteEn": null, "flatten": false, "selectorType": null, "selection": null}, {"paramCode": "valve", "paramName": "ALD\u9600\u51e0", "ioType": "INPUT", "dataType": "int", "value": null, "defaultValue": "", "script": null, "required": 1, "advanced": null, "timeFlag": null, "elementDataType": "", "bindDataType": "", "bindDataTypeProperty": null, "property": null, "childParams": [], "constraintType": null, "constraintValue": "", "constraintValueEn": "", "unitTypeCode": null, "unitTypeName": null, "noteCn": null, "noteEn": null, "flatten": false, "selectorType": null, "selection": null}]}, {"id": 1897802271589389, "code": "setMfcFlow", "name": "\u8bbe\u7f6e\u6d41\u91cf\u8ba1MFC1~MFC8\u7684\u6d41\u91cf", "noteCn": null, "noteEn": null, "translator": "default", "translatorArgs": {"url": "/api/lite-flow/liteflow-chain/executionMethod", "method": "POST"}, "recommend": null, "params": [{"paramCode": "chainName", "paramName": "chainName", "ioType": "CONSTANT", "dataType": "string", "value": null, "defaultValue": "methodExecute", "script": null, "required": 1, "advanced": null, "timeFlag": null, "elementDataType": null, "bindDataType": null, "bindDataTypeProperty": null, "property": null, "childParams": [], "constraintType": null, "constraintValue": "", "constraintValueEn": "", "unitTypeCode": null, "unitTypeName": null, "noteCn": null, "noteEn": null, "flatten": false, "selectorType": null, "selection": null}, {"paramCode": "ifAsynchronous", "paramName": "ifAsynchronous", "ioType": "CONSTANT", "dataType": "boolean", "value": null, "defaultValue": "true", "script": null, "required": 1, "advanced": null, "timeFlag": null, "elementDataType": "", "bindDataType": "", "bindDataTypeProperty": null, "property": null, "childParams": [], "constraintType": null, "constraintValue": "", "constraintValueEn": "", "unitTypeCode": null, "unitTypeName": null, "noteCn": null, "noteEn": null, "flatten": false, "selectorType": null, "selection": null}, {"paramCode": "sn", "paramName": "sn", "ioType": "CONSTANT", "dataType": "string", "value": null, "defaultValue": "W0C0E35088FF5C", "script": null, "required": 1, "advanced": null, "timeFlag": null, "elementDataType": null, "bindDataType": null, "bindDataTypeProperty": null, "property": null, "childParams": [], "constraintType": null, "constraintValue": "", "constraintValueEn": "", "unitTypeCode": null, "unitTypeName": null, "noteCn": null, "noteEn": null, "flatten": false, "selectorType": null, "selection": null}, {"paramCode": "method", "paramName": "method", "ioType": "CONSTANT", "dataType": "string", "value": null, "defaultValue": "setMfcFlow", "script": null, "required": 1, "advanced": null, "timeFlag": null, "elementDataType": null, "bindDataType": null, "bindDataTypeProperty": null, "property": null, "childParams": [], "constraintType": null, "constraintValue": "", "constraintValueEn": "", "unitTypeCode": null, "unitTypeName": null, "noteCn": null, "noteEn": null, "flatten": false, "selectorType": null, "selection": null}, {"paramCode": "mfc", "paramName": "MFC\u51e0", "ioType": "INPUT", "dataType": "int", "value": null, "defaultValue": "", "script": null, "required": 1, "advanced": null, "timeFlag": null, "elementDataType": "", "bindDataType": "", "bindDataTypeProperty": null, "property": null, "childParams": [], "constraintType": null, "constraintValue": "", "constraintValueEn": "", "unitTypeCode": null, "unitTypeName": null, "noteCn": null, "noteEn": null, "flatten": false, "selectorType": null, "selection": null}, {"paramCode": "sccm", "paramName": "\u8bbe\u7f6e\u7684\u6d41\u91cf", "ioType": "INPUT", "dataType": "int", "value": null, "defaultValue": "", "script": null, "required": 1, "advanced": null, "timeFlag": null, "elementDataType": "", "bindDataType": "", "bindDataTypeProperty": null, "property": null, "childParams": [], "constraintType": null, "constraintValue": "", "constraintValueEn": "", "unitTypeCode": null, "unitTypeName": null, "noteCn": null, "noteEn": null, "flatten": false, "selectorType": null, "selection": null}]}, {"id": 1897802271589390, "code": "getMfcActualFlow", "name": "\u8bfb\u53d6\u6d41\u91cf\u8ba1MFC1~MFC8\u7684\u5b9e\u9645\u6d41\u91cf", "noteCn": null, "noteEn": null, "translator": "default", "translatorArgs": {"url": "/api/lite-flow/liteflow-chain/executionMethod", "method": "POST"}, "recommend": null, "params": [{"paramCode": "chainName", "paramName": "chainName", "ioType": "CONSTANT", "dataType": "string", "value": null, "defaultValue": "methodExecute", "script": null, "required": 1, "advanced": null, "timeFlag": null, "elementDataType": null, "bindDataType": null, "bindDataTypeProperty": null, "property": null, "childParams": [], "constraintType": null, "constraintValue": "", "constraintValueEn": "", "unitTypeCode": null, "unitTypeName": null, "noteCn": null, "noteEn": null, "flatten": false, "selectorType": null, "selection": null}, {"paramCode": "ifAsynchronous", "paramName": "ifAsynchronous", "ioType": "CONSTANT", "dataType": "boolean", "value": null, "defaultValue": "true", "script": null, "required": 1, "advanced": null, "timeFlag": null, "elementDataType": "", "bindDataType": "", "bindDataTypeProperty": null, "property": null, "childParams": [], "constraintType": null, "constraintValue": "", "constraintValueEn": "", "unitTypeCode": null, "unitTypeName": null, "noteCn": null, "noteEn": null, "flatten": false, "selectorType": null, "selection": null}, {"paramCode": "sn", "paramName": "sn", "ioType": "CONSTANT", "dataType": "string", "value": null, "defaultValue": "W0C0E35088FF5C", "script": null, "required": 1, "advanced": null, "timeFlag": null, "elementDataType": null, "bindDataType": null, "bindDataTypeProperty": null, "property": null, "childParams": [], "constraintType": null, "constraintValue": "", "constraintValueEn": "", "unitTypeCode": null, "unitTypeName": null, "noteCn": null, "noteEn": null, "flatten": false, "selectorType": null, "selection": null}, {"paramCode": "method", "paramName": "method", "ioType": "CONSTANT", "dataType": "string", "value": null, "defaultValue": "setMfcFlow", "script": null, "required": 1, "advanced": null, "timeFlag": null, "elementDataType": null, "bindDataType": null, "bindDataTypeProperty": null, "property": null, "childParams": [], "constraintType": null, "constraintValue": "", "constraintValueEn": "", "unitTypeCode": null, "unitTypeName": null, "noteCn": null, "noteEn": null, "flatten": false, "selectorType": null, "selection": null}, {"paramCode": "mfc", "paramName": "MFC\u51e0", "ioType": "INPUT", "dataType": "int", "value": null, "defaultValue": "", "script": null, "required": 1, "advanced": null, "timeFlag": null, "elementDataType": "", "bindDataType": "", "bindDataTypeProperty": null, "property": null, "childParams": [], "constraintType": null, "constraintValue": "", "constraintValueEn": "", "unitTypeCode": null, "unitTypeName": null, "noteCn": null, "noteEn": null, "flatten": false, "selectorType": null, "selection": null}]}, {"id": 1897802271589391, "code": "setMfcFlowZeroPointCalibration", "name": "\u6d41\u91cf\u8ba1MFC1~MFC8\u96f6\u70b9\u6821\u51c6  enable false\u65f6\u8bbe\u7f6e\u6d41\u91cf\u65e0\u6548,true\u65f6\u8bbe\u7f6e\u6d41\u91cf\u6709\u6548", "noteCn": null, "noteEn": null, "translator": "default", "translatorArgs": {"url": "/api/lite-flow/liteflow-chain/executionMethod", "method": "POST"}, "recommend": null, "params": [{"paramCode": "chainName", "paramName": "chainName", "ioType": "CONSTANT", "dataType": "string", "value": null, "defaultValue": "methodExecute", "script": null, "required": 1, "advanced": null, "timeFlag": null, "elementDataType": null, "bindDataType": null, "bindDataTypeProperty": null, "property": null, "childParams": [], "constraintType": null, "constraintValue": "", "constraintValueEn": "", "unitTypeCode": null, "unitTypeName": null, "noteCn": null, "noteEn": null, "flatten": false, "selectorType": null, "selection": null}, {"paramCode": "ifAsynchronous", "paramName": "ifAsynchronous", "ioType": "CONSTANT", "dataType": "boolean", "value": null, "defaultValue": "true", "script": null, "required": 1, "advanced": null, "timeFlag": null, "elementDataType": "", "bindDataType": "", "bindDataTypeProperty": null, "property": null, "childParams": [], "constraintType": null, "constraintValue": "", "constraintValueEn": "", "unitTypeCode": null, "unitTypeName": null, "noteCn": null, "noteEn": null, "flatten": false, "selectorType": null, "selection": null}, {"paramCode": "sn", "paramName": "sn", "ioType": "CONSTANT", "dataType": "string", "value": null, "defaultValue": "W0C0E35088FF5C", "script": null, "required": 1, "advanced": null, "timeFlag": null, "elementDataType": null, "bindDataType": null, "bindDataTypeProperty": null, "property": null, "childParams": [], "constraintType": null, "constraintValue": "", "constraintValueEn": "", "unitTypeCode": null, "unitTypeName": null, "noteCn": null, "noteEn": null, "flatten": false, "selectorType": null, "selection": null}, {"paramCode": "method", "paramName": "method", "ioType": "CONSTANT", "dataType": "string", "value": null, "defaultValue": "setMfcFlowZeroPointCalibration", "script": null, "required": 1, "advanced": null, "timeFlag": null, "elementDataType": null, "bindDataType": null, "bindDataTypeProperty": null, "property": null, "childParams": [], "constraintType": null, "constraintValue": "", "constraintValueEn": "", "unitTypeCode": null, "unitTypeName": null, "noteCn": null, "noteEn": null, "flatten": false, "selectorType": null, "selection": null}, {"paramCode": "mfc", "paramName": "mfc", "ioType": "INPUT", "dataType": "int", "value": null, "defaultValue": "", "script": null, "required": 1, "advanced": null, "timeFlag": null, "elementDataType": "", "bindDataType": "", "bindDataTypeProperty": null, "property": null, "childParams": [], "constraintType": null, "constraintValue": "", "constraintValueEn": "", "unitTypeCode": null, "unitTypeName": null, "noteCn": null, "noteEn": null, "flatten": false, "selectorType": null, "selection": null}, {"paramCode": "enable", "paramName": "\u8bbe\u7f6e\u6d41\u91cf\u662f\u5426\u6709\u6548", "ioType": "INPUT", "dataType": "boolean", "value": null, "defaultValue": "", "script": null, "required": 1, "advanced": null, "timeFlag": null, "elementDataType": "", "bindDataType": "", "bindDataTypeProperty": null, "property": null, "childParams": [], "constraintType": null, "constraintValue": "", "constraintValueEn": "", "unitTypeCode": null, "unitTypeName": null, "noteCn": null, "noteEn": null, "flatten": false, "selectorType": null, "selection": null}]}, {"id": 1897802271589392, "code": "getVacuumPressure", "name": "\u83b7\u53d6\u771f\u7a7a\u538b\u529b", "noteCn": null, "noteEn": null, "translator": "default", "translatorArgs": {"url": "/api/lite-flow/liteflow-chain/executionMethod", "method": "POST"}, "recommend": null, "params": [{"paramCode": "chainName", "paramName": "chainName", "ioType": "CONSTANT", "dataType": "string", "value": null, "defaultValue": "methodExecute", "script": null, "required": 1, "advanced": null, "timeFlag": null, "elementDataType": null, "bindDataType": null, "bindDataTypeProperty": null, "property": null, "childParams": [], "constraintType": null, "constraintValue": "", "constraintValueEn": "", "unitTypeCode": null, "unitTypeName": null, "noteCn": null, "noteEn": null, "flatten": false, "selectorType": null, "selection": null}, {"paramCode": "ifAsynchronous", "paramName": "ifAsynchronous", "ioType": "CONSTANT", "dataType": "boolean", "value": null, "defaultValue": "true", "script": null, "required": 1, "advanced": null, "timeFlag": null, "elementDataType": "", "bindDataType": "", "bindDataTypeProperty": null, "property": null, "childParams": [], "constraintType": null, "constraintValue": "", "constraintValueEn": "", "unitTypeCode": null, "unitTypeName": null, "noteCn": null, "noteEn": null, "flatten": false, "selectorType": null, "selection": null}, {"paramCode": "sn", "paramName": "sn", "ioType": "CONSTANT", "dataType": "string", "value": null, "defaultValue": "W0C0E35088FF5C", "script": null, "required": 1, "advanced": null, "timeFlag": null, "elementDataType": null, "bindDataType": null, "bindDataTypeProperty": null, "property": null, "childParams": [], "constraintType": null, "constraintValue": "", "constraintValueEn": "", "unitTypeCode": null, "unitTypeName": null, "noteCn": null, "noteEn": null, "flatten": false, "selectorType": null, "selection": null}, {"paramCode": "method", "paramName": "method", "ioType": "CONSTANT", "dataType": "string", "value": null, "defaultValue": "getVacuumPressure", "script": null, "required": 1, "advanced": null, "timeFlag": null, "elementDataType": null, "bindDataType": null, "bindDataTypeProperty": null, "property": null, "childParams": [], "constraintType": null, "constraintValue": "", "constraintValueEn": "", "unitTypeCode": null, "unitTypeName": null, "noteCn": null, "noteEn": null, "flatten": false, "selectorType": null, "selection": null}]}, {"id": 1897802271589393, "code": "getAlarmStatus", "name": "\u83b7\u53d6\u544a\u8b66\u72b6\u6001", "noteCn": null, "noteEn": null, "translator": "default", "translatorArgs": {"url": "/api/lite-flow/liteflow-chain/executionMethod", "method": "POST"}, "recommend": null, "params": [{"paramCode": "chainName", "paramName": "chainName", "ioType": "CONSTANT", "dataType": "string", "value": null, "defaultValue": "methodExecute", "script": null, "required": 1, "advanced": null, "timeFlag": null, "elementDataType": null, "bindDataType": null, "bindDataTypeProperty": null, "property": null, "childParams": [], "constraintType": null, "constraintValue": "", "constraintValueEn": "", "unitTypeCode": null, "unitTypeName": null, "noteCn": null, "noteEn": null, "flatten": false, "selectorType": null, "selection": null}, {"paramCode": "ifAsynchronous", "paramName": "ifAsynchronous", "ioType": "CONSTANT", "dataType": "boolean", "value": null, "defaultValue": "true", "script": null, "required": 1, "advanced": null, "timeFlag": null, "elementDataType": "", "bindDataType": "", "bindDataTypeProperty": null, "property": null, "childParams": [], "constraintType": null, "constraintValue": "", "constraintValueEn": "", "unitTypeCode": null, "unitTypeName": null, "noteCn": null, "noteEn": null, "flatten": false, "selectorType": null, "selection": null}, {"paramCode": "sn", "paramName": "sn", "ioType": "CONSTANT", "dataType": "string", "value": null, "defaultValue": "W0C0E35088FF5C", "script": null, "required": 1, "advanced": null, "timeFlag": null, "elementDataType": null, "bindDataType": null, "bindDataTypeProperty": null, "property": null, "childParams": [], "constraintType": null, "constraintValue": "", "constraintValueEn": "", "unitTypeCode": null, "unitTypeName": null, "noteCn": null, "noteEn": null, "flatten": false, "selectorType": null, "selection": null}, {"paramCode": "method", "paramName": "method", "ioType": "CONSTANT", "dataType": "string", "value": null, "defaultValue": "getAlarmStatus", "script": null, "required": 1, "advanced": null, "timeFlag": null, "elementDataType": null, "bindDataType": null, "bindDataTypeProperty": null, "property": null, "childParams": [], "constraintType": null, "constraintValue": "", "constraintValueEn": "", "unitTypeCode": null, "unitTypeName": null, "noteCn": null, "noteEn": null, "flatten": false, "selectorType": null, "selection": null}]}, {"id": 1897802271589394, "code": "transmitterPower", "name": "\u8bbe\u7f6e\u81ed\u6c27\u53d1\u751f\u5668\u529f\u7387", "noteCn": null, "noteEn": null, "translator": "default", "translatorArgs": {"url": "/api/lite-flow/liteflow-chain/executionMethod", "method": "POST"}, "recommend": null, "params": [{"paramCode": "chainName", "paramName": "chainName", "ioType": "CONSTANT", "dataType": "string", "value": null, "defaultValue": "methodExecute", "script": null, "required": 1, "advanced": null, "timeFlag": null, "elementDataType": null, "bindDataType": null, "bindDataTypeProperty": null, "property": null, "childParams": [], "constraintType": null, "constraintValue": "", "constraintValueEn": "", "unitTypeCode": null, "unitTypeName": null, "noteCn": null, "noteEn": null, "flatten": false, "selectorType": null, "selection": null}, {"paramCode": "ifAsynchronous", "paramName": "ifAsynchronous", "ioType": "CONSTANT", "dataType": "boolean", "value": null, "defaultValue": "true", "script": null, "required": 1, "advanced": null, "timeFlag": null, "elementDataType": "", "bindDataType": "", "bindDataTypeProperty": null, "property": null, "childParams": [], "constraintType": null, "constraintValue": "", "constraintValueEn": "", "unitTypeCode": null, "unitTypeName": null, "noteCn": null, "noteEn": null, "flatten": false, "selectorType": null, "selection": null}, {"paramCode": "sn", "paramName": "sn", "ioType": "CONSTANT", "dataType": "string", "value": null, "defaultValue": "W0C0E35088FF5C", "script": null, "required": 1, "advanced": null, "timeFlag": null, "elementDataType": null, "bindDataType": null, "bindDataTypeProperty": null, "property": null, "childParams": [], "constraintType": null, "constraintValue": "", "constraintValueEn": "", "unitTypeCode": null, "unitTypeName": null, "noteCn": null, "noteEn": null, "flatten": false, "selectorType": null, "selection": null}, {"paramCode": "method", "paramName": "method", "ioType": "CONSTANT", "dataType": "string", "value": null, "defaultValue": "transmitterPower", "script": null, "required": 1, "advanced": null, "timeFlag": null, "elementDataType": null, "bindDataType": null, "bindDataTypeProperty": null, "property": null, "childParams": [], "constraintType": null, "constraintValue": "", "constraintValueEn": "", "unitTypeCode": null, "unitTypeName": null, "noteCn": null, "noteEn": null, "flatten": false, "selectorType": null, "selection": null}, {"paramCode": "power", "paramName": "power", "ioType": "INPUT", "dataType": "int", "value": null, "defaultValue": "", "script": null, "required": 1, "advanced": null, "timeFlag": null, "elementDataType": "", "bindDataType": "", "bindDataTypeProperty": null, "property": null, "childParams": [], "constraintType": null, "constraintValue": "", "constraintValueEn": "", "unitTypeCode": null, "unitTypeName": null, "noteCn": null, "noteEn": null, "flatten": false, "selectorType": null, "selection": null}]}, {"id": 1897802271589395, "code": "ozoneGeneratorEnable", "name": "\u8bbe\u7f6e\u81ed\u6c27\u53d1\u751f\u5668\u4f7f\u80fd", "noteCn": null, "noteEn": null, "translator": "default", "translatorArgs": {"url": "/api/lite-flow/liteflow-chain/executionMethod", "method": "POST"}, "recommend": null, "params": [{"paramCode": "chainName", "paramName": "chainName", "ioType": "CONSTANT", "dataType": "string", "value": null, "defaultValue": "methodExecute", "script": null, "required": 1, "advanced": null, "timeFlag": null, "elementDataType": null, "bindDataType": null, "bindDataTypeProperty": null, "property": null, "childParams": [], "constraintType": null, "constraintValue": "", "constraintValueEn": "", "unitTypeCode": null, "unitTypeName": null, "noteCn": null, "noteEn": null, "flatten": false, "selectorType": null, "selection": null}, {"paramCode": "ifAsynchronous", "paramName": "ifAsynchronous", "ioType": "CONSTANT", "dataType": "boolean", "value": null, "defaultValue": "true", "script": null, "required": 1, "advanced": null, "timeFlag": null, "elementDataType": "", "bindDataType": "", "bindDataTypeProperty": null, "property": null, "childParams": [], "constraintType": null, "constraintValue": "", "constraintValueEn": "", "unitTypeCode": null, "unitTypeName": null, "noteCn": null, "noteEn": null, "flatten": false, "selectorType": null, "selection": null}, {"paramCode": "sn", "paramName": "sn", "ioType": "CONSTANT", "dataType": "string", "value": null, "defaultValue": "W0C0E35088FF5C", "script": null, "required": 1, "advanced": null, "timeFlag": null, "elementDataType": null, "bindDataType": null, "bindDataTypeProperty": null, "property": null, "childParams": [], "constraintType": null, "constraintValue": "", "constraintValueEn": "", "unitTypeCode": null, "unitTypeName": null, "noteCn": null, "noteEn": null, "flatten": false, "selectorType": null, "selection": null}, {"paramCode": "method", "paramName": "method", "ioType": "CONSTANT", "dataType": "string", "value": null, "defaultValue": "ozoneGeneratorEnable", "script": null, "required": 1, "advanced": null, "timeFlag": null, "elementDataType": null, "bindDataType": null, "bindDataTypeProperty": null, "property": null, "childParams": [], "constraintType": null, "constraintValue": "", "constraintValueEn": "", "unitTypeCode": null, "unitTypeName": null, "noteCn": null, "noteEn": null, "flatten": false, "selectorType": null, "selection": null}, {"paramCode": "enable", "paramName": "enable", "ioType": "INPUT", "dataType": "boolean", "value": null, "defaultValue": "", "script": null, "required": 1, "advanced": null, "timeFlag": null, "elementDataType": "", "bindDataType": "", "bindDataTypeProperty": null, "property": null, "childParams": [], "constraintType": null, "constraintValue": "", "constraintValueEn": "", "unitTypeCode": null, "unitTypeName": null, "noteCn": null, "noteEn": null, "flatten": false, "selectorType": null, "selection": null}]}, {"id": 1897802271589396, "code": "getList", "name": "\u8bfb\u53d6\u6240\u6709Recipe\u540d\u79f0\u5217\u8868", "noteCn": null, "noteEn": null, "translator": "default", "translatorArgs": {"url": "/api/lite-flow/liteflow-chain/executionMethod", "method": "POST"}, "recommend": null, "params": [{"paramCode": "chainName", "paramName": "chainName", "ioType": "CONSTANT", "dataType": "string", "value": null, "defaultValue": "methodExecute", "script": null, "required": 1, "advanced": null, "timeFlag": null, "elementDataType": null, "bindDataType": null, "bindDataTypeProperty": null, "property": null, "childParams": [], "constraintType": null, "constraintValue": "", "constraintValueEn": "", "unitTypeCode": null, "unitTypeName": null, "noteCn": null, "noteEn": null, "flatten": false, "selectorType": null, "selection": null}, {"paramCode": "ifAsynchronous", "paramName": "ifAsynchronous", "ioType": "CONSTANT", "dataType": "boolean", "value": null, "defaultValue": "true", "script": null, "required": 1, "advanced": null, "timeFlag": null, "elementDataType": "", "bindDataType": "", "bindDataTypeProperty": null, "property": null, "childParams": [], "constraintType": null, "constraintValue": "", "constraintValueEn": "", "unitTypeCode": null, "unitTypeName": null, "noteCn": null, "noteEn": null, "flatten": false, "selectorType": null, "selection": null}, {"paramCode": "sn", "paramName": "sn", "ioType": "CONSTANT", "dataType": "string", "value": null, "defaultValue": "W0C0E35088FF5C", "script": null, "required": 1, "advanced": null, "timeFlag": null, "elementDataType": null, "bindDataType": null, "bindDataTypeProperty": null, "property": null, "childParams": [], "constraintType": null, "constraintValue": "", "constraintValueEn": "", "unitTypeCode": null, "unitTypeName": null, "noteCn": null, "noteEn": null, "flatten": false, "selectorType": null, "selection": null}, {"paramCode": "method", "paramName": "method", "ioType": "CONSTANT", "dataType": "string", "value": null, "defaultValue": "getList", "script": null, "required": 1, "advanced": null, "timeFlag": null, "elementDataType": null, "bindDataType": null, "bindDataTypeProperty": null, "property": null, "childParams": [], "constraintType": null, "constraintValue": "", "constraintValueEn": "", "unitTypeCode": null, "unitTypeName": null, "noteCn": null, "noteEn": null, "flatten": false, "selectorType": null, "selection": null}]}, {"id": 1897802271589397, "code": "loadRecipe", "name": "\u52a0\u8f7d\u6307\u5b9aRecipe", "noteCn": null, "noteEn": null, "translator": "default", "translatorArgs": {"url": "/api/lite-flow/liteflow-chain/executionMethod", "method": "POST"}, "recommend": null, "params": [{"paramCode": "chainName", "paramName": "chainName", "ioType": "CONSTANT", "dataType": "string", "value": null, "defaultValue": "methodExecute", "script": null, "required": 1, "advanced": null, "timeFlag": null, "elementDataType": null, "bindDataType": null, "bindDataTypeProperty": null, "property": null, "childParams": [], "constraintType": null, "constraintValue": "", "constraintValueEn": "", "unitTypeCode": null, "unitTypeName": null, "noteCn": null, "noteEn": null, "flatten": false, "selectorType": null, "selection": null}, {"paramCode": "ifAsynchronous", "paramName": "ifAsynchronous", "ioType": "CONSTANT", "dataType": "boolean", "value": null, "defaultValue": "true", "script": null, "required": 1, "advanced": null, "timeFlag": null, "elementDataType": "", "bindDataType": "", "bindDataTypeProperty": null, "property": null, "childParams": [], "constraintType": null, "constraintValue": "", "constraintValueEn": "", "unitTypeCode": null, "unitTypeName": null, "noteCn": null, "noteEn": null, "flatten": false, "selectorType": null, "selection": null}, {"paramCode": "sn", "paramName": "sn", "ioType": "CONSTANT", "dataType": "string", "value": null, "defaultValue": "W0C0E35088FF5C", "script": null, "required": 1, "advanced": null, "timeFlag": null, "elementDataType": null, "bindDataType": null, "bindDataTypeProperty": null, "property": null, "childParams": [], "constraintType": null, "constraintValue": "", "constraintValueEn": "", "unitTypeCode": null, "unitTypeName": null, "noteCn": null, "noteEn": null, "flatten": false, "selectorType": null, "selection": null}, {"paramCode": "method", "paramName": "method", "ioType": "CONSTANT", "dataType": "string", "value": null, "defaultValue": "loadRecipe", "script": null, "required": 1, "advanced": null, "timeFlag": null, "elementDataType": null, "bindDataType": null, "bindDataTypeProperty": null, "property": null, "childParams": [], "constraintType": null, "constraintValue": "", "constraintValueEn": "", "unitTypeCode": null, "unitTypeName": null, "noteCn": null, "noteEn": null, "flatten": false, "selectorType": null, "selection": null}, {"paramCode": "recipeName", "paramName": "recipeName", "ioType": "INPUT", "dataType": "string", "value": null, "defaultValue": null, "script": null, "required": 0, "advanced": null, "timeFlag": null, "elementDataType": null, "bindDataType": null, "bindDataTypeProperty": null, "property": null, "childParams": [], "constraintType": null, "constraintValue": "", "constraintValueEn": "", "unitTypeCode": null, "unitTypeName": null, "noteCn": null, "noteEn": null, "flatten": false, "selectorType": null, "selection": null}]}, {"id": 1897802271589398, "code": "writeVent", "name": "Vent", "noteCn": null, "noteEn": null, "translator": "default", "translatorArgs": {"url": "/api/lite-flow/liteflow-chain/executionMethod", "method": "POST"}, "recommend": null, "params": [{"paramCode": "chainName", "paramName": "chainName", "ioType": "CONSTANT", "dataType": "string", "value": null, "defaultValue": "methodExecute", "script": null, "required": 1, "advanced": null, "timeFlag": null, "elementDataType": null, "bindDataType": null, "bindDataTypeProperty": null, "property": null, "childParams": [], "constraintType": null, "constraintValue": "", "constraintValueEn": "", "unitTypeCode": null, "unitTypeName": null, "noteCn": null, "noteEn": null, "flatten": false, "selectorType": null, "selection": null}, {"paramCode": "ifAsynchronous", "paramName": "ifAsynchronous", "ioType": "CONSTANT", "dataType": "boolean", "value": null, "defaultValue": "true", "script": null, "required": 1, "advanced": null, "timeFlag": null, "elementDataType": "", "bindDataType": "", "bindDataTypeProperty": null, "property": null, "childParams": [], "constraintType": null, "constraintValue": "", "constraintValueEn": "", "unitTypeCode": null, "unitTypeName": null, "noteCn": null, "noteEn": null, "flatten": false, "selectorType": null, "selection": null}, {"paramCode": "sn", "paramName": "sn", "ioType": "CONSTANT", "dataType": "string", "value": null, "defaultValue": "W0C0E35088FF5C", "script": null, "required": 1, "advanced": null, "timeFlag": null, "elementDataType": null, "bindDataType": null, "bindDataTypeProperty": null, "property": null, "childParams": [], "constraintType": null, "constraintValue": "", "constraintValueEn": "", "unitTypeCode": null, "unitTypeName": null, "noteCn": null, "noteEn": null, "flatten": false, "selectorType": null, "selection": null}, {"paramCode": "method", "paramName": "method", "ioType": "CONSTANT", "dataType": "string", "value": null, "defaultValue": "writeVent", "script": null, "required": 1, "advanced": null, "timeFlag": null, "elementDataType": null, "bindDataType": null, "bindDataTypeProperty": null, "property": null, "childParams": [], "constraintType": null, "constraintValue": "", "constraintValueEn": "", "unitTypeCode": null, "unitTypeName": null, "noteCn": null, "noteEn": null, "flatten": false, "selectorType": null, "selection": null}, {"paramCode": "minute", "paramName": "minute", "ioType": "INPUT", "dataType": "int", "value": null, "defaultValue": null, "script": null, "required": 1, "advanced": null, "timeFlag": null, "elementDataType": "", "bindDataType": "", "bindDataTypeProperty": null, "property": null, "childParams": [], "constraintType": null, "constraintValue": "", "constraintValueEn": "", "unitTypeCode": null, "unitTypeName": null, "noteCn": null, "noteEn": null, "flatten": false, "selectorType": null, "selection": null}]}, {"id": 1897802271589399, "code": "writeEnableOzoneSwitch", "name": "\u8bbe\u7f6e\u81ed\u6c27\u53d1\u751f\u5668\u7535\u6e90\u901a\u65ad", "noteCn": null, "noteEn": null, "translator": "default", "translatorArgs": {"url": "/api/lite-flow/liteflow-chain/executionMethod", "method": "POST"}, "recommend": null, "params": [{"paramCode": "chainName", "paramName": "chainName", "ioType": "CONSTANT", "dataType": "string", "value": null, "defaultValue": "methodExecute", "script": null, "required": 1, "advanced": null, "timeFlag": null, "elementDataType": null, "bindDataType": null, "bindDataTypeProperty": null, "property": null, "childParams": [], "constraintType": null, "constraintValue": "", "constraintValueEn": "", "unitTypeCode": null, "unitTypeName": null, "noteCn": null, "noteEn": null, "flatten": false, "selectorType": null, "selection": null}, {"paramCode": "ifAsynchronous", "paramName": "ifAsynchronous", "ioType": "CONSTANT", "dataType": "boolean", "value": null, "defaultValue": "true", "script": null, "required": 1, "advanced": null, "timeFlag": null, "elementDataType": "", "bindDataType": "", "bindDataTypeProperty": null, "property": null, "childParams": [], "constraintType": null, "constraintValue": "", "constraintValueEn": "", "unitTypeCode": null, "unitTypeName": null, "noteCn": null, "noteEn": null, "flatten": false, "selectorType": null, "selection": null}, {"paramCode": "sn", "paramName": "sn", "ioType": "CONSTANT", "dataType": "string", "value": null, "defaultValue": "W0C0E35088FF5C", "script": null, "required": 1, "advanced": null, "timeFlag": null, "elementDataType": null, "bindDataType": null, "bindDataTypeProperty": null, "property": null, "childParams": [], "constraintType": null, "constraintValue": "", "constraintValueEn": "", "unitTypeCode": null, "unitTypeName": null, "noteCn": null, "noteEn": null, "flatten": false, "selectorType": null, "selection": null}, {"paramCode": "method", "paramName": "method", "ioType": "CONSTANT", "dataType": "string", "value": null, "defaultValue": "writeEnableOzoneSwitch", "script": null, "required": 1, "advanced": null, "timeFlag": null, "elementDataType": null, "bindDataType": null, "bindDataTypeProperty": null, "property": null, "childParams": [], "constraintType": null, "constraintValue": "", "constraintValueEn": "", "unitTypeCode": null, "unitTypeName": null, "noteCn": null, "noteEn": null, "flatten": false, "selectorType": null, "selection": null}, {"paramCode": "enable", "paramName": "enable", "ioType": "INPUT", "dataType": "boolean", "value": null, "defaultValue": null, "script": null, "required": 1, "advanced": null, "timeFlag": null, "elementDataType": "", "bindDataType": "", "bindDataTypeProperty": null, "property": null, "childParams": [], "constraintType": null, "constraintValue": "", "constraintValueEn": "", "unitTypeCode": null, "unitTypeName": null, "noteCn": null, "noteEn": null, "flatten": false, "selectorType": null, "selection": null}]}, {"id": 1897802271589400, "code": "openDoorAld", "name": "ALD\u8bbe\u5907 \u8c03\u7528\u5f00\u542f\u8231\u95e8\u7684recipe\u4f7f\u80fd", "noteCn": null, "noteEn": null, "translator": "default", "translatorArgs": {"url": "/api/lite-flow/liteflow-chain/executionMethod", "method": "POST"}, "recommend": null, "params": [{"paramCode": "chainName", "paramName": "chainName", "ioType": "CONSTANT", "dataType": "string", "value": null, "defaultValue": "methodExecute", "script": null, "required": 1, "advanced": null, "timeFlag": null, "elementDataType": null, "bindDataType": null, "bindDataTypeProperty": null, "property": null, "childParams": [], "constraintType": null, "constraintValue": "", "constraintValueEn": "", "unitTypeCode": null, "unitTypeName": null, "noteCn": null, "noteEn": null, "flatten": false, "selectorType": null, "selection": null}, {"paramCode": "ifAsynchronous", "paramName": "ifAsynchronous", "ioType": "CONSTANT", "dataType": "boolean", "value": null, "defaultValue": "true", "script": null, "required": 1, "advanced": null, "timeFlag": null, "elementDataType": "", "bindDataType": "", "bindDataTypeProperty": null, "property": null, "childParams": [], "constraintType": null, "constraintValue": "", "constraintValueEn": "", "unitTypeCode": null, "unitTypeName": null, "noteCn": null, "noteEn": null, "flatten": false, "selectorType": null, "selection": null}, {"paramCode": "sn", "paramName": "sn", "ioType": "CONSTANT", "dataType": "string", "value": null, "defaultValue": "W000E04CF27334", "script": null, "required": 1, "advanced": null, "timeFlag": null, "elementDataType": null, "bindDataType": null, "bindDataTypeProperty": null, "property": null, "childParams": [], "constraintType": null, "constraintValue": "", "constraintValueEn": "", "unitTypeCode": null, "unitTypeName": null, "noteCn": null, "noteEn": null, "flatten": false, "selectorType": null, "selection": null}, {"paramCode": "method", "paramName": "method", "ioType": "CONSTANT", "dataType": "string", "value": null, "defaultValue": "openDoorAld", "script": null, "required": 1, "advanced": null, "timeFlag": null, "elementDataType": null, "bindDataType": null, "bindDataTypeProperty": null, "property": null, "childParams": [], "constraintType": null, "constraintValue": "", "constraintValueEn": "", "unitTypeCode": null, "unitTypeName": null, "noteCn": null, "noteEn": null, "flatten": false, "selectorType": null, "selection": null}, {"paramCode": "recipeName", "paramName": "recipeName", "ioType": "INPUT", "dataType": "string", "value": null, "defaultValue": "open-test", "script": null, "required": 1, "advanced": null, "timeFlag": null, "elementDataType": "", "bindDataType": "", "bindDataTypeProperty": null, "property": null, "childParams": [], "constraintType": null, "constraintValue": "", "constraintValueEn": "", "unitTypeCode": null, "unitTypeName": null, "noteCn": null, "noteEn": null, "flatten": false, "selectorType": null, "selection": null}]}, {"id": 1897802271589401, "code": "closeDoorAld", "name": "ALD\u8bbe\u5907\u5173\u95ed\u8231\u95e8\u7684recipe\u4f7f\u80fd", "noteCn": null, "noteEn": null, "translator": "default", "translatorArgs": {"url": "/api/lite-flow/liteflow-chain/executionMethod", "method": "POST"}, "recommend": null, "params": [{"paramCode": "chainName", "paramName": "chainName", "ioType": "CONSTANT", "dataType": "string", "value": null, "defaultValue": "methodExecute", "script": null, "required": 1, "advanced": null, "timeFlag": null, "elementDataType": null, "bindDataType": null, "bindDataTypeProperty": null, "property": null, "childParams": [], "constraintType": null, "constraintValue": "", "constraintValueEn": "", "unitTypeCode": null, "unitTypeName": null, "noteCn": null, "noteEn": null, "flatten": false, "selectorType": null, "selection": null}, {"paramCode": "ifAsynchronous", "paramName": "ifAsynchronous", "ioType": "CONSTANT", "dataType": "boolean", "value": null, "defaultValue": "true", "script": null, "required": 1, "advanced": null, "timeFlag": null, "elementDataType": "", "bindDataType": "", "bindDataTypeProperty": null, "property": null, "childParams": [], "constraintType": null, "constraintValue": "", "constraintValueEn": "", "unitTypeCode": null, "unitTypeName": null, "noteCn": null, "noteEn": null, "flatten": false, "selectorType": null, "selection": null}, {"paramCode": "sn", "paramName": "sn", "ioType": "CONSTANT", "dataType": "string", "value": null, "defaultValue": "W000E04CF27334", "script": null, "required": 1, "advanced": null, "timeFlag": null, "elementDataType": null, "bindDataType": null, "bindDataTypeProperty": null, "property": null, "childParams": [], "constraintType": null, "constraintValue": "", "constraintValueEn": "", "unitTypeCode": null, "unitTypeName": null, "noteCn": null, "noteEn": null, "flatten": false, "selectorType": null, "selection": null}, {"paramCode": "method", "paramName": "method", "ioType": "CONSTANT", "dataType": "string", "value": null, "defaultValue": "closeDoorAld", "script": null, "required": 1, "advanced": null, "timeFlag": null, "elementDataType": null, "bindDataType": null, "bindDataTypeProperty": null, "property": null, "childParams": [], "constraintType": null, "constraintValue": "", "constraintValueEn": "", "unitTypeCode": null, "unitTypeName": null, "noteCn": null, "noteEn": null, "flatten": false, "selectorType": null, "selection": null}, {"paramCode": "recipeName", "paramName": "recipeName", "ioType": "INPUT", "dataType": "string", "value": null, "defaultValue": "close-test", "script": null, "required": 1, "advanced": null, "timeFlag": null, "elementDataType": "", "bindDataType": "", "bindDataTypeProperty": null, "property": null, "childParams": [], "constraintType": null, "constraintValue": "", "constraintValueEn": "", "unitTypeCode": null, "unitTypeName": null, "noteCn": null, "noteEn": null, "flatten": false, "selectorType": null, "selection": null}]}, {"id": 1897802271589402, "code": "loadRecipeStart", "name": "\u603b\u4f53\u7684\u52a0\u8f7drecipe\u4f7f\u80fd \u5e76\u8fd0\u884c\u4f7f\u80fd", "noteCn": null, "noteEn": null, "translator": "default", "translatorArgs": {"url": "/api/lite-flow/liteflow-chain/executionMethod", "method": "POST"}, "recommend": null, "params": [{"paramCode": "chainName", "paramName": "chainName", "ioType": "CONSTANT", "dataType": "string", "value": null, "defaultValue": "methodExecute", "script": null, "required": 1, "advanced": null, "timeFlag": null, "elementDataType": null, "bindDataType": null, "bindDataTypeProperty": null, "property": null, "childParams": [], "constraintType": null, "constraintValue": "", "constraintValueEn": "", "unitTypeCode": null, "unitTypeName": null, "noteCn": null, "noteEn": null, "flatten": false, "selectorType": null, "selection": null}, {"paramCode": "ifAsynchronous", "paramName": "ifAsynchronous", "ioType": "CONSTANT", "dataType": "boolean", "value": null, "defaultValue": "true", "script": null, "required": 1, "advanced": null, "timeFlag": null, "elementDataType": "", "bindDataType": "", "bindDataTypeProperty": null, "property": null, "childParams": [], "constraintType": null, "constraintValue": "", "constraintValueEn": "", "unitTypeCode": null, "unitTypeName": null, "noteCn": null, "noteEn": null, "flatten": false, "selectorType": null, "selection": null}, {"paramCode": "sn", "paramName": "sn", "ioType": "CONSTANT", "dataType": "string", "value": null, "defaultValue": "W000E04CF27334", "script": null, "required": 1, "advanced": null, "timeFlag": null, "elementDataType": null, "bindDataType": null, "bindDataTypeProperty": null, "property": null, "childParams": [], "constraintType": null, "constraintValue": "", "constraintValueEn": "", "unitTypeCode": null, "unitTypeName": null, "noteCn": null, "noteEn": null, "flatten": false, "selectorType": null, "selection": null}, {"paramCode": "method", "paramName": "method", "ioType": "CONSTANT", "dataType": "string", "value": null, "defaultValue": "loadRecipeStart", "script": null, "required": 1, "advanced": null, "timeFlag": null, "elementDataType": null, "bindDataType": null, "bindDataTypeProperty": null, "property": null, "childParams": [], "constraintType": null, "constraintValue": "", "constraintValueEn": "", "unitTypeCode": null, "unitTypeName": null, "noteCn": null, "noteEn": null, "flatten": false, "selectorType": null, "selection": null}, {"paramCode": "recipeName", "paramName": "recipeName", "ioType": "INPUT", "dataType": "string", "value": null, "defaultValue": "recipe-test", "script": null, "required": 1, "advanced": null, "timeFlag": null, "elementDataType": "", "bindDataType": "", "bindDataTypeProperty": null, "property": null, "childParams": [], "constraintType": null, "constraintValue": "", "constraintValueEn": "", "unitTypeCode": null, "unitTypeName": null, "noteCn": null, "noteEn": null, "flatten": false, "selectorType": null, "selection": null}, {"paramCode": "minute", "paramName": "minute", "ioType": "INPUT", "dataType": "int", "value": null, "defaultValue": "10", "script": null, "required": 1, "advanced": null, "timeFlag": null, "elementDataType": "", "bindDataType": "", "bindDataTypeProperty": null, "property": null, "childParams": [], "constraintType": null, "constraintValue": "", "constraintValueEn": "", "unitTypeCode": null, "unitTypeName": null, "noteCn": null, "noteEn": null, "flatten": false, "selectorType": null, "selection": null}]}], "allocates": [{"containerTypeCode": "rack", "maxHandleSize": 2}], "commands": [{"code": "allocation", "name": "\u5206\u914d\u5bb9\u5668", "noteCn": null, "noteEn": null, "actionCode": "allocate_container", "actionName": "allocate\u5206\u914d\u5bb9\u5668\u6307\u4ee4", "params": [{"paramCode": "containerType", "value": "[{\"minCount\":1,\"maxCount\":14,\"containerTypeCode\":\"rack\",\"containerTypeName\":\"\u6837\u54c1\u67b6\",\"allocateMode\":\"extend\",\"defaultCount\":2}]"}, {"paramCode": "allocateOrder", "value": "small"}, {"paramCode": "allocateWorkstations", "value": "[{\"workstationCode\":\"starting_station_ald\",\"workstationName\":\"ALD\u7269\u6599\u7ad9\"}]"}]}, {"code": "take", "name": "\u62ff\u53d6\u5bb9\u5668", "noteCn": null, "noteEn": null, "actionCode": "take_all", "actionName": "take_all\u6307\u4ee4", "params": [{"paramCode": "containerTypeList", "value": "[{\"containerTypeCode\":\"rack\",\"containerTypeName\":\"\u6837\u54c1\u67b6\",\"slotTypeCode\":\"rack_slot\"}]"}, {"paramCode": "slotType", "value": "{\"slotTypeCode\":\"rack_slot\",\"slotTypeName\":\"\u6837\u54c1\u67b6\u69fd\u4f4d\"}"}, {"paramCode": "robotCodes", "value": "[{\"robotCode\":\"hik_robot_11335\",\"robotName\":\"\u6d77\u5eb7_11335\"}]"}, {"paramCode": "fromOrder", "value": "small"}, {"paramCode": "toOrder", "value": "small"}, {"paramCode": "storageWorkstation", "value": "{\"workstationCode\":\"starting_station_ald\",\"workstationName\":\"ALD\u7269\u6599\u7ad9\"}"}, {"paramCode": "withParentContainerType", "value": "{\"containerTypeCode\":\"rack\",\"containerTypeName\":\"\u6837\u54c1\u67b6\"}"}]}, {"code": "put", "name": "\u653e\u7f6e\u6837\u54c1\u67b6", "noteCn": "\u653e\u7f6e\u6837\u54c1\u67b6", "noteEn": null, "actionCode": "put_all", "actionName": "put_all\u6307\u4ee4", "params": [{"paramCode": "containerTypeList", "value": "[{\"containerTypeCode\":\"rack\",\"containerTypeName\":\"\u6837\u54c1\u67b6\",\"slotTypeCode\":\"rack_slot\"}]"}, {"paramCode": "robotCodes", "value": "[{\"robotCode\":\"hik_robot_11335\",\"robotName\":\"\u6d77\u5eb7_11335\"}]"}, {"paramCode": "fromOrder", "value": "small"}, {"paramCode": "toOrder", "value": "small"}]}], "containerSettings": [{"typeId": 881570976007168, "typeCode": "rack_slot", "typeName": "\u6837\u54c1\u67b6\u69fd\u4f4d", "containerType": "slot", "allCount": 2, "children": []}], "variables": [], "resultSetting": {"url": "", "type": "raw", "preview": false}, "ignoreMaterial": false, "defaultVersion": true, "updatedActions": null}