{"id": 1550086587876352, "version": "2.0", "code": "battery_assemble_workstation", "name": "\u6263\u7535\u5de5\u4f5c\u7ad9", "noteCn": "\u81ea\u52a8\u5316\u914d\u6db2\u5de5\u4f5c\u7ad9\u662f\u4e00\u79cd\u80fd\u591f\u81ea\u52a8\u5b8c\u6210\u6eb6\u6db2\u914d\u5236\u4efb\u52a1\u7684\u8bbe\u5907\u3002\u5b83\u53ef\u4ee5\u6839\u636e\u9884\u8bbe\u7684\u914d\u65b9\uff0c\u7cbe\u786e\u5730\u5438\u53d6\u548c\u6df7\u5408\u5404\u79cd\u8bd5\u5242\uff0c\u5b9e\u73b0\u9ad8\u7cbe\u5ea6\u7684\u6eb6\u6db2\u914d\u5236\u3002\u901a\u8fc7\u5148\u8fdb\u7684\u8ba1\u91cf\u7cfb\u7edf\u548c\u81ea\u52a8\u5316\u63a7\u5236\u7a0b\u5e8f\uff0c\u80fd\u591f\u51c6\u786e\u63a7\u5236\u8bd5\u5242\u7684\u4f53\u79ef\u3001\u6d53\u5ea6\u548c\u6df7\u5408\u6bd4\u4f8b\u3002\u53ef\u7528\u4e8e\u5404\u79cd\u5b9e\u9a8c\u5ba4\u7684\u5316\u5b66\u8bd5\u5242\u914d\u5236\u3001\u751f\u7269\u5b9e\u9a8c\u7684\u57f9\u517b\u57fa\u914d\u5236\u7b49\u3002\u5176\u81ea\u52a8\u5316\u64cd\u4f5c\u51cf\u5c11\u4e86\u4eba\u5de5\u8bef\u5dee\uff0c\u63d0\u9ad8\u4e86\u914d\u6db2\u7684\u51c6\u786e\u6027\u548c\u91cd\u590d\u6027\uff0c\u540c\u65f6\u4e5f\u63d0\u9ad8\u4e86\u5de5\u4f5c\u6548\u7387\uff0c\u9002\u7528\u4e8e\u5927\u89c4\u6a21\u3001\u9ad8\u7cbe\u5ea6\u7684\u914d\u6db2\u9700\u6c42\u3002", "noteEn": "", "createTime": "2025-07-08 22:14:48", "updateTime": "2025-11-07 19:42:38", "paramUrl": "", "modelCode": null, "modelName": null, "modelImages": null, "definer": 0, "equipManufacturerCode": "AAU", "equipManufacturerName": "\u4e2d\u79d1\u5e94\u5316\uff08\u957f\u6625\uff09\u79d1\u6280\u6709\u9650\u516c\u53f8", "actions": [{"id": 1897802271261710, "code": "dispensing", "name": "\u7535\u6c60\u914d\u6db2", "noteCn": "", "noteEn": null, "translator": "default", "translatorArgs": {"url": "/bms/assembleDevice/aichem/assembleElectrolyte", "method": "POST"}, "recommend": null, "params": [{"paramCode": "recipes", "paramName": "\u7ec4\u88c5\u914d\u65b9", "ioType": "INPUT", "dataType": "array", "value": null, "defaultValue": null, "script": null, "required": 1, "advanced": null, "timeFlag": null, "elementDataType": "object", "bindDataType": "BatteryAssembleRecipe", "bindDataTypeProperty": null, "property": null, "childParams": [{"paramCode": "startNo", "paramName": "\u8d77\u59cb\u7535\u6c60\u7f16\u53f7", "ioType": "INPUT", "dataType": "int", "value": null, "defaultValue": "1", "script": null, "required": 1, "advanced": null, "timeFlag": null, "elementDataType": null, "bindDataType": null, "bindDataTypeProperty": null, "property": "", "childParams": null, "constraintType": null, "constraintValue": "", "constraintValueEn": "", "unitTypeCode": null, "unitTypeName": null, "noteCn": null, "noteEn": null, "flatten": false, "selectorType": null, "selection": null}, {"paramCode": "endNo", "paramName": "\u622a\u6b62\u7535\u6c60\u7f16\u53f7", "ioType": "INPUT", "dataType": "int", "value": null, "defaultValue": "64", "script": null, "required": 1, "advanced": null, "timeFlag": null, "elementDataType": null, "bindDataType": null, "bindDataTypeProperty": null, "property": "", "childParams": null, "constraintType": null, "constraintValue": "", "constraintValueEn": "", "unitTypeCode": null, "unitTypeName": null, "noteCn": null, "noteEn": null, "flatten": false, "selectorType": null, "selection": null}, {"paramCode": "recipeCode", "paramName": "\u914d\u65b9\u7f16\u53f7", "ioType": "INPUT", "dataType": "string", "value": null, "defaultValue": null, "script": null, "required": 1, "advanced": null, "timeFlag": null, "elementDataType": null, "bindDataType": null, "bindDataTypeProperty": null, "property": "recipeCode", "childParams": null, "constraintType": null, "constraintValue": "", "constraintValueEn": "", "unitTypeCode": null, "unitTypeName": null, "noteCn": null, "noteEn": null, "flatten": false, "selectorType": null, "selection": null}, {"paramCode": "recipeName", "paramName": "\u914d\u65b9\u540d\u79f0", "ioType": "INPUT", "dataType": "string", "value": null, "defaultValue": null, "script": null, "required": 0, "advanced": null, "timeFlag": null, "elementDataType": null, "bindDataType": null, "bindDataTypeProperty": null, "property": "recipeName", "childParams": null, "constraintType": null, "constraintValue": "", "constraintValueEn": "", "unitTypeCode": null, "unitTypeName": null, "noteCn": null, "noteEn": null, "flatten": false, "selectorType": null, "selection": null}], "constraintType": null, "constraintValue": "", "constraintValueEn": "", "unitTypeCode": null, "unitTypeName": null, "noteCn": null, "noteEn": null, "flatten": false, "selectorType": null, "selection": null}, {"paramCode": "isConductionTest", "paramName": "\u662f\u5426\u6d4b\u8bd5\u7535\u5bfc", "ioType": "INPUT", "dataType": "boolean", "value": null, "defaultValue": "false", "script": null, "required": 1, "advanced": null, "timeFlag": null, "elementDataType": "", "bindDataType": "", "bindDataTypeProperty": null, "property": null, "childParams": [], "constraintType": "ENUM", "constraintValue": "[{\"label\":\"\u662f\",\"value\":\"true\"},{\"label\":\"\u5426\",\"value\":\"false\"}]", "constraintValueEn": "", "unitTypeCode": null, "unitTypeName": null, "noteCn": "", "noteEn": null, "flatten": false, "selectorType": null, "selection": null}, {"paramCode": "aluminiumFlakeCount", "paramName": "\u94dd\u7247\u6570\u91cf", "ioType": "INPUT", "dataType": "int", "value": null, "defaultValue": "0", "script": null, "required": 0, "advanced": null, "timeFlag": null, "elementDataType": "", "bindDataType": "", "bindDataTypeProperty": null, "property": null, "childParams": [], "constraintType": null, "constraintValue": "", "constraintValueEn": "", "unitTypeCode": null, "unitTypeName": null, "noteCn": null, "noteEn": null, "flatten": false, "selectorType": null, "selection": null}, {"paramCode": "resultCode", "paramName": "resultCode", "ioType": "OUTPUT", "dataType": "file", "value": null, "defaultValue": null, "script": null, "required": 0, "advanced": null, "timeFlag": null, "elementDataType": "", "bindDataType": "", "bindDataTypeProperty": null, "property": null, "childParams": [], "constraintType": null, "constraintValue": "", "constraintValueEn": "", "unitTypeCode": null, "unitTypeName": null, "noteCn": null, "noteEn": null, "flatten": false, "selectorType": null, "selection": null}]}, {"id": 1897802271261711, "code": "assemble", "name": "\u7535\u6c60\u7ec4\u88c5", "noteCn": null, "noteEn": null, "translator": "default", "translatorArgs": {"url": "/bms/assembleDevice/aichem/assembleBattery", "method": "POST"}, "recommend": null, "params": [{"paramCode": "resultCode", "paramName": "resultCode", "ioType": "OUTPUT", "dataType": "file", "value": null, "defaultValue": null, "script": null, "required": 0, "advanced": null, "timeFlag": null, "elementDataType": "", "bindDataType": "", "bindDataTypeProperty": null, "property": null, "childParams": [], "constraintType": null, "constraintValue": "", "constraintValueEn": "", "unitTypeCode": null, "unitTypeName": null, "noteCn": null, "noteEn": null, "flatten": false, "selectorType": null, "selection": null}]}], "allocates": [{"containerTypeCode": "bottle", "maxHandleSize": 16}, {"containerTypeCode": "battery", "maxHandleSize": 64}], "commands": [{"code": "take_battery_with_virtual_tray", "name": "\u62ff\u53d6\u7535\u6c60\u643a\u5e26\u865a\u62df\u6258\u76d8", "noteCn": null, "noteEn": null, "actionCode": "take", "actionName": "take\u6307\u4ee4", "params": [{"paramCode": "containerType", "value": "{\"containerTypeCode\":\"battery\",\"containerTypeName\":\"\u7ebd\u6263\u7535\u6c60\"}"}, {"paramCode": "slotType", "value": "{}"}, {"paramCode": "robotCodes", "value": "[{\"robotCode\":\"battery_material_transfer_robot\",\"robotName\":\"\u6263\u7535-\u7535\u6c60\u539f\u6599\u8f6c\u8fd0\u673a\u5668\u4eba\"}]"}, {"paramCode": "fromOrder", "value": "big"}, {"paramCode": "toOrder", "value": "small"}, {"paramCode": "storageWorkstation", "value": "{\"workstationCode\":\"battery_assemble_transfer_storage\",\"workstationName\":\"\u6263\u7535\u5e73\u53f0\u4e2d\u8f6c\u7ad9\"}"}, {"paramCode": "userDefinedPos", "value": ""}, {"paramCode": "withParentContainerType", "value": "{\"containerTypeCode\":\"virtual_battery_tray\",\"containerTypeName\":\"\u865a\u62df\u7535\u6c60\u6258\u76d8\"}"}]}, {"code": "allocation", "name": "\u5206\u914d\u5bb9\u5668", "noteCn": null, "noteEn": null, "actionCode": "allocate_container", "actionName": "\u5206\u914d\u5bb9\u5668\u6307\u4ee4", "params": [{"paramCode": "containerType", "value": "[{\"minCount\":\"1\",\"maxCount\":64,\"containerTypeCode\":\"battery\",\"containerTypeName\":\"\u7ebd\u6263\u7535\u6c60\",\"allocateMode\":\"extend\",\"defaultCount\":64},{\"minCount\":\"1\",\"maxCount\":16,\"containerTypeCode\":\"bottle\",\"containerTypeName\":\"\u897f\u6797\u74f6\",\"allocateMode\":\"extend\",\"defaultCount\":4}]"}, {"paramCode": "allocateOrder", "value": "small"}, {"paramCode": "allocateWorkstations", "value": "[{\"workstationCode\":\"battery_assemble_workstation_2.0\",\"workstationName\":\"\u6263\u7535\u5de5\u4f5c\u7ad92.0\"},{\"workstationCode\":\"battery_material_storage_station\",\"workstationName\":\"\u6263\u7535\u5e73\u53f0\u7269\u6599\u7ad9\"}]"}]}, {"code": "put_bottle_with_rack", "name": "\u653e\u7f6e\u897f\u6797\u74f6\u5e26\u67b6\u5b50", "noteCn": null, "noteEn": null, "actionCode": "put", "actionName": "put\u6307\u4ee4", "params": [{"paramCode": "containerType", "value": "{\"containerTypeCode\":\"bottle\",\"containerTypeName\":\"\u897f\u6797\u74f6\"}"}, {"paramCode": "slotType", "value": "{}"}, {"paramCode": "robotCodes", "value": "[{\"robotCode\":\"electrolyte_transfer_robot\",\"robotName\":\"\u6263\u7535-\u7535\u89e3\u6db2\u8f6c\u8fd0\u673a\u5668\u4eba\"}]"}, {"paramCode": "fromOrder", "value": "small"}, {"paramCode": "toOrder", "value": "small"}, {"paramCode": "withParentContainerType", "value": "{\"containerTypeCode\":\"rack\",\"containerTypeName\":\"\u6837\u54c1\u67b6\"}"}]}, {"code": "take_bottle_with_rack", "name": "\u62ff\u53d6\u897f\u6797\u74f6\u5e26\u67b6\u5b50", "noteCn": null, "noteEn": null, "actionCode": "take", "actionName": "take\u6307\u4ee4", "params": [{"paramCode": "containerType", "value": "{\"containerTypeCode\":\"bottle\",\"containerTypeName\":\"\u897f\u6797\u74f6\",\"slotTypeCode\":\"\"}"}, {"paramCode": "slotType", "value": "{}"}, {"paramCode": "robotCodes", "value": "[{\"robotCode\":\"electrolyte_transfer_robot\",\"robotName\":\"\u6263\u7535-\u7535\u89e3\u6db2\u8f6c\u8fd0\u673a\u5668\u4eba\"}]"}, {"paramCode": "fromOrder", "value": "small"}, {"paramCode": "toOrder", "value": "big"}, {"paramCode": "storageWorkstation", "value": "{}"}, {"paramCode": "userDefinedPos", "value": ""}, {"paramCode": "withParentContainerType", "value": "{\"containerTypeCode\":\"rack\",\"containerTypeName\":\"\u6837\u54c1\u67b6\"}"}]}, {"code": "electrolyte_common_action", "name": "\u914d\u6db2\u673a\u5668\u4eba\u901a\u7528\u6307\u4ee4", "noteCn": null, "noteEn": null, "actionCode": "common", "actionName": "\u901a\u7528\u6307\u4ee4", "params": [{"paramCode": "robotCodes", "value": "[{\"robotCode\":\"electrolyte_transfer_robot\",\"robotName\":\"\u6263\u7535-\u7535\u89e3\u6db2\u8f6c\u8fd0\u673a\u5668\u4eba\"}]"}]}, {"code": "battery_material_action", "name": "\u7535\u6c60\u539f\u6599\u673a\u5668\u4eba\u901a\u7528\u6307\u4ee4", "noteCn": null, "noteEn": null, "actionCode": "common", "actionName": "\u901a\u7528\u6307\u4ee4", "params": [{"paramCode": "robotCodes", "value": "[{\"robotCode\":\"battery_material_transfer_robot\",\"robotName\":\"\u6263\u7535-\u7535\u6c60\u539f\u6599\u8f6c\u8fd0\u673a\u5668\u4eba\"}]"}]}], "containerSettings": [{"typeId": 881570976007168, "typeCode": "rack_slot", "typeName": "\u6837\u54c1\u67b6\u69fd\u4f4d", "containerType": "slot", "allCount": 1, "children": [{"typeId": 883795617580032, "typeCode": "rack", "typeName": "\u6837\u54c1\u67b6", "containerType": "container", "allCount": 1, "children": [{"typeId": 881569021068288, "typeCode": "bottle_slot", "typeName": "\u897f\u6797\u74f6\u69fd\u4f4d", "containerType": "slot", "allCount": 10, "children": [{"typeId": 881618718458880, "typeCode": "bottle", "typeName": "\u897f\u6797\u74f6", "containerType": "container", "allCount": 10, "children": []}]}]}]}, {"typeId": 1591583331582976, "typeCode": "virtual_battery_tray_slot", "typeName": "\u865a\u62df\u7535\u6c60\u6258\u76d8\u69fd\u4f4d", "containerType": "slot", "allCount": 2, "children": [{"typeId": 1591584396870656, "typeCode": "virtual_battery_tray", "typeName": "\u865a\u62df\u7535\u6c60\u6258\u76d8", "containerType": "container", "allCount": 2, "children": [{"typeId": 1549454629307392, "typeCode": "battery_tray_slot", "typeName": "\u7535\u6c60\u6258\u76d8\u69fd\u4f4d", "containerType": "slot", "allCount": 4, "children": [{"typeId": 1549464376312832, "typeCode": "battery_tray", "typeName": "\u7535\u6c60\u6258\u76d8", "containerType": "container", "allCount": 4, "children": [{"typeId": 1549455103034368, "typeCode": "battery_slot", "typeName": "\u7535\u6c60\u69fd\u4f4d", "containerType": "slot", "allCount": 16, "children": [{"typeId": 1549465376097280, "typeCode": "battery", "typeName": "\u7ebd\u6263\u7535\u6c60", "containerType": "container", "allCount": 16, "children": []}]}]}]}]}]}], "variables": [], "resultSetting": {"url": "", "type": "table", "preview": true}, "ignoreMaterial": true, "defaultVersion": false, "updatedActions": null}