{"id": 1577083431519232, "version": "1.0", "code": "spotting_workstation", "name": "\u7535\u5316\u5b66-\u70b9\u6837\u4eea", "noteCn": "\u81ea\u52a8\u70b9\u6837\u4eea\u4e3b\u8981\u7528\u4e8e\u5c06\u5fae\u91cf\u6837\u54c1\u7cbe\u786e\u5730\u70b9\u52a0\u5230\u7279\u5b9a\u7684\u8f7d\u4f53\u4e0a\uff0c\u5982\u8584\u5c42\u8272\u8c31\u677f\u3001\u5fae\u5b54\u677f\u7b49\u3002\u5b83\u53ef\u4ee5\u6309\u7167\u9884\u8bbe\u7684\u7a0b\u5e8f\uff0c\u63a7\u5236\u70b9\u6837\u7684\u4f4d\u7f6e\u3001\u4f53\u79ef\u548c\u901f\u5ea6\uff0c\u5b9e\u73b0\u9ad8\u7cbe\u5ea6\u7684\u70b9\u6837\u64cd\u4f5c\u3002\u5728\u751f\u7269\u5206\u6790\u4e2d\uff0c\u53ef\u7528\u4e8e\u6838\u9178\u6742\u4ea4\u3001\u86cb\u767d\u8d28\u514d\u75ab\u5370\u8ff9\u7b49\u5b9e\u9a8c\u7684\u6837\u54c1\u70b9\u6837\uff1b\u5728\u5316\u5b66\u5206\u6790\u4e2d\uff0c\u53ef\u7528\u4e8e\u8584\u5c42\u8272\u8c31\u5206\u6790\u7684\u6837\u54c1\u70b9\u6837\u3002\u81ea\u52a8\u70b9\u6837\u4eea\u63d0\u9ad8\u4e86\u70b9\u6837\u7684\u51c6\u786e\u6027\u548c\u91cd\u590d\u6027\uff0c\u51cf\u5c11\u4e86\u4eba\u5de5\u70b9\u6837\u7684\u8bef\u5dee\uff0c\u6709\u5229\u4e8e\u63d0\u9ad8\u5b9e\u9a8c\u7ed3\u679c\u7684\u53ef\u9760\u6027\u3002", "noteEn": "", "createTime": "2025-07-18 11:06:06", "updateTime": "2025-11-07 19:42:38", "paramUrl": "", "modelCode": null, "modelName": null, "modelImages": null, "definer": 0, "equipManufacturerCode": "AAU", "equipManufacturerName": "\u4e2d\u79d1\u5e94\u5316\uff08\u957f\u6625\uff09\u79d1\u6280\u6709\u9650\u516c\u53f8", "actions": [{"id": 1897802271654929, "code": "opendoor", "name": "\u5f00\u95e8", "noteCn": "\u5f00\u95e8", "noteEn": "opendoor", "translator": "default", "translatorArgs": {"url": "/script/DianYangYi", "method": "POST"}, "recommend": null, "params": [{"paramCode": "type", "paramName": "\u4eea\u5668\u7c7b\u578b", "ioType": "CONSTANT", "dataType": "string", "value": null, "defaultValue": "DianYangYi", "script": null, "required": 1, "advanced": null, "timeFlag": null, "elementDataType": null, "bindDataType": null, "bindDataTypeProperty": null, "property": null, "childParams": [], "constraintType": null, "constraintValue": "", "constraintValueEn": "", "unitTypeCode": null, "unitTypeName": null, "noteCn": "\u70b9\u6837\u4eea", "noteEn": null, "flatten": false, "selectorType": null, "selection": null}, {"paramCode": "cmd", "paramName": "\u6307\u4ee4\u540d\u79f0", "ioType": "CONSTANT", "dataType": "string", "value": null, "defaultValue": "ScriptRun", "script": null, "required": 1, "advanced": null, "timeFlag": null, "elementDataType": null, "bindDataType": null, "bindDataTypeProperty": null, "property": null, "childParams": [], "constraintType": null, "constraintValue": "", "constraintValueEn": "", "unitTypeCode": null, "unitTypeName": null, "noteCn": "\u8fd0\u884c\u811a\u672c", "noteEn": null, "flatten": false, "selectorType": null, "selection": null}, {"paramCode": "Name", "paramName": "\u811a\u672c\u540d\u79f0", "ioType": "CONSTANT", "dataType": "string", "value": null, "defaultValue": "OpenDoor", "script": null, "required": 1, "advanced": null, "timeFlag": null, "elementDataType": null, "bindDataType": null, "bindDataTypeProperty": null, "property": null, "childParams": [], "constraintType": null, "constraintValue": "", "constraintValueEn": "", "unitTypeCode": null, "unitTypeName": null, "noteCn": "\u5f00\u95e8", "noteEn": null, "flatten": false, "selectorType": null, "selection": null}]}, {"id": 1897802271654930, "code": "closedoor", "name": "\u5173\u95e8", "noteCn": "\u5173\u95e8", "noteEn": "closedoor", "translator": "default", "translatorArgs": {"url": "/script/DianYangYi", "method": "POST"}, "recommend": null, "params": [{"paramCode": "type", "paramName": "\u4eea\u5668\u7c7b\u578b", "ioType": "CONSTANT", "dataType": "string", "value": null, "defaultValue": "DianYangYi", "script": null, "required": 1, "advanced": null, "timeFlag": null, "elementDataType": null, "bindDataType": null, "bindDataTypeProperty": null, "property": null, "childParams": [], "constraintType": null, "constraintValue": "", "constraintValueEn": "", "unitTypeCode": null, "unitTypeName": null, "noteCn": "\u70b9\u6837\u4eea", "noteEn": null, "flatten": false, "selectorType": null, "selection": null}, {"paramCode": "cmd", "paramName": "\u6307\u4ee4\u540d\u79f0", "ioType": "CONSTANT", "dataType": "string", "value": null, "defaultValue": "ScriptRun", "script": null, "required": 1, "advanced": null, "timeFlag": null, "elementDataType": null, "bindDataType": null, "bindDataTypeProperty": null, "property": null, "childParams": [], "constraintType": null, "constraintValue": "", "constraintValueEn": "", "unitTypeCode": null, "unitTypeName": null, "noteCn": "\u8fd0\u884c\u811a\u672c", "noteEn": null, "flatten": false, "selectorType": null, "selection": null}, {"paramCode": "Name", "paramName": "\u811a\u672c\u540d\u79f0", "ioType": "CONSTANT", "dataType": "string", "value": null, "defaultValue": "CloseDoor", "script": null, "required": 1, "advanced": null, "timeFlag": null, "elementDataType": null, "bindDataType": null, "bindDataTypeProperty": null, "property": null, "childParams": [], "constraintType": null, "constraintValue": "", "constraintValueEn": "", "unitTypeCode": null, "unitTypeName": null, "noteCn": "\u5173\u95e8", "noteEn": null, "flatten": false, "selectorType": null, "selection": null}]}, {"id": 1897802271654931, "code": "start", "name": "\u70b9\u6837\u5b9e\u9a8c", "noteCn": "\u70b9\u6837\u5b9e\u9a8c", "noteEn": "start", "translator": "default", "translatorArgs": {"url": "/script/DianYangYi", "method": "POST"}, "recommend": null, "params": [{"paramCode": "type", "paramName": "\u4eea\u5668\u7c7b\u578b", "ioType": "CONSTANT", "dataType": "string", "value": null, "defaultValue": "DianYangYi", "script": null, "required": 1, "advanced": null, "timeFlag": null, "elementDataType": null, "bindDataType": null, "bindDataTypeProperty": null, "property": null, "childParams": [], "constraintType": null, "constraintValue": "", "constraintValueEn": "", "unitTypeCode": null, "unitTypeName": null, "noteCn": "\u70b9\u6837\u4eea", "noteEn": null, "flatten": false, "selectorType": null, "selection": null}, {"paramCode": "cmd", "paramName": "\u6307\u4ee4\u540d\u79f0", "ioType": "CONSTANT", "dataType": "string", "value": null, "defaultValue": "ScriptRun", "script": null, "required": 1, "advanced": null, "timeFlag": null, "elementDataType": null, "bindDataType": null, "bindDataTypeProperty": null, "property": null, "childParams": [], "constraintType": null, "constraintValue": "", "constraintValueEn": "", "unitTypeCode": null, "unitTypeName": null, "noteCn": "\u8fd0\u884c\u811a\u672c", "noteEn": null, "flatten": false, "selectorType": null, "selection": null}, {"paramCode": "Name", "paramName": "\u811a\u672c\u540d\u79f0", "ioType": "CONSTANT", "dataType": "string", "value": null, "defaultValue": "experiment", "script": null, "required": 1, "advanced": null, "timeFlag": null, "elementDataType": null, "bindDataType": null, "bindDataTypeProperty": null, "property": null, "childParams": [], "constraintType": null, "constraintValue": "", "constraintValueEn": "", "unitTypeCode": null, "unitTypeName": null, "noteCn": "\u5b9e\u9a8c", "noteEn": null, "flatten": false, "selectorType": null, "selection": null}, {"paramCode": "definitionParamUrl", "paramName": "\u914d\u7f6e\u6587\u4ef6\u8def\u5f84", "ioType": "INPUT", "dataType": "file", "value": null, "defaultValue": null, "script": null, "required": 1, "advanced": null, "timeFlag": null, "elementDataType": "", "bindDataType": "", "bindDataTypeProperty": null, "property": null, "childParams": [], "constraintType": null, "constraintValue": "", "constraintValueEn": "", "unitTypeCode": null, "unitTypeName": null, "noteCn": null, "noteEn": null, "flatten": false, "selectorType": null, "selection": null}]}, {"id": 1897802271654932, "code": "SlideLock", "name": "\u542f\u52a8\u771f\u7a7a\u6cf5", "noteCn": "\u542f\u52a8\u771f\u7a7a\u6cf5", "noteEn": "SlideLock", "translator": "default", "translatorArgs": {"url": "/script/DianYangYi", "method": "POST"}, "recommend": null, "params": [{"paramCode": "type", "paramName": "\u4eea\u5668\u7c7b\u578b", "ioType": "CONSTANT", "dataType": "string", "value": null, "defaultValue": "DianYangYi", "script": null, "required": 1, "advanced": null, "timeFlag": null, "elementDataType": null, "bindDataType": null, "bindDataTypeProperty": null, "property": null, "childParams": [], "constraintType": null, "constraintValue": "", "constraintValueEn": "", "unitTypeCode": null, "unitTypeName": null, "noteCn": "\u70b9\u6837\u4eea", "noteEn": null, "flatten": false, "selectorType": null, "selection": null}, {"paramCode": "cmd", "paramName": "\u6307\u4ee4\u540d\u79f0", "ioType": "CONSTANT", "dataType": "string", "value": null, "defaultValue": "ScriptRun", "script": null, "required": 1, "advanced": null, "timeFlag": null, "elementDataType": null, "bindDataType": null, "bindDataTypeProperty": null, "property": null, "childParams": [], "constraintType": null, "constraintValue": "", "constraintValueEn": "", "unitTypeCode": null, "unitTypeName": null, "noteCn": "\u8fd0\u884c\u811a\u672c", "noteEn": null, "flatten": false, "selectorType": null, "selection": null}, {"paramCode": "Name", "paramName": "\u811a\u672c\u540d\u79f0", "ioType": "CONSTANT", "dataType": "string", "value": null, "defaultValue": "SlideLock", "script": null, "required": 1, "advanced": null, "timeFlag": null, "elementDataType": null, "bindDataType": null, "bindDataTypeProperty": null, "property": null, "childParams": [], "constraintType": null, "constraintValue": "", "constraintValueEn": "", "unitTypeCode": null, "unitTypeName": null, "noteCn": "\u5f00\u95e8", "noteEn": null, "flatten": false, "selectorType": null, "selection": null}]}, {"id": 1897802271654933, "code": "SlideUnLock", "name": "\u5173\u95ed\u771f\u7a7a\u6cf5", "noteCn": "\u5173\u95ed\u771f\u7a7a\u6cf5", "noteEn": "SlideUnLock", "translator": "default", "translatorArgs": {"url": "/script/DianYangYi", "method": "POST"}, "recommend": null, "params": [{"paramCode": "type", "paramName": "\u4eea\u5668\u7c7b\u578b", "ioType": "CONSTANT", "dataType": "string", "value": null, "defaultValue": "DianYangYi", "script": null, "required": 1, "advanced": null, "timeFlag": null, "elementDataType": null, "bindDataType": null, "bindDataTypeProperty": null, "property": null, "childParams": [], "constraintType": null, "constraintValue": "", "constraintValueEn": "", "unitTypeCode": null, "unitTypeName": null, "noteCn": "\u70b9\u6837\u4eea", "noteEn": null, "flatten": false, "selectorType": null, "selection": null}, {"paramCode": "cmd", "paramName": "\u6307\u4ee4\u540d\u79f0", "ioType": "CONSTANT", "dataType": "string", "value": null, "defaultValue": "ScriptRun", "script": null, "required": 1, "advanced": null, "timeFlag": null, "elementDataType": null, "bindDataType": null, "bindDataTypeProperty": null, "property": null, "childParams": [], "constraintType": null, "constraintValue": "", "constraintValueEn": "", "unitTypeCode": null, "unitTypeName": null, "noteCn": "\u8fd0\u884c\u811a\u672c", "noteEn": null, "flatten": false, "selectorType": null, "selection": null}, {"paramCode": "Name", "paramName": "\u811a\u672c\u540d\u79f0", "ioType": "CONSTANT", "dataType": "string", "value": null, "defaultValue": "SlideUnLock", "script": null, "required": 1, "advanced": null, "timeFlag": null, "elementDataType": null, "bindDataType": null, "bindDataTypeProperty": null, "property": null, "childParams": [], "constraintType": null, "constraintValue": "", "constraintValueEn": "", "unitTypeCode": null, "unitTypeName": null, "noteCn": "\u5f00\u95e8", "noteEn": null, "flatten": false, "selectorType": null, "selection": null}]}], "allocates": [{"containerTypeCode": "container_kb", "maxHandleSize": 1}, {"containerTypeCode": "container_btp", "maxHandleSize": 3}], "commands": [{"code": "allocation", "name": "\u5206\u914d\u5bb9\u5668", "noteCn": null, "noteEn": null, "actionCode": "allocate_container", "actionName": "\u5206\u914d\u5bb9\u5668\u6307\u4ee4", "params": [{"paramCode": "containerType", "value": "[{\"minCount\":1,\"maxCount\":3,\"containerTypeCode\":\"container_btp\",\"containerTypeName\":\"\u7535\u5316\u5b66\u5206\u6790\u73bb\u78b3\u7247\",\"allocateMode\":\"new\",\"defaultCount\":3},{\"minCount\":\"1\",\"maxCount\":1,\"containerTypeCode\":\"container_kb\",\"containerTypeName\":\"\u7535\u5316\u5b66\u5206\u6790\u5b54\u677f\",\"allocateMode\":\"new\",\"defaultCount\":1}]"}, {"paramCode": "allocateOrder", "value": "small"}, {"paramCode": "allocateWorkstations", "value": "[]"}]}, {"code": "take_all", "name": "\u62ff\u53d6\u5bb9\u5668", "noteCn": null, "noteEn": null, "actionCode": "take_all", "actionName": "take_all\u6307\u4ee4", "params": [{"paramCode": "containerTypeList", "value": "[{\"containerTypeCode\":\"container_kb\",\"containerTypeName\":\"\u7535\u5316\u5b66\u5206\u6790\u5b54\u677f\",\"slotTypeCode\":\"slot_kb\"},{\"containerTypeCode\":\"container_btp\",\"containerTypeName\":\"\u7535\u5316\u5b66\u5206\u6790\u73bb\u78b3\u7247\",\"slotTypeCode\":\"slot-btp\"}]"}, {"paramCode": "slotType", "value": "{}"}, {"paramCode": "robotCodes", "value": "[]"}, {"paramCode": "fromOrder", "value": "small"}, {"paramCode": "toOrder", "value": "small"}, {"paramCode": "storageWorkstation", "value": "{}"}, {"paramCode": "withParentContainerType", "value": "{}"}]}, {"code": "put_all", "name": "\u653e\u7f6e\u5bb9\u5668", "noteCn": null, "noteEn": null, "actionCode": "put_all", "actionName": "put_all\u6307\u4ee4", "params": [{"paramCode": "containerTypeList", "value": "[{\"containerTypeCode\":\"container_kb\",\"containerTypeName\":\"\u7535\u5316\u5b66\u5206\u6790\u5b54\u677f\",\"slotTypeCode\":\"slot_kb\",\"withParentContainerTypeCode\":\"\"},{\"containerTypeCode\":\"container_btp\",\"containerTypeName\":\"\u7535\u5316\u5b66\u5206\u6790\u73bb\u78b3\u7247\",\"slotTypeCode\":\"slot-btp\",\"withParentContainerTypeCode\":\"\"}]"}, {"paramCode": "robotCodes", "value": "[]"}, {"paramCode": "fromOrder", "value": "small"}, {"paramCode": "toOrder", "value": "small"}]}], "containerSettings": [{"typeId": 1577647377384448, "typeCode": "slot-btp", "typeName": "\u7535\u5316\u5b66\u5206\u6790\u73bb\u78b3\u7247\u69fd\u4f4d", "containerType": "slot", "allCount": 3, "children": []}, {"typeId": 1577644841960448, "typeCode": "slot_kb", "typeName": "\u7535\u5316\u5b66\u5206\u6790\u5b54\u677f\u69fd\u4f4d", "containerType": "slot", "allCount": 1, "children": []}], "variables": [], "resultSetting": {"url": "", "type": "", "preview": false}, "ignoreMaterial": true, "defaultVersion": true, "updatedActions": null}