{"id": 1577073612850176, "version": "1.0", "code": "confecting_workstation", "name": "\u7535\u5316\u5b66-\u914d\u6db2\u4eea", "noteCn": "\u9ad8\u901a\u91cf\u81ea\u52a8\u914d\u6db2\u4eea\u80fd\u591f\u5feb\u901f\u3001\u51c6\u786e\u5730\u914d\u5236\u4e0d\u540c\u6d53\u5ea6\u548c\u4f53\u79ef\u7684\u6eb6\u6db2\u3002\u5b83\u53ef\u4ee5\u6309\u7167\u9884\u8bbe\u7684\u914d\u65b9\uff0c\u81ea\u52a8\u5438\u53d6\u4e0d\u540c\u4f53\u79ef\u7684\u8bd5\u5242\u548c\u6eb6\u5242\uff0c\u8fdb\u884c\u6df7\u5408\u548c\u7a00\u91ca\u64cd\u4f5c\u3002\u5728\u751f\u7269\u5b9e\u9a8c\u4e2d\uff0c\u53ef\u7528\u4e8e\u914d\u5236\u7ec6\u80de\u57f9\u517b\u6db2\u3001\u7f13\u51b2\u6db2\u7b49\uff1b\u5728\u5316\u5b66\u5206\u6790\u4e2d\uff0c\u53ef\u7528\u4e8e\u914d\u5236\u6807\u51c6\u6eb6\u6db2\u3002\u76f8\u6bd4\u4e8e\u624b\u52a8\u914d\u6db2\uff0c\u81ea\u52a8\u914d\u6db2\u4eea\u5177\u6709\u66f4\u9ad8\u7684\u7cbe\u5ea6\u548c\u91cd\u590d\u6027\uff0c\u80fd\u591f\u540c\u65f6\u5904\u7406\u591a\u4e2a\u6837\u54c1\uff0c\u5927\u5927\u63d0\u9ad8\u4e86\u914d\u6db2\u7684\u6548\u7387\uff0c\u9002\u7528\u4e8e\u9ad8\u901a\u91cf\u7684\u5b9e\u9a8c\u9700\u6c42\u3002", "noteEn": "", "createTime": "2025-07-18 11:01:07", "updateTime": "2025-11-07 19:42:38", "paramUrl": "", "modelCode": null, "modelName": null, "modelImages": null, "definer": 0, "equipManufacturerCode": "AAU", "equipManufacturerName": "\u4e2d\u79d1\u5e94\u5316\uff08\u957f\u6625\uff09\u79d1\u6280\u6709\u9650\u516c\u53f8", "actions": [{"id": 1897802271851530, "code": "opendoor", "name": "\u5f00\u95e8", "noteCn": "\u5f00\u95e8", "noteEn": "opendoor", "translator": "default", "translatorArgs": {"url": "/script/PeiYeYi", "method": "POST"}, "recommend": null, "params": [{"paramCode": "type", "paramName": "\u4eea\u5668\u7c7b\u578b", "ioType": "CONSTANT", "dataType": "string", "value": null, "defaultValue": "PeiYeYi", "script": null, "required": 1, "advanced": null, "timeFlag": null, "elementDataType": null, "bindDataType": null, "bindDataTypeProperty": null, "property": null, "childParams": [], "constraintType": null, "constraintValue": "", "constraintValueEn": "", "unitTypeCode": null, "unitTypeName": null, "noteCn": "\u914d\u6db2\u4eea", "noteEn": null, "flatten": false, "selectorType": null, "selection": null}, {"paramCode": "cmd", "paramName": "\u6307\u4ee4", "ioType": "CONSTANT", "dataType": "string", "value": null, "defaultValue": "ScriptRun", "script": null, "required": 1, "advanced": null, "timeFlag": null, "elementDataType": null, "bindDataType": null, "bindDataTypeProperty": null, "property": null, "childParams": [], "constraintType": null, "constraintValue": "", "constraintValueEn": "", "unitTypeCode": null, "unitTypeName": null, "noteCn": "\u8fd0\u884c\u811a\u672c", "noteEn": null, "flatten": false, "selectorType": null, "selection": null}, {"paramCode": "Name", "paramName": "\u811a\u672c\u540d\u79f0", "ioType": "CONSTANT", "dataType": "string", "value": null, "defaultValue": "OpenDoor", "script": null, "required": 1, "advanced": null, "timeFlag": null, "elementDataType": null, "bindDataType": null, "bindDataTypeProperty": null, "property": null, "childParams": [], "constraintType": null, "constraintValue": "", "constraintValueEn": "", "unitTypeCode": null, "unitTypeName": null, "noteCn": "\u5f00\u95e8", "noteEn": null, "flatten": false, "selectorType": null, "selection": null}]}, {"id": 1897802271851531, "code": "closedoor", "name": "\u5173\u95e8", "noteCn": "\u5173\u95e8", "noteEn": "closedoor", "translator": "default", "translatorArgs": {"url": "/script/PeiYeYi", "method": "POST"}, "recommend": null, "params": [{"paramCode": "type", "paramName": "\u4eea\u5668\u7c7b\u578b", "ioType": "CONSTANT", "dataType": "string", "value": null, "defaultValue": "PeiYeYi", "script": null, "required": 1, "advanced": null, "timeFlag": null, "elementDataType": null, "bindDataType": null, "bindDataTypeProperty": null, "property": null, "childParams": [], "constraintType": null, "constraintValue": "", "constraintValueEn": "", "unitTypeCode": null, "unitTypeName": null, "noteCn": "\u914d\u6db2\u4eea", "noteEn": null, "flatten": false, "selectorType": null, "selection": null}, {"paramCode": "cmd", "paramName": "\u6307\u4ee4", "ioType": "CONSTANT", "dataType": "string", "value": null, "defaultValue": "ScriptRun", "script": null, "required": 1, "advanced": null, "timeFlag": null, "elementDataType": null, "bindDataType": null, "bindDataTypeProperty": null, "property": null, "childParams": [], "constraintType": null, "constraintValue": "", "constraintValueEn": "", "unitTypeCode": null, "unitTypeName": null, "noteCn": "\u8fd0\u884c\u811a\u672c", "noteEn": null, "flatten": false, "selectorType": null, "selection": null}, {"paramCode": "Name", "paramName": "\u811a\u672c\u540d\u79f0", "ioType": "CONSTANT", "dataType": "string", "value": null, "defaultValue": "CloseDoor", "script": null, "required": 1, "advanced": null, "timeFlag": null, "elementDataType": null, "bindDataType": null, "bindDataTypeProperty": null, "property": null, "childParams": [], "constraintType": null, "constraintValue": "", "constraintValueEn": "", "unitTypeCode": null, "unitTypeName": null, "noteCn": "\u5173\u95e8", "noteEn": null, "flatten": false, "selectorType": null, "selection": null}]}, {"id": 1897802271851532, "code": "start", "name": "\u8fd0\u884c\u6307\u5b9a\u811a\u672c", "noteCn": "\u5f00\u59cb", "noteEn": "start", "translator": "default", "translatorArgs": {"url": "/script/PeiYeYi", "method": "POST"}, "recommend": null, "params": [{"paramCode": "type", "paramName": "\u4eea\u5668\u7c7b\u578b", "ioType": "CONSTANT", "dataType": "string", "value": null, "defaultValue": "PeiYeYi", "script": null, "required": 1, "advanced": null, "timeFlag": null, "elementDataType": null, "bindDataType": null, "bindDataTypeProperty": null, "property": null, "childParams": [], "constraintType": null, "constraintValue": "", "constraintValueEn": "", "unitTypeCode": null, "unitTypeName": null, "noteCn": "\u914d\u6db2\u4eea", "noteEn": null, "flatten": false, "selectorType": null, "selection": null}, {"paramCode": "cmd", "paramName": "\u6307\u4ee4", "ioType": "CONSTANT", "dataType": "string", "value": null, "defaultValue": "ScriptRun", "script": null, "required": 1, "advanced": null, "timeFlag": null, "elementDataType": null, "bindDataType": null, "bindDataTypeProperty": null, "property": null, "childParams": [], "constraintType": null, "constraintValue": "", "constraintValueEn": "", "unitTypeCode": null, "unitTypeName": null, "noteCn": "\u8fd0\u884c\u811a\u672c", "noteEn": null, "flatten": false, "selectorType": null, "selection": null}, {"paramCode": "Name", "paramName": "\u811a\u672c\u540d\u79f0", "ioType": "INPUT", "dataType": "string", "value": null, "defaultValue": "", "script": null, "required": 1, "advanced": null, "timeFlag": null, "elementDataType": null, "bindDataType": null, "bindDataTypeProperty": null, "property": null, "childParams": [], "constraintType": null, "constraintValue": "", "constraintValueEn": "", "unitTypeCode": null, "unitTypeName": null, "noteCn": "\u811a\u672c\u540d\u79f0", "noteEn": null, "flatten": false, "selectorType": null, "selection": null}, {"paramCode": "resultCode", "paramName": "\u914d\u65b9\u6587\u4ef6", "ioType": "INPUT", "dataType": "file", "value": null, "defaultValue": "", "script": null, "required": 1, "advanced": null, "timeFlag": null, "elementDataType": "", "bindDataType": "", "bindDataTypeProperty": null, "property": null, "childParams": [], "constraintType": null, "constraintValue": "", "constraintValueEn": "", "unitTypeCode": null, "unitTypeName": null, "noteCn": null, "noteEn": null, "flatten": false, "selectorType": null, "selection": null}]}, {"id": 1897802271851533, "code": "open", "name": "\u5f00\u95e8", "noteCn": null, "noteEn": null, "translator": "default", "translatorArgs": {"url": "/command", "method": "POST"}, "recommend": null, "params": [{"paramCode": "operation", "paramName": "\u64cd\u4f5c\u7b26", "ioType": "CONSTANT", "dataType": "string", "value": null, "defaultValue": "open", "script": null, "required": 1, "advanced": null, "timeFlag": null, "elementDataType": null, "bindDataType": null, "bindDataTypeProperty": null, "property": null, "childParams": [], "constraintType": null, "constraintValue": "", "constraintValueEn": "", "unitTypeCode": null, "unitTypeName": null, "noteCn": null, "noteEn": null, "flatten": false, "selectorType": null, "selection": null}]}, {"id": 1897802271851534, "code": "close", "name": "\u5173\u95e8", "noteCn": null, "noteEn": null, "translator": "default", "translatorArgs": {"url": "/command", "method": "POST"}, "recommend": null, "params": [{"paramCode": "operation", "paramName": "\u64cd\u4f5c\u7b26", "ioType": "CONSTANT", "dataType": "string", "value": null, "defaultValue": "close", "script": null, "required": 1, "advanced": null, "timeFlag": null, "elementDataType": null, "bindDataType": null, "bindDataTypeProperty": null, "property": null, "childParams": [], "constraintType": null, "constraintValue": "", "constraintValueEn": "", "unitTypeCode": null, "unitTypeName": null, "noteCn": null, "noteEn": null, "flatten": false, "selectorType": null, "selection": null}]}, {"id": 1897802271851535, "code": "run", "name": "\u5f00\u59cb\u914d\u6db2", "noteCn": null, "noteEn": null, "translator": "default", "translatorArgs": {"url": "/command", "method": "POST"}, "recommend": null, "params": [{"paramCode": "operation", "paramName": "\u64cd\u4f5c\u7b26", "ioType": "CONSTANT", "dataType": "string", "value": null, "defaultValue": "start", "script": null, "required": 1, "advanced": null, "timeFlag": null, "elementDataType": null, "bindDataType": null, "bindDataTypeProperty": null, "property": null, "childParams": [], "constraintType": null, "constraintValue": "", "constraintValueEn": "", "unitTypeCode": null, "unitTypeName": null, "noteCn": null, "noteEn": null, "flatten": false, "selectorType": null, "selection": null}, {"paramCode": "file_num", "paramName": "\u9700\u8981\u52a0\u8f7d\u6587\u4ef6\u6570\u91cf", "ioType": "INPUT", "dataType": "int", "value": null, "defaultValue": "", "script": null, "required": 1, "advanced": null, "timeFlag": null, "elementDataType": "", "bindDataType": "", "bindDataTypeProperty": null, "property": null, "childParams": [], "constraintType": "RANGE", "constraintValue": "[1,16]", "constraintValueEn": "", "unitTypeCode": null, "unitTypeName": null, "noteCn": null, "noteEn": null, "flatten": false, "selectorType": null, "selection": null}, {"paramCode": "fileName", "paramName": "\u914d\u6db2\u6587\u4ef6", "ioType": "INPUT", "dataType": "file", "value": null, "defaultValue": "\"C:/Users/fuyi/Desktop/\u914d\u6db2.zip\"", "script": null, "required": 1, "advanced": null, "timeFlag": null, "elementDataType": "", "bindDataType": "", "bindDataTypeProperty": null, "property": null, "childParams": [], "constraintType": null, "constraintValue": "", "constraintValueEn": "", "unitTypeCode": null, "unitTypeName": null, "noteCn": null, "noteEn": null, "flatten": false, "selectorType": null, "selection": null}]}, {"id": 1897802271851536, "code": "online", "name": "\u5f3a\u5236\u4e0a\u7ebf", "noteCn": "", "noteEn": null, "translator": "default", "translatorArgs": {"url": "/online", "method": "GET"}, "recommend": null, "params": null}], "allocates": [{"containerTypeCode": "container_kb", "maxHandleSize": 1}, {"containerTypeCode": "container_lxgj", "maxHandleSize": 1}], "commands": [{"code": "allocation", "name": "\u5206\u914d\u5bb9\u5668", "noteCn": null, "noteEn": null, "actionCode": "allocate_container", "actionName": "\u5206\u914d\u5bb9\u5668\u6307\u4ee4", "params": [{"paramCode": "containerType", "value": "[{\"minCount\":\"1\",\"maxCount\":1,\"containerTypeCode\":\"container_lxgj\",\"containerTypeName\":\"\u7535\u5316\u5b66\u5206\u6790\u79bb\u5fc3\u7ba1\u67b6\",\"defaultCount\":1,\"allocateMode\":\"new\"},{\"minCount\":\"1\",\"maxCount\":1,\"containerTypeCode\":\"container_kb\",\"containerTypeName\":\"\u7535\u5316\u5b66\u5206\u6790\u5b54\u677f\",\"allocateMode\":\"new\",\"defaultCount\":1}]"}, {"paramCode": "allocateOrder", "value": "small"}, {"paramCode": "allocateWorkstations", "value": "[]"}]}, {"code": "take_all", "name": "\u62ff\u53d6\u5bb9\u5668", "noteCn": null, "noteEn": null, "actionCode": "take_all", "actionName": "take_all\u6307\u4ee4", "params": [{"paramCode": "containerTypeList", "value": "[{\"containerTypeCode\":\"container_kb\",\"containerTypeName\":\"\u7535\u5316\u5b66\u5206\u6790\u5b54\u677f\",\"slotTypeCode\":\"slot_kb\"},{\"containerTypeCode\":\"container_lxgj\",\"containerTypeName\":\"\u7535\u5316\u5b66\u5206\u6790\u79bb\u5fc3\u7ba1\u67b6\",\"slotTypeCode\":\"slot_lxgj\"}]"}, {"paramCode": "slotType", "value": "{}"}, {"paramCode": "robotCodes", "value": "[]"}, {"paramCode": "fromOrder", "value": "small"}, {"paramCode": "toOrder", "value": "small"}, {"paramCode": "storageWorkstation", "value": "{}"}, {"paramCode": "withParentContainerType", "value": "{}"}]}, {"code": "put_all", "name": "\u653e\u7f6e\u5bb9\u5668", "noteCn": null, "noteEn": null, "actionCode": "put_all", "actionName": "put_all\u6307\u4ee4", "params": [{"paramCode": "containerTypeList", "value": "[{\"containerTypeCode\":\"container_kb\",\"containerTypeName\":\"\u7535\u5316\u5b66\u5206\u6790\u5b54\u677f\",\"slotTypeCode\":\"slot_kb\",\"withParentContainerTypeCode\":\"\"},{\"containerTypeCode\":\"container_lxgj\",\"containerTypeName\":\"\u7535\u5316\u5b66\u5206\u6790\u79bb\u5fc3\u7ba1\u67b6\",\"slotTypeCode\":\"slot_lxgj\",\"withParentContainerTypeCode\":\"\"}]"}, {"paramCode": "robotCodes", "value": "[]"}, {"paramCode": "fromOrder", "value": "small"}, {"paramCode": "toOrder", "value": "small"}]}], "containerSettings": [{"typeId": 1577646177780736, "typeCode": "slot_lxgj", "typeName": "\u7535\u5316\u5b66\u5206\u6790\u79bb\u5fc3\u7ba1\u67b6\u69fd\u4f4d", "containerType": "slot", "allCount": 1, "children": []}, {"typeId": 1577644841960448, "typeCode": "slot_kb", "typeName": "\u7535\u5316\u5b66\u5206\u6790\u5b54\u677f\u69fd\u4f4d", "containerType": "slot", "allCount": 1, "children": []}], "variables": [], "resultSetting": {"url": "", "type": "", "preview": false}, "ignoreMaterial": true, "defaultVersion": true, "updatedActions": null}