{"id": 1577579701339136, "version": "1.0", "code": "furnace_workstation", "name": "\u7535\u5316\u5b66-\u9ad8\u6e29\u7089", "noteCn": "\u7126\u8033\u52a0\u70ed\u7089\u662f\u5229\u7528\u7535\u6d41\u901a\u8fc7\u7535\u963b\u4ea7\u751f\u70ed\u91cf\u7684\u539f\u7406\u6765\u5bf9\u6837\u54c1\u8fdb\u884c\u52a0\u70ed\u7684\u8bbe\u5907\u3002\u5b83\u53ef\u4ee5\u7cbe\u786e\u63a7\u5236\u52a0\u70ed\u7684\u6e29\u5ea6\u3001\u65f6\u95f4\u548c\u5347\u6e29\u901f\u7387\u7b49\u53c2\u6570\u3002\u5728\u6750\u6599\u7814\u7a76\u4e2d\uff0c\u53ef\u7528\u4e8e\u5bf9\u91d1\u5c5e\u3001\u9676\u74f7\u7b49\u6750\u6599\u8fdb\u884c\u70ed\u5904\u7406\uff0c\u6539\u53d8\u6750\u6599\u7684\u7ec4\u7ec7\u7ed3\u6784\u548c\u6027\u80fd\uff0c\u5982\u63d0\u9ad8\u91d1\u5c5e\u7684\u786c\u5ea6\u3001\u6539\u5584\u9676\u74f7\u7684\u97e7\u6027\u7b49\u3002\u5728\u5316\u5b66\u5408\u6210\u4e2d\uff0c\u53ef\u7528\u4e8e\u63d0\u4f9b\u7279\u5b9a\u7684\u53cd\u5e94\u6e29\u5ea6\u73af\u5883\uff0c\u4fc3\u8fdb\u5316\u5b66\u53cd\u5e94\u7684\u8fdb\u884c\uff0c\u5bf9\u4e8e\u4e00\u4e9b\u9700\u8981\u9ad8\u6e29\u6761\u4ef6\u7684\u5316\u5b66\u53cd\u5e94\u5177\u6709\u91cd\u8981\u4f5c\u7528\u3002", "noteEn": "", "createTime": "2025-07-18 15:18:31", "updateTime": "2025-11-07 19:42:38", "paramUrl": "", "modelCode": null, "modelName": null, "modelImages": null, "definer": 0, "equipManufacturerCode": "AAL", "equipManufacturerName": "\u5409\u6797\u7701\u5e15\u8fea\u514b\u7cbe\u5bc6\u4eea\u5668\u6709\u9650\u516c\u53f8", "actions": [{"id": 1897802271491077, "code": "start", "name": "\u6d41\u7a0b\u5f00\u59cb", "noteCn": "\u6d41\u7a0b\u5f00\u59cb", "noteEn": "start", "translator": "default", "translatorArgs": {"url": "/script/GaoWenLu", "method": "POST"}, "recommend": null, "params": [{"paramCode": "type", "paramName": "\u4eea\u5668\u7c7b\u578b", "ioType": "CONSTANT", "dataType": "string", "value": null, "defaultValue": "GaoWenLu", "script": null, "required": 1, "advanced": null, "timeFlag": null, "elementDataType": null, "bindDataType": null, "bindDataTypeProperty": null, "property": null, "childParams": [], "constraintType": null, "constraintValue": "", "constraintValueEn": "", "unitTypeCode": null, "unitTypeName": null, "noteCn": "\u9ad8\u6e29\u7089", "noteEn": null, "flatten": false, "selectorType": null, "selection": null}, {"paramCode": "cmd", "paramName": "\u6307\u4ee4\u540d\u79f0", "ioType": "CONSTANT", "dataType": "string", "value": null, "defaultValue": "ScriptRun", "script": null, "required": 1, "advanced": null, "timeFlag": null, "elementDataType": null, "bindDataType": null, "bindDataTypeProperty": null, "property": null, "childParams": [], "constraintType": null, "constraintValue": "", "constraintValueEn": "", "unitTypeCode": null, "unitTypeName": null, "noteCn": "\u8fd0\u884c\u811a\u672c", "noteEn": null, "flatten": false, "selectorType": null, "selection": null}, {"paramCode": "Mode", "paramName": "\u70e7\u6837\u6a21\u5f0f", "ioType": "INPUT", "dataType": "int", "value": null, "defaultValue": "0", "script": null, "required": 1, "advanced": null, "timeFlag": null, "elementDataType": "", "bindDataType": "", "bindDataTypeProperty": null, "property": null, "childParams": [], "constraintType": "ENUM", "constraintValue": "[{\"label\":\"\u5355\u70b9\u70e7\u6837\",\"value\":\"1\"},{\"label\":\"\u9010\u70b9\u70e7\u6837\",\"value\":\"0\"}]", "constraintValueEn": "", "unitTypeCode": null, "unitTypeName": null, "noteCn": "0\u4e3a\u9010\u70b9\u70e7\u6837\uff0c1\u4e3a\u5355\u70b9\u70e7\u6837", "noteEn": null, "flatten": false, "selectorType": null, "selection": null}, {"paramCode": "VPressure", "paramName": "\u62bd\u771f\u7a7a\u538b\u529b", "ioType": "INPUT", "dataType": "int", "value": null, "defaultValue": "-70", "script": null, "required": 1, "advanced": null, "timeFlag": null, "elementDataType": "", "bindDataType": "", "bindDataTypeProperty": null, "property": null, "childParams": [], "constraintType": null, "constraintValue": "", "constraintValueEn": "", "unitTypeCode": null, "unitTypeName": null, "noteCn": "-700\u4e3a-70kPa", "noteEn": null, "flatten": false, "selectorType": null, "selection": null}, {"paramCode": "Protected", "paramName": "\u662f\u5426\u5145\u4fdd\u62a4\u6c14", "ioType": "INPUT", "dataType": "int", "value": null, "defaultValue": "0", "script": null, "required": 1, "advanced": null, "timeFlag": null, "elementDataType": "", "bindDataType": "", "bindDataTypeProperty": null, "property": null, "childParams": [], "constraintType": "ENUM", "constraintValue": "[{\"label\":\"\u662f\",\"value\":\"1\"},{\"label\":\"\u5426\",\"value\":\"0\"}]", "constraintValueEn": "", "unitTypeCode": null, "unitTypeName": null, "noteCn": "1\u4e3a\u5145\u4fdd\u62a4\u6c14\uff0c0\u4e3a\u4e0d\u5145", "noteEn": null, "flatten": false, "selectorType": null, "selection": null}, {"paramCode": "PPressure", "paramName": "\u5145\u4fdd\u62a4\u6c14\u538b\u529b", "ioType": "INPUT", "dataType": "int", "value": null, "defaultValue": "-20", "script": null, "required": 1, "advanced": null, "timeFlag": null, "elementDataType": "", "bindDataType": "", "bindDataTypeProperty": null, "property": null, "childParams": [], "constraintType": null, "constraintValue": "", "constraintValueEn": "", "unitTypeCode": null, "unitTypeName": null, "noteCn": "-200\u8868\u793a-20kPa", "noteEn": null, "flatten": false, "selectorType": null, "selection": null}, {"paramCode": "PCount", "paramName": "\u4fdd\u62a4\u6c14\u5faa\u73af\u6b21\u6570", "ioType": "INPUT", "dataType": "int", "value": null, "defaultValue": "1", "script": null, "required": 1, "advanced": null, "timeFlag": null, "elementDataType": "", "bindDataType": "", "bindDataTypeProperty": null, "property": null, "childParams": [], "constraintType": null, "constraintValue": "", "constraintValueEn": "", "unitTypeCode": null, "unitTypeName": null, "noteCn": null, "noteEn": null, "flatten": false, "selectorType": null, "selection": null}, {"paramCode": "Row_0", "paramName": "\u884c\u53f7", "ioType": "CONSTANT", "dataType": "int", "value": null, "defaultValue": "0", "script": null, "required": 1, "advanced": null, "timeFlag": null, "elementDataType": "", "bindDataType": "", "bindDataTypeProperty": null, "property": null, "childParams": [], "constraintType": null, "constraintValue": "", "constraintValueEn": "", "unitTypeCode": null, "unitTypeName": null, "noteCn": null, "noteEn": null, "flatten": false, "selectorType": null, "selection": null}, {"paramCode": "Column_0", "paramName": "\u5217\u53f7", "ioType": "CONSTANT", "dataType": "int", "value": null, "defaultValue": "0", "script": null, "required": 1, "advanced": null, "timeFlag": null, "elementDataType": "", "bindDataType": "", "bindDataTypeProperty": null, "property": null, "childParams": [], "constraintType": null, "constraintValue": "", "constraintValueEn": "", "unitTypeCode": null, "unitTypeName": null, "noteCn": null, "noteEn": null, "flatten": false, "selectorType": null, "selection": null}, {"paramCode": "Temp_0", "paramName": "\u52a0\u70ed\u6e29\u5ea6(\u7b2c1\u884c\u7b2c1\u5217\u4f4d\u7f6e\uff09", "ioType": "INPUT", "dataType": "int", "value": null, "defaultValue": "1500", "script": null, "required": 1, "advanced": null, "timeFlag": null, "elementDataType": "", "bindDataType": "", "bindDataTypeProperty": null, "property": null, "childParams": [], "constraintType": null, "constraintValue": "", "constraintValueEn": "", "unitTypeCode": null, "unitTypeName": null, "noteCn": null, "noteEn": null, "flatten": false, "selectorType": null, "selection": null}, {"paramCode": "HeatingTime_0", "paramName": "\u52a0\u70ed\u65f6\u95f4(\u7b2c1\u884c\u7b2c1\u5217\u4f4d\u7f6e\uff09", "ioType": "INPUT", "dataType": "int", "value": null, "defaultValue": "30", "script": null, "required": 1, "advanced": null, "timeFlag": null, "elementDataType": "", "bindDataType": "", "bindDataTypeProperty": null, "property": null, "childParams": [], "constraintType": null, "constraintValue": "", "constraintValueEn": "", "unitTypeCode": null, "unitTypeName": null, "noteCn": null, "noteEn": null, "flatten": false, "selectorType": null, "selection": null}, {"paramCode": "CoolingTime_0", "paramName": "\u51b7\u5374\u65f6\u95f4(\u7b2c1\u884c\u7b2c1\u5217\u4f4d\u7f6e\uff09", "ioType": "INPUT", "dataType": "int", "value": null, "defaultValue": "5", "script": null, "required": 1, "advanced": null, "timeFlag": null, "elementDataType": "", "bindDataType": "", "bindDataTypeProperty": null, "property": null, "childParams": [], "constraintType": null, "constraintValue": "", "constraintValueEn": "", "unitTypeCode": null, "unitTypeName": null, "noteCn": null, "noteEn": null, "flatten": false, "selectorType": null, "selection": null}, {"paramCode": "Count_0", "paramName": "\u5faa\u73af\u6b21\u6570(\u7b2c1\u884c\u7b2c1\u5217\u4f4d\u7f6e\uff09", "ioType": "INPUT", "dataType": "int", "value": null, "defaultValue": "1", "script": null, "required": 1, "advanced": null, "timeFlag": null, "elementDataType": "", "bindDataType": "", "bindDataTypeProperty": null, "property": null, "childParams": [], "constraintType": null, "constraintValue": "", "constraintValueEn": "", "unitTypeCode": null, "unitTypeName": null, "noteCn": null, "noteEn": null, "flatten": false, "selectorType": null, "selection": null}, {"paramCode": "Row_1", "paramName": "Row_1", "ioType": "CONSTANT", "dataType": "int", "value": null, "defaultValue": "1", "script": null, "required": 1, "advanced": null, "timeFlag": null, "elementDataType": "", "bindDataType": "", "bindDataTypeProperty": null, "property": null, "childParams": [], "constraintType": null, "constraintValue": "", "constraintValueEn": "", "unitTypeCode": null, "unitTypeName": null, "noteCn": null, "noteEn": null, "flatten": false, "selectorType": null, "selection": null}, {"paramCode": "Column_1", "paramName": "\u5217\u53f7", "ioType": "CONSTANT", "dataType": "int", "value": null, "defaultValue": "0", "script": null, "required": 1, "advanced": null, "timeFlag": null, "elementDataType": "", "bindDataType": "", "bindDataTypeProperty": null, "property": null, "childParams": [], "constraintType": null, "constraintValue": "", "constraintValueEn": "", "unitTypeCode": null, "unitTypeName": null, "noteCn": null, "noteEn": null, "flatten": false, "selectorType": null, "selection": null}, {"paramCode": "Temp_1", "paramName": "\u52a0\u70ed\u6e29\u5ea6(\u7b2c2\u884c\u7b2c1\u5217\u4f4d\u7f6e\uff09", "ioType": "INPUT", "dataType": "int", "value": null, "defaultValue": "1500", "script": null, "required": 1, "advanced": null, "timeFlag": null, "elementDataType": "", "bindDataType": "", "bindDataTypeProperty": null, "property": null, "childParams": [], "constraintType": null, "constraintValue": "", "constraintValueEn": "", "unitTypeCode": null, "unitTypeName": null, "noteCn": null, "noteEn": null, "flatten": false, "selectorType": null, "selection": null}, {"paramCode": "HeatingTime_1", "paramName": "\u52a0\u70ed\u65f6\u95f4(\u7b2c2\u884c\u7b2c1\u5217\u4f4d\u7f6e\uff09", "ioType": "INPUT", "dataType": "int", "value": null, "defaultValue": "30", "script": null, "required": 1, "advanced": null, "timeFlag": null, "elementDataType": "", "bindDataType": "", "bindDataTypeProperty": null, "property": null, "childParams": [], "constraintType": null, "constraintValue": "", "constraintValueEn": "", "unitTypeCode": null, "unitTypeName": null, "noteCn": null, "noteEn": null, "flatten": false, "selectorType": null, "selection": null}, {"paramCode": "CoolingTime_1", "paramName": "\u51b7\u5374\u65f6\u95f4(\u7b2c2\u884c\u7b2c1\u5217\u4f4d\u7f6e\uff09", "ioType": "INPUT", "dataType": "int", "value": null, "defaultValue": "5", "script": null, "required": 1, "advanced": null, "timeFlag": null, "elementDataType": "", "bindDataType": "", "bindDataTypeProperty": null, "property": null, "childParams": [], "constraintType": null, "constraintValue": "", "constraintValueEn": "", "unitTypeCode": null, "unitTypeName": null, "noteCn": null, "noteEn": null, "flatten": false, "selectorType": null, "selection": null}, {"paramCode": "Count_1", "paramName": "\u5faa\u73af\u6b21\u6570(\u7b2c2\u884c\u7b2c1\u5217\u4f4d\u7f6e\uff09", "ioType": "INPUT", "dataType": "int", "value": null, "defaultValue": "1", "script": null, "required": 1, "advanced": null, "timeFlag": null, "elementDataType": "", "bindDataType": "", "bindDataTypeProperty": null, "property": null, "childParams": [], "constraintType": null, "constraintValue": "", "constraintValueEn": "", "unitTypeCode": null, "unitTypeName": null, "noteCn": null, "noteEn": null, "flatten": false, "selectorType": null, "selection": null}, {"paramCode": "Row_2", "paramName": "\u884c\u53f7", "ioType": "CONSTANT", "dataType": "int", "value": null, "defaultValue": "2", "script": null, "required": 1, "advanced": null, "timeFlag": null, "elementDataType": "", "bindDataType": "", "bindDataTypeProperty": null, "property": null, "childParams": [], "constraintType": null, "constraintValue": "", "constraintValueEn": "", "unitTypeCode": null, "unitTypeName": null, "noteCn": null, "noteEn": null, "flatten": false, "selectorType": null, "selection": null}, {"paramCode": "Column_2", "paramName": "\u5217\u53f7", "ioType": "CONSTANT", "dataType": "int", "value": null, "defaultValue": "0", "script": null, "required": 1, "advanced": null, "timeFlag": null, "elementDataType": "", "bindDataType": "", "bindDataTypeProperty": null, "property": null, "childParams": [], "constraintType": null, "constraintValue": "", "constraintValueEn": "", "unitTypeCode": null, "unitTypeName": null, "noteCn": null, "noteEn": null, "flatten": false, "selectorType": null, "selection": null}, {"paramCode": "Temp_2", "paramName": "\u52a0\u70ed\u6e29\u5ea6(\u7b2c3\u884c\u7b2c1\u5217\u4f4d\u7f6e\uff09", "ioType": "INPUT", "dataType": "int", "value": null, "defaultValue": "1500", "script": null, "required": 1, "advanced": null, "timeFlag": null, "elementDataType": "", "bindDataType": "", "bindDataTypeProperty": null, "property": null, "childParams": [], "constraintType": null, "constraintValue": "", "constraintValueEn": "", "unitTypeCode": null, "unitTypeName": null, "noteCn": null, "noteEn": null, "flatten": false, "selectorType": null, "selection": null}, {"paramCode": "HeatingTime_2", "paramName": "\u52a0\u70ed\u65f6\u95f4(\u7b2c3\u884c\u7b2c1\u5217\u4f4d\u7f6e\uff09", "ioType": "INPUT", "dataType": "int", "value": null, "defaultValue": "30", "script": null, "required": 1, "advanced": null, "timeFlag": null, "elementDataType": "", "bindDataType": "", "bindDataTypeProperty": null, "property": null, "childParams": [], "constraintType": null, "constraintValue": "", "constraintValueEn": "", "unitTypeCode": null, "unitTypeName": null, "noteCn": null, "noteEn": null, "flatten": false, "selectorType": null, "selection": null}, {"paramCode": "CoolingTime_2", "paramName": "\u51b7\u5374\u65f6\u95f4(\u7b2c3\u884c\u7b2c1\u5217\u4f4d\u7f6e\uff09", "ioType": "INPUT", "dataType": "int", "value": null, "defaultValue": "5", "script": null, "required": 1, "advanced": null, "timeFlag": null, "elementDataType": "", "bindDataType": "", "bindDataTypeProperty": null, "property": null, "childParams": [], "constraintType": null, "constraintValue": "", "constraintValueEn": "", "unitTypeCode": null, "unitTypeName": null, "noteCn": null, "noteEn": null, "flatten": false, "selectorType": null, "selection": null}, {"paramCode": "Count_2", "paramName": "\u5faa\u73af\u6b21\u6570(\u7b2c3\u884c\u7b2c1\u5217\u4f4d\u7f6e\uff09", "ioType": "INPUT", "dataType": "int", "value": null, "defaultValue": "1", "script": null, "required": 1, "advanced": null, "timeFlag": null, "elementDataType": "", "bindDataType": "", "bindDataTypeProperty": null, "property": null, "childParams": [], "constraintType": null, "constraintValue": "", "constraintValueEn": "", "unitTypeCode": null, "unitTypeName": null, "noteCn": null, "noteEn": null, "flatten": false, "selectorType": null, "selection": null}, {"paramCode": "Row_3", "paramName": "\u884c\u53f7", "ioType": "CONSTANT", "dataType": "int", "value": null, "defaultValue": "3", "script": null, "required": 1, "advanced": null, "timeFlag": null, "elementDataType": "", "bindDataType": "", "bindDataTypeProperty": null, "property": null, "childParams": [], "constraintType": null, "constraintValue": "", "constraintValueEn": "", "unitTypeCode": null, "unitTypeName": null, "noteCn": null, "noteEn": null, "flatten": false, "selectorType": null, "selection": null}, {"paramCode": "Column_3", "paramName": "\u5217\u53f7", "ioType": "CONSTANT", "dataType": "int", "value": null, "defaultValue": "0", "script": null, "required": 1, "advanced": null, "timeFlag": null, "elementDataType": "", "bindDataType": "", "bindDataTypeProperty": null, "property": null, "childParams": [], "constraintType": null, "constraintValue": "", "constraintValueEn": "", "unitTypeCode": null, "unitTypeName": null, "noteCn": null, "noteEn": null, "flatten": false, "selectorType": null, "selection": null}, {"paramCode": "Temp_3", "paramName": "\u52a0\u70ed\u6e29\u5ea6(\u7b2c4\u884c\u7b2c1\u5217\u4f4d\u7f6e\uff09", "ioType": "INPUT", "dataType": "int", "value": null, "defaultValue": "1500", "script": null, "required": 1, "advanced": null, "timeFlag": null, "elementDataType": "", "bindDataType": "", "bindDataTypeProperty": null, "property": null, "childParams": [], "constraintType": null, "constraintValue": "", "constraintValueEn": "", "unitTypeCode": null, "unitTypeName": null, "noteCn": null, "noteEn": null, "flatten": false, "selectorType": null, "selection": null}, {"paramCode": "HeatingTime_3", "paramName": "\u52a0\u70ed\u65f6\u95f4(\u7b2c4\u884c\u7b2c1\u5217\u4f4d\u7f6e\uff09", "ioType": "INPUT", "dataType": "int", "value": null, "defaultValue": "30", "script": null, "required": 1, "advanced": null, "timeFlag": null, "elementDataType": "", "bindDataType": "", "bindDataTypeProperty": null, "property": null, "childParams": [], "constraintType": null, "constraintValue": "", "constraintValueEn": "", "unitTypeCode": null, "unitTypeName": null, "noteCn": null, "noteEn": null, "flatten": false, "selectorType": null, "selection": null}, {"paramCode": "CoolingTime_3", "paramName": "\u51b7\u5374\u65f6\u95f4(\u7b2c4\u884c\u7b2c1\u5217\u4f4d\u7f6e\uff09", "ioType": "INPUT", "dataType": "int", "value": null, "defaultValue": "5", "script": null, "required": 1, "advanced": null, "timeFlag": null, "elementDataType": "", "bindDataType": "", "bindDataTypeProperty": null, "property": null, "childParams": [], "constraintType": null, "constraintValue": "", "constraintValueEn": "", "unitTypeCode": null, "unitTypeName": null, "noteCn": null, "noteEn": null, "flatten": false, "selectorType": null, "selection": null}, {"paramCode": "Count_3", "paramName": "\u5faa\u73af\u6b21\u6570(\u7b2c4\u884c\u7b2c1\u5217\u4f4d\u7f6e\uff09", "ioType": "INPUT", "dataType": "int", "value": null, "defaultValue": "1", "script": null, "required": 1, "advanced": null, "timeFlag": null, "elementDataType": "", "bindDataType": "", "bindDataTypeProperty": null, "property": null, "childParams": [], "constraintType": null, "constraintValue": "", "constraintValueEn": "", "unitTypeCode": null, "unitTypeName": null, "noteCn": null, "noteEn": null, "flatten": false, "selectorType": null, "selection": null}]}], "allocates": [{"containerTypeCode": "container_btp", "maxHandleSize": 3}], "commands": [{"code": "allocation", "name": "\u5206\u914d\u5bb9\u5668", "noteCn": null, "noteEn": null, "actionCode": "allocate_container", "actionName": "\u5206\u914d\u5bb9\u5668\u6307\u4ee4", "params": [{"paramCode": "containerType", "value": "[{\"minCount\":\"1\",\"maxCount\":\"100\",\"containerTypeCode\":\"container_btp\",\"containerTypeName\":\"\u7535\u5316\u5b66\u5206\u6790\u73bb\u78b3\u7247\",\"allocateMode\":\"extend\",\"defaultCount\":3}]"}, {"paramCode": "allocateOrder", "value": "big"}, {"paramCode": "allocateWorkstations", "value": "[]"}]}, {"code": "put", "name": "\u653e\u7f6e\u73bb\u78b3\u7247", "noteCn": null, "noteEn": null, "actionCode": "put", "actionName": "put\u6307\u4ee4", "params": [{"paramCode": "containerType", "value": "{\"containerTypeCode\":\"container_btp\",\"containerTypeName\":\"\u7535\u5316\u5b66\u5206\u6790\u73bb\u78b3\u7247\"}"}, {"paramCode": "slotType", "value": "{}"}, {"paramCode": "robotCodes", "value": "[]"}, {"paramCode": "fromOrder", "value": "small"}, {"paramCode": "toOrder", "value": "small"}, {"paramCode": "withParentContainerType", "value": "{\"containerTypeCode\":\"container_gyb\",\"containerTypeName\":\"\u7535\u5316\u5b66\u5206\u6790\u521a\u7389\u677f\"}"}]}, {"code": "take", "name": "\u62ff\u53d6\u73bb\u78b3\u7247", "noteCn": null, "noteEn": null, "actionCode": "take", "actionName": "take\u6307\u4ee4", "params": [{"paramCode": "containerType", "value": "{\"containerTypeCode\":\"container_btp\",\"containerTypeName\":\"\u7535\u5316\u5b66\u5206\u6790\u73bb\u78b3\u7247\"}"}, {"paramCode": "slotType", "value": "{}"}, {"paramCode": "robotCodes", "value": "[]"}, {"paramCode": "fromOrder", "value": "small"}, {"paramCode": "toOrder", "value": "small"}, {"paramCode": "storageWorkstation", "value": "{}"}, {"paramCode": "userDefinedPos", "value": ""}, {"paramCode": "withParentContainerType", "value": "{\"containerTypeCode\":\"container_gyb\",\"containerTypeName\":\"\u7535\u5316\u5b66\u5206\u6790\u521a\u7389\u677f\"}"}]}, {"code": "common", "name": "\u901a\u7528\u6307\u4ee4", "noteCn": null, "noteEn": null, "actionCode": "common", "actionName": "\u901a\u7528\u6307\u4ee4", "params": null}], "containerSettings": [{"typeId": 1577648058500096, "typeCode": "slot_gyb", "typeName": "\u7535\u5316\u5b66\u5206\u6790\u521a\u7389\u677f\u69fd\u4f4d", "containerType": "slot", "allCount": 1, "children": []}], "variables": [], "resultSetting": {"url": "", "type": "", "preview": false}, "ignoreMaterial": true, "defaultVersion": true, "updatedActions": null}