{"id": 1580967944848384, "version": "1.0", "code": "high_throughput_advanced_material_screening_workstation", "name": "\u9ad8\u901a\u91cf\u7535\u5316\u5b66\u7b5b\u9009\u5de5\u4f5c\u7ad9", "noteCn": "\u9ad8\u901a\u91cf\u5148\u8fdb\u6750\u6599\u7b5b\u9009\u5de5\u4f5c\u7ad9\u80fd\u591f\u5feb\u901f\u3001\u9ad8\u6548\u5730\u5bf9\u5927\u91cf\u4e0d\u540c\u7684\u6750\u6599\u6837\u54c1\u8fdb\u884c\u6027\u80fd\u7b5b\u9009\u548c\u8bc4\u4f30\u3002\u5b83\u96c6\u6210\u4e86\u591a\u79cd\u5206\u6790\u6d4b\u8bd5\u8bbe\u5907\u548c\u81ea\u52a8\u5316\u64cd\u4f5c\u7cfb\u7edf\uff0c\u53ef\u4ee5\u5bf9\u6750\u6599\u7684\u7269\u7406\u6027\u80fd\uff08\u5982\u5f3a\u5ea6\u3001\u786c\u5ea6\u3001\u5bfc\u7535\u6027\u7b49\uff09\u3001\u5316\u5b66\u6027\u80fd\uff08\u5982\u8010\u8150\u8680\u6027\u3001\u50ac\u5316\u6d3b\u6027\u7b49\uff09\u8fdb\u884c\u540c\u65f6\u6d4b\u8bd5\u3002\u5728\u6750\u6599\u7814\u53d1\u4e2d\uff0c\u53ef\u5927\u5927\u7f29\u77ed\u6750\u6599\u7b5b\u9009\u7684\u5468\u671f\uff0c\u5feb\u901f\u627e\u5230\u5177\u6709\u4f18\u826f\u6027\u80fd\u7684\u6750\u6599\uff0c\u4e3a\u65b0\u6750\u6599\u7684\u5f00\u53d1\u548c\u5e94\u7528\u63d0\u4f9b\u6709\u529b\u652f\u6301\uff0c\u4f8b\u5982\u5728\u65b0\u80fd\u6e90\u6750\u6599\u3001\u7535\u5b50\u4fe1\u606f\u6750\u6599\u7b49\u9886\u57df\u7684\u7814\u53d1\u4e2d\u5177\u6709\u91cd\u8981\u5e94\u7528\u3002", "noteEn": "", "createTime": "2025-07-19 20:01:52", "updateTime": "2025-11-07 19:42:38", "paramUrl": "", "modelCode": null, "modelName": null, "modelImages": null, "definer": 0, "equipManufacturerCode": "AAU", "equipManufacturerName": "\u4e2d\u79d1\u5e94\u5316\uff08\u957f\u6625\uff09\u79d1\u6280\u6709\u9650\u516c\u53f8", "actions": [{"id": 1897802271753249, "code": "DeviceReset", "name": "\u4f38\u51fa\u6837\u54c1\u53f0", "noteCn": null, "noteEn": null, "translator": "default", "translatorArgs": {"url": "/script/XianWeiJing", "method": "POST"}, "recommend": null, "params": [{"paramCode": "type", "paramName": "\u8bbe\u5907\u7c7b\u578b", "ioType": "CONSTANT", "dataType": "string", "value": null, "defaultValue": "XianWeiJing", "script": null, "required": 1, "advanced": null, "timeFlag": null, "elementDataType": null, "bindDataType": null, "bindDataTypeProperty": null, "property": null, "childParams": [], "constraintType": null, "constraintValue": "", "constraintValueEn": "", "unitTypeCode": null, "unitTypeName": null, "noteCn": "\u663e\u5fae\u955c", "noteEn": null, "flatten": false, "selectorType": null, "selection": null}, {"paramCode": "cmd", "paramName": "\u6307\u4ee4\u540d\u79f0", "ioType": "CONSTANT", "dataType": "string", "value": null, "defaultValue": "ScriptRun", "script": null, "required": 1, "advanced": null, "timeFlag": null, "elementDataType": null, "bindDataType": null, "bindDataTypeProperty": null, "property": null, "childParams": [], "constraintType": null, "constraintValue": "", "constraintValueEn": "", "unitTypeCode": null, "unitTypeName": null, "noteCn": "\u8fd0\u884c\u6307\u5b9a\u811a\u672c", "noteEn": null, "flatten": false, "selectorType": null, "selection": null}, {"paramCode": "Name", "paramName": "\u811a\u672c\u540d\u79f0", "ioType": "CONSTANT", "dataType": "string", "value": null, "defaultValue": "STE", "script": null, "required": 1, "advanced": null, "timeFlag": null, "elementDataType": null, "bindDataType": null, "bindDataTypeProperty": null, "property": null, "childParams": [], "constraintType": null, "constraintValue": "", "constraintValueEn": "", "unitTypeCode": null, "unitTypeName": null, "noteCn": "\u4f38\u51fa\u6837\u54c1\u53f0", "noteEn": null, "flatten": false, "selectorType": null, "selection": null}]}, {"id": 1897802271753250, "code": "TakePhoto", "name": "\u5230\u6307\u5b9a\u4f4d\u7f6e\u62cd\u7167", "noteCn": null, "noteEn": null, "translator": "default", "translatorArgs": {"url": "/script/XianWeiJing", "method": "POST"}, "recommend": null, "params": [{"paramCode": "type", "paramName": "\u8bbe\u5907\u7c7b\u578b", "ioType": "CONSTANT", "dataType": "string", "value": null, "defaultValue": "XianWeiJing", "script": null, "required": 1, "advanced": null, "timeFlag": null, "elementDataType": null, "bindDataType": null, "bindDataTypeProperty": null, "property": null, "childParams": [], "constraintType": null, "constraintValue": "", "constraintValueEn": "", "unitTypeCode": null, "unitTypeName": null, "noteCn": "\u663e\u5fae\u955c", "noteEn": null, "flatten": false, "selectorType": null, "selection": null}, {"paramCode": "cmd", "paramName": "\u6307\u4ee4\u540d\u79f0", "ioType": "CONSTANT", "dataType": "string", "value": null, "defaultValue": "ScriptRun", "script": null, "required": 1, "advanced": null, "timeFlag": null, "elementDataType": null, "bindDataType": null, "bindDataTypeProperty": null, "property": null, "childParams": [], "constraintType": null, "constraintValue": "", "constraintValueEn": "", "unitTypeCode": null, "unitTypeName": null, "noteCn": "\u8fd0\u884c\u6307\u5b9a\u811a\u672c", "noteEn": null, "flatten": false, "selectorType": null, "selection": null}, {"paramCode": "Name", "paramName": "\u811a\u672c\u540d\u79f0", "ioType": "CONSTANT", "dataType": "string", "value": null, "defaultValue": "PL", "script": null, "required": 1, "advanced": null, "timeFlag": null, "elementDataType": null, "bindDataType": null, "bindDataTypeProperty": null, "property": null, "childParams": [], "constraintType": null, "constraintValue": "", "constraintValueEn": "", "unitTypeCode": null, "unitTypeName": null, "noteCn": "\u62cd\u7167", "noteEn": null, "flatten": false, "selectorType": null, "selection": null}, {"paramCode": "PhotoLocation", "paramName": "\u62cd\u7167\u4f4d\u7f6e\uff081\uff0c2\uff0c3\uff09", "ioType": "INPUT", "dataType": "int", "value": null, "defaultValue": "1", "script": null, "required": 1, "advanced": null, "timeFlag": null, "elementDataType": "", "bindDataType": "", "bindDataTypeProperty": null, "property": null, "childParams": [], "constraintType": "ENUM", "constraintValue": "[{\"label\":\"\u4f4d\u7f6e1\",\"value\":\"1\"},{\"label\":\"\u4f4d\u7f6e2\",\"value\":\"2\"},{\"label\":\"\u4f4d\u7f6e3\",\"value\":\"3\"}]", "constraintValueEn": "", "unitTypeCode": null, "unitTypeName": null, "noteCn": null, "noteEn": null, "flatten": false, "selectorType": null, "selection": null}, {"paramCode": "result", "paramName": "result", "ioType": "OUTPUT", "dataType": "file", "value": null, "defaultValue": null, "script": null, "required": 0, "advanced": null, "timeFlag": null, "elementDataType": "", "bindDataType": "", "bindDataTypeProperty": null, "property": null, "childParams": [], "constraintType": null, "constraintValue": "", "constraintValueEn": "", "unitTypeCode": null, "unitTypeName": null, "noteCn": null, "noteEn": null, "flatten": false, "selectorType": null, "selection": null}]}, {"id": 1897802271753251, "code": "Config", "name": "\u914d\u7f6e\u6837\u70b9\u6620\u5c04\u5173\u7cfb", "noteCn": null, "noteEn": null, "translator": "default", "translatorArgs": {"url": "/script/XianWeiJing", "method": "POST"}, "recommend": null, "params": [{"paramCode": "type", "paramName": "\u8bbe\u5907\u7c7b\u578b", "ioType": "CONSTANT", "dataType": "string", "value": null, "defaultValue": "XianWeiJing", "script": null, "required": 1, "advanced": null, "timeFlag": null, "elementDataType": null, "bindDataType": null, "bindDataTypeProperty": null, "property": null, "childParams": [], "constraintType": null, "constraintValue": "", "constraintValueEn": "", "unitTypeCode": null, "unitTypeName": null, "noteCn": "\u663e\u5fae\u955c", "noteEn": null, "flatten": false, "selectorType": null, "selection": null}, {"paramCode": "cmd", "paramName": "\u6307\u4ee4\u540d\u79f0", "ioType": "CONSTANT", "dataType": "string", "value": null, "defaultValue": "ScriptRun", "script": null, "required": 1, "advanced": null, "timeFlag": null, "elementDataType": null, "bindDataType": null, "bindDataTypeProperty": null, "property": null, "childParams": [], "constraintType": null, "constraintValue": "", "constraintValueEn": "", "unitTypeCode": null, "unitTypeName": null, "noteCn": "\u8fd0\u884c\u6307\u5b9a\u811a\u672c", "noteEn": null, "flatten": false, "selectorType": null, "selection": null}, {"paramCode": "Name", "paramName": "\u811a\u672c\u540d\u79f0", "ioType": "CONSTANT", "dataType": "string", "value": null, "defaultValue": "Config", "script": null, "required": 1, "advanced": null, "timeFlag": null, "elementDataType": null, "bindDataType": null, "bindDataTypeProperty": null, "property": null, "childParams": [], "constraintType": null, "constraintValue": "", "constraintValueEn": "", "unitTypeCode": null, "unitTypeName": null, "noteCn": "\u914d\u7f6e\u6620\u5c04\u53c2\u6570", "noteEn": null, "flatten": false, "selectorType": null, "selection": null}, {"paramCode": "definitionParamUrl", "paramName": "\u914d\u7f6e\u6587\u4ef6\u8def\u5f84", "ioType": "INPUT", "dataType": "file", "value": null, "defaultValue": null, "script": null, "required": 1, "advanced": null, "timeFlag": null, "elementDataType": "", "bindDataType": "", "bindDataTypeProperty": null, "property": null, "childParams": [], "constraintType": null, "constraintValue": "", "constraintValueEn": "", "unitTypeCode": null, "unitTypeName": null, "noteCn": null, "noteEn": null, "flatten": false, "selectorType": null, "selection": null}]}, {"id": 1897802271753252, "code": "SlideLock", "name": "\u542f\u52a8\u5438\u9644\u5e95\u5ea7", "noteCn": null, "noteEn": null, "translator": "default", "translatorArgs": {"url": "/script/XianWeiJing", "method": "POST"}, "recommend": null, "params": [{"paramCode": "type", "paramName": "\u8bbe\u5907\u7c7b\u578b", "ioType": "CONSTANT", "dataType": "string", "value": null, "defaultValue": "XianWeiJing", "script": null, "required": 1, "advanced": null, "timeFlag": null, "elementDataType": null, "bindDataType": null, "bindDataTypeProperty": null, "property": null, "childParams": [], "constraintType": null, "constraintValue": "", "constraintValueEn": "", "unitTypeCode": null, "unitTypeName": null, "noteCn": "\u663e\u5fae\u955c", "noteEn": null, "flatten": false, "selectorType": null, "selection": null}, {"paramCode": "cmd", "paramName": "\u6307\u4ee4\u540d\u79f0", "ioType": "CONSTANT", "dataType": "string", "value": null, "defaultValue": "ScriptRun", "script": null, "required": 1, "advanced": null, "timeFlag": null, "elementDataType": null, "bindDataType": null, "bindDataTypeProperty": null, "property": null, "childParams": [], "constraintType": null, "constraintValue": "", "constraintValueEn": "", "unitTypeCode": null, "unitTypeName": null, "noteCn": "\u8fd0\u884c\u6307\u5b9a\u811a\u672c", "noteEn": null, "flatten": false, "selectorType": null, "selection": null}, {"paramCode": "Name", "paramName": "\u811a\u672c\u540d\u79f0", "ioType": "CONSTANT", "dataType": "string", "value": null, "defaultValue": "SlideLock", "script": null, "required": 1, "advanced": null, "timeFlag": null, "elementDataType": null, "bindDataType": null, "bindDataTypeProperty": null, "property": null, "childParams": [], "constraintType": null, "constraintValue": "", "constraintValueEn": "", "unitTypeCode": null, "unitTypeName": null, "noteCn": "\u5f00\u542f\u5438\u9644\u5e95\u5ea7", "noteEn": null, "flatten": false, "selectorType": null, "selection": null}]}, {"id": 1897802271753253, "code": "SlideUnLock", "name": "\u5173\u95ed\u5438\u9644\u5e95\u5ea7", "noteCn": null, "noteEn": null, "translator": "default", "translatorArgs": {"url": "/script/XianWeiJing", "method": "POST"}, "recommend": null, "params": [{"paramCode": "type", "paramName": "\u8bbe\u5907\u7c7b\u578b", "ioType": "CONSTANT", "dataType": "string", "value": null, "defaultValue": "XianWeiJing", "script": null, "required": 1, "advanced": null, "timeFlag": null, "elementDataType": null, "bindDataType": null, "bindDataTypeProperty": null, "property": null, "childParams": [], "constraintType": null, "constraintValue": "", "constraintValueEn": "", "unitTypeCode": null, "unitTypeName": null, "noteCn": "\u663e\u5fae\u955c", "noteEn": null, "flatten": false, "selectorType": null, "selection": null}, {"paramCode": "cmd", "paramName": "\u6307\u4ee4\u540d\u79f0", "ioType": "CONSTANT", "dataType": "string", "value": null, "defaultValue": "ScriptRun", "script": null, "required": 1, "advanced": null, "timeFlag": null, "elementDataType": null, "bindDataType": null, "bindDataTypeProperty": null, "property": null, "childParams": [], "constraintType": null, "constraintValue": "", "constraintValueEn": "", "unitTypeCode": null, "unitTypeName": null, "noteCn": "\u8fd0\u884c\u6307\u5b9a\u811a\u672c", "noteEn": null, "flatten": false, "selectorType": null, "selection": null}, {"paramCode": "Name", "paramName": "\u811a\u672c\u540d\u79f0", "ioType": "CONSTANT", "dataType": "string", "value": null, "defaultValue": "SlideUnLock", "script": null, "required": 1, "advanced": null, "timeFlag": null, "elementDataType": null, "bindDataType": null, "bindDataTypeProperty": null, "property": null, "childParams": [], "constraintType": null, "constraintValue": "", "constraintValueEn": "", "unitTypeCode": null, "unitTypeName": null, "noteCn": "\u5173\u95ed\u5438\u9644\u5e95\u5ea7", "noteEn": null, "flatten": false, "selectorType": null, "selection": null}]}, {"id": 1897802271753254, "code": "test", "name": "\u5d4c\u5957\u5355\u70b9\u5b9e\u9a8c", "noteCn": null, "noteEn": null, "translator": "default", "translatorArgs": {"url": "/script/XianWeiJing", "method": "POST"}, "recommend": null, "params": [{"paramCode": "type", "paramName": "\u8bbe\u5907\u7c7b\u578b", "ioType": "CONSTANT", "dataType": "string", "value": null, "defaultValue": "XianWeiJing", "script": null, "required": 1, "advanced": null, "timeFlag": null, "elementDataType": null, "bindDataType": null, "bindDataTypeProperty": null, "property": null, "childParams": [], "constraintType": null, "constraintValue": "", "constraintValueEn": "", "unitTypeCode": null, "unitTypeName": null, "noteCn": null, "noteEn": null, "flatten": false, "selectorType": null, "selection": null}, {"paramCode": "cmd", "paramName": "\u6307\u4ee4\u540d\u79f0", "ioType": "CONSTANT", "dataType": "string", "value": null, "defaultValue": "ScriptRun", "script": null, "required": 1, "advanced": null, "timeFlag": null, "elementDataType": null, "bindDataType": null, "bindDataTypeProperty": null, "property": null, "childParams": [], "constraintType": null, "constraintValue": "", "constraintValueEn": "", "unitTypeCode": null, "unitTypeName": null, "noteCn": "\u8fd0\u884c\u6307\u5b9a\u811a\u672c", "noteEn": null, "flatten": false, "selectorType": null, "selection": null}, {"paramCode": "Name", "paramName": "\u811a\u672c\u540d\u79f0", "ioType": "CONSTANT", "dataType": "string", "value": null, "defaultValue": "example_singlepoint", "script": null, "required": 1, "advanced": null, "timeFlag": null, "elementDataType": null, "bindDataType": null, "bindDataTypeProperty": null, "property": null, "childParams": [], "constraintType": null, "constraintValue": "", "constraintValueEn": "", "unitTypeCode": null, "unitTypeName": null, "noteCn": null, "noteEn": null, "flatten": false, "selectorType": null, "selection": null}, {"paramCode": "PhotoLocation", "paramName": "\u5b9e\u9a8c\u73bb\u78b3\u7247\u4f4d\u7f6e", "ioType": "INPUT", "dataType": "int", "value": null, "defaultValue": "1", "script": null, "required": 1, "advanced": null, "timeFlag": null, "elementDataType": "", "bindDataType": "", "bindDataTypeProperty": null, "property": null, "childParams": [], "constraintType": "ENUM", "constraintValue": "[{\"label\":\"\u4f4d\u7f6e1\",\"value\":\"1\"},{\"label\":\"\u4f4d\u7f6e2\",\"value\":\"2\"},{\"label\":\"\u4f4d\u7f6e3\",\"value\":\"3\"}]", "constraintValueEn": "", "unitTypeCode": null, "unitTypeName": null, "noteCn": null, "noteEn": null, "flatten": false, "selectorType": null, "selection": null}, {"paramCode": "TestMethod", "paramName": "\u5b9e\u9a8c\u6a21\u5f0f", "ioType": "CONSTANT", "dataType": "int", "value": null, "defaultValue": "0", "script": null, "required": 1, "advanced": null, "timeFlag": null, "elementDataType": "", "bindDataType": "", "bindDataTypeProperty": null, "property": null, "childParams": [], "constraintType": null, "constraintValue": "", "constraintValueEn": "", "unitTypeCode": null, "unitTypeName": null, "noteCn": "0\u4e3a\u6309\u70b9\u6d4b\u8bd5\uff0c1\u4e3a\u6309\u5750\u6807\u6d4b\u8bd5", "noteEn": null, "flatten": false, "selectorType": null, "selection": null}, {"paramCode": "TestPoint", "paramName": "\u6d4b\u8bd5\u70b9\u4f4d", "ioType": "INPUT", "dataType": "int", "value": null, "defaultValue": "0", "script": null, "required": 1, "advanced": null, "timeFlag": null, "elementDataType": "", "bindDataType": "", "bindDataTypeProperty": null, "property": null, "childParams": [], "constraintType": null, "constraintValue": "", "constraintValueEn": "", "unitTypeCode": null, "unitTypeName": null, "noteCn": null, "noteEn": null, "flatten": false, "selectorType": null, "selection": null}, {"paramCode": "XAxis", "paramName": "\u6a2a\u5750\u6807", "ioType": "CONSTANT", "dataType": "int", "value": null, "defaultValue": "0", "script": null, "required": 1, "advanced": null, "timeFlag": null, "elementDataType": "", "bindDataType": "", "bindDataTypeProperty": null, "property": null, "childParams": [], "constraintType": null, "constraintValue": "", "constraintValueEn": "", "unitTypeCode": null, "unitTypeName": null, "noteCn": "\u70b9\u6a21\u5f0f\u4e0b\u65e0\u5f71\u54cd", "noteEn": null, "flatten": false, "selectorType": null, "selection": null}, {"paramCode": "YAxis", "paramName": "\u7eb5\u5750\u6807", "ioType": "CONSTANT", "dataType": "int", "value": null, "defaultValue": "0", "script": null, "required": 1, "advanced": null, "timeFlag": null, "elementDataType": "", "bindDataType": "", "bindDataTypeProperty": null, "property": null, "childParams": [], "constraintType": null, "constraintValue": "", "constraintValueEn": "", "unitTypeCode": null, "unitTypeName": null, "noteCn": null, "noteEn": null, "flatten": false, "selectorType": null, "selection": null}, {"paramCode": "TestParam", "paramName": "\u591a\u8f6e\u5b9e\u9a8c\u53c2\u6570", "ioType": "INPUT", "dataType": "array", "value": null, "defaultValue": null, "script": null, "required": 1, "advanced": null, "timeFlag": null, "elementDataType": "object", "bindDataType": "", "bindDataTypeProperty": null, "property": null, "childParams": [{"paramCode": "CV", "paramName": "CV\u5b9e\u9a8c", "ioType": "INPUT", "dataType": "array", "value": null, "defaultValue": null, "script": null, "required": 0, "advanced": null, "timeFlag": null, "elementDataType": "object", "bindDataType": null, "bindDataTypeProperty": null, "property": null, "childParams": [{"paramCode": "TestName", "paramName": "\u5b9e\u9a8c\u540d\u79f0", "ioType": "CONSTANT", "dataType": "string", "value": null, "defaultValue": "CV", "script": null, "required": 1, "advanced": null, "timeFlag": null, "elementDataType": null, "bindDataType": null, "bindDataTypeProperty": null, "property": null, "childParams": [], "constraintType": null, "constraintValue": "", "constraintValueEn": "", "unitTypeCode": null, "unitTypeName": null, "noteCn": null, "noteEn": null, "flatten": false, "selectorType": null, "selection": null}, {"paramCode": "InitElec", "paramName": "CV\u521d\u59cb\u7535\u4f4d\uff08V\uff09", "ioType": "INPUT", "dataType": "float", "value": null, "defaultValue": "0", "script": null, "required": 1, "advanced": null, "timeFlag": null, "elementDataType": "", "bindDataType": "", "bindDataTypeProperty": null, "property": null, "childParams": [], "constraintType": null, "constraintValue": "", "constraintValueEn": "", "unitTypeCode": null, "unitTypeName": null, "noteCn": null, "noteEn": null, "flatten": false, "selectorType": null, "selection": null}, {"paramCode": "LowElec", "paramName": "CV\u6700\u4f4e\u7535\u4f4d\uff08V\uff09", "ioType": "INPUT", "dataType": "float", "value": null, "defaultValue": "0", "script": null, "required": 1, "advanced": null, "timeFlag": null, "elementDataType": "", "bindDataType": "", "bindDataTypeProperty": null, "property": null, "childParams": [], "constraintType": null, "constraintValue": "", "constraintValueEn": "", "unitTypeCode": null, "unitTypeName": null, "noteCn": null, "noteEn": null, "flatten": false, "selectorType": null, "selection": null}, {"paramCode": "HighElec", "paramName": "CV\u6700\u9ad8\u7535\u4f4d\uff08V\uff09", "ioType": "INPUT", "dataType": "float", "value": null, "defaultValue": "1.3", "script": null, "required": 1, "advanced": null, "timeFlag": null, "elementDataType": "", "bindDataType": "", "bindDataTypeProperty": null, "property": null, "childParams": [], "constraintType": null, "constraintValue": "", "constraintValueEn": "", "unitTypeCode": null, "unitTypeName": null, "noteCn": null, "noteEn": null, "flatten": false, "selectorType": null, "selection": null}, {"paramCode": "FinalElec", "paramName": "CV\u7ec8\u6b62\u7535\u4f4d\uff08V\uff09", "ioType": "INPUT", "dataType": "float", "value": null, "defaultValue": "1.3", "script": null, "required": 1, "advanced": null, "timeFlag": null, "elementDataType": "", "bindDataType": "", "bindDataTypeProperty": null, "property": null, "childParams": [], "constraintType": null, "constraintValue": "", "constraintValueEn": "", "unitTypeCode": null, "unitTypeName": null, "noteCn": null, "noteEn": null, "flatten": false, "selectorType": null, "selection": null}, {"paramCode": "SampleInterval", "paramName": "CV\u91c7\u6837\u95f4\u9694\uff08V\uff09", "ioType": "INPUT", "dataType": "float", "value": null, "defaultValue": "0.001", "script": null, "required": 1, "advanced": null, "timeFlag": null, "elementDataType": "", "bindDataType": "", "bindDataTypeProperty": null, "property": null, "childParams": [], "constraintType": null, "constraintValue": "", "constraintValueEn": "", "unitTypeCode": null, "unitTypeName": null, "noteCn": null, "noteEn": null, "flatten": false, "selectorType": null, "selection": null}, {"paramCode": "RestTime", "paramName": "CV\u9759\u6b62\u65f6\u95f4\uff08s\uff09", "ioType": "INPUT", "dataType": "int", "value": null, "defaultValue": "2", "script": null, "required": 1, "advanced": null, "timeFlag": null, "elementDataType": "", "bindDataType": "", "bindDataTypeProperty": null, "property": null, "childParams": [], "constraintType": null, "constraintValue": "", "constraintValueEn": "", "unitTypeCode": null, "unitTypeName": null, "noteCn": null, "noteEn": null, "flatten": false, "selectorType": null, "selection": null}, {"paramCode": "ScanDirection", "paramName": "CV\u626b\u63cf\u65b9\u5411", "ioType": "INPUT", "dataType": "int", "value": null, "defaultValue": "1", "script": null, "required": 1, "advanced": null, "timeFlag": null, "elementDataType": "", "bindDataType": "", "bindDataTypeProperty": null, "property": null, "childParams": [], "constraintType": null, "constraintValue": "", "constraintValueEn": "", "unitTypeCode": null, "unitTypeName": null, "noteCn": null, "noteEn": null, "flatten": false, "selectorType": null, "selection": null}, {"paramCode": "ScanCycles", "paramName": "CV\u626b\u63cf\u5708\u6570", "ioType": "INPUT", "dataType": "int", "value": null, "defaultValue": "1", "script": null, "required": 1, "advanced": null, "timeFlag": null, "elementDataType": "", "bindDataType": "", "bindDataTypeProperty": null, "property": null, "childParams": [], "constraintType": null, "constraintValue": "", "constraintValueEn": "", "unitTypeCode": null, "unitTypeName": null, "noteCn": null, "noteEn": null, "flatten": false, "selectorType": null, "selection": null}, {"paramCode": "ScanSpeed", "paramName": "CV\u626b\u63cf\u901f\u5ea6\uff08V/s\uff09", "ioType": "INPUT", "dataType": "float", "value": null, "defaultValue": "0.1", "script": null, "required": 1, "advanced": null, "timeFlag": null, "elementDataType": "", "bindDataType": "", "bindDataTypeProperty": null, "property": null, "childParams": [], "constraintType": null, "constraintValue": "", "constraintValueEn": "", "unitTypeCode": null, "unitTypeName": null, "noteCn": null, "noteEn": null, "flatten": false, "selectorType": null, "selection": null}, {"paramCode": "Channel1Sensitivity", "paramName": "CV\u901a\u9053\u7075\u654f\u5ea6", "ioType": "INPUT", "dataType": "int", "value": null, "defaultValue": "8", "script": null, "required": 1, "advanced": null, "timeFlag": null, "elementDataType": "", "bindDataType": "", "bindDataTypeProperty": null, "property": null, "childParams": [], "constraintType": "ENUM", "constraintValue": "[{\"label\":\"0~50pA(100G)\",\"value\":\"1\"},{\"label\":\"0~500pA(10G)\",\"value\":\"2\"},{\"label\":\"0~5nA(1G)\",\"value\":\"3\"},{\"label\":\"0~50nA(100M)\",\"value\":\"4\"},{\"label\":\"0~500nA(10M)\",\"value\":\"5\"},{\"label\":\"0~5uA(1M)\",\"value\":\"6\"},{\"label\":\"0~50uA(100K)\",\"value\":\"7\"},{\"label\":\"0~500uA(10K)\",\"value\":\"8\"},{\"label\":\"0~5mA(1K)\",\"value\":\"9\"},{\"label\":\"0~50mA(100)\",\"value\":\"10\"},{\"label\":\"0~200mA(10)\",\"value\":\"11\"},{\"label\":\"0~5pA(1T)\",\"value\":\"13\"}]", "constraintValueEn": "", "unitTypeCode": null, "unitTypeName": null, "noteCn": null, "noteEn": null, "flatten": false, "selectorType": null, "selection": null}], "constraintType": null, "constraintValue": "", "constraintValueEn": "", "unitTypeCode": null, "unitTypeName": null, "noteCn": null, "noteEn": null, "flatten": false, "selectorType": "", "selection": "container_btp"}, {"paramCode": "LSV", "paramName": "LSV\u5b9e\u9a8c", "ioType": "INPUT", "dataType": "array", "value": null, "defaultValue": null, "script": null, "required": 0, "advanced": null, "timeFlag": null, "elementDataType": null, "bindDataType": null, "bindDataTypeProperty": null, "property": null, "childParams": [{"paramCode": "TestName", "paramName": "\u5b9e\u9a8c\u540d\u79f0", "ioType": "CONSTANT", "dataType": "string", "value": null, "defaultValue": "LSV", "script": null, "required": 1, "advanced": null, "timeFlag": null, "elementDataType": "", "bindDataType": "", "bindDataTypeProperty": null, "property": null, "childParams": [], "constraintType": null, "constraintValue": "", "constraintValueEn": "", "unitTypeCode": null, "unitTypeName": null, "noteCn": null, "noteEn": null, "flatten": false, "selectorType": null, "selection": null}, {"paramCode": "SampleRate", "paramName": "LSV\u91c7\u6837\u9891\u7387\uff08Hz\uff09", "ioType": "INPUT", "dataType": "float", "value": null, "defaultValue": "100", "script": null, "required": 1, "advanced": null, "timeFlag": null, "elementDataType": "", "bindDataType": "", "bindDataTypeProperty": null, "property": null, "childParams": [], "constraintType": null, "constraintValue": "", "constraintValueEn": "", "unitTypeCode": null, "unitTypeName": null, "noteCn": null, "noteEn": null, "flatten": false, "selectorType": null, "selection": null}, {"paramCode": "ScanSpeed", "paramName": "LSV\u626b\u63cf\u901f\u5ea6\uff08V/s\uff09", "ioType": "INPUT", "dataType": "float", "value": null, "defaultValue": "0.1", "script": null, "required": 1, "advanced": null, "timeFlag": null, "elementDataType": "", "bindDataType": "", "bindDataTypeProperty": null, "property": null, "childParams": [], "constraintType": null, "constraintValue": "", "constraintValueEn": "", "unitTypeCode": null, "unitTypeName": null, "noteCn": null, "noteEn": null, "flatten": false, "selectorType": null, "selection": null}, {"paramCode": "InitElec", "paramName": "LSV\u521d\u59cb\u7535\u4f4d\uff08V\uff09", "ioType": "INPUT", "dataType": "float", "value": null, "defaultValue": "0", "script": null, "required": 1, "advanced": null, "timeFlag": null, "elementDataType": "", "bindDataType": "", "bindDataTypeProperty": null, "property": null, "childParams": [], "constraintType": null, "constraintValue": "", "constraintValueEn": "", "unitTypeCode": null, "unitTypeName": null, "noteCn": null, "noteEn": null, "flatten": false, "selectorType": null, "selection": null}, {"paramCode": "RestTime", "paramName": "LSV\u9759\u6b62\u65f6\u95f4\uff08s\uff09", "ioType": "INPUT", "dataType": "int", "value": null, "defaultValue": "3", "script": null, "required": 1, "advanced": null, "timeFlag": null, "elementDataType": "", "bindDataType": "", "bindDataTypeProperty": null, "property": null, "childParams": [], "constraintType": null, "constraintValue": "", "constraintValueEn": "", "unitTypeCode": null, "unitTypeName": null, "noteCn": null, "noteEn": null, "flatten": false, "selectorType": null, "selection": null}, {"paramCode": "FinalElec", "paramName": "LSV\u7ec8\u6b62\u7535\u4f4d\uff08V\uff09", "ioType": "INPUT", "dataType": "float", "value": null, "defaultValue": "0.5", "script": null, "required": 1, "advanced": null, "timeFlag": null, "elementDataType": "", "bindDataType": "", "bindDataTypeProperty": null, "property": null, "childParams": [], "constraintType": null, "constraintValue": "", "constraintValueEn": "", "unitTypeCode": null, "unitTypeName": null, "noteCn": null, "noteEn": null, "flatten": false, "selectorType": null, "selection": null}, {"paramCode": "Channel1Sensitivity", "paramName": "LSV\u901a\u9053\u7075\u654f\u5ea6", "ioType": "INPUT", "dataType": "int", "value": null, "defaultValue": "1", "script": null, "required": 1, "advanced": null, "timeFlag": null, "elementDataType": "", "bindDataType": "", "bindDataTypeProperty": null, "property": null, "childParams": [], "constraintType": "ENUM", "constraintValue": "[{\"label\":\"0~50pA(100G)\",\"value\":\"1\"},{\"label\":\"0~500pA(10G)\",\"value\":\"2\"},{\"label\":\"0~5nA(1G)\",\"value\":\"3\"},{\"label\":\"0~50nA(100M)\",\"value\":\"4\"},{\"label\":\"0~500nA(10M)\",\"value\":\"5\"},{\"label\":\"0~5uA(1M)\",\"value\":\"6\"},{\"label\":\"0~50uA(100K)\",\"value\":\"7\"},{\"label\":\"0~500uA(10K)\",\"value\":\"8\"},{\"label\":\"0~5mA(1K)\",\"value\":\"9\"},{\"label\":\"0~50mA(100)\",\"value\":\"10\"},{\"label\":\"0~200mA(10)\",\"value\":\"11\"},{\"label\":\"0~5pA(1T)\",\"value\":\"13\"}]", "constraintValueEn": "", "unitTypeCode": null, "unitTypeName": null, "noteCn": null, "noteEn": null, "flatten": false, "selectorType": null, "selection": null}], "constraintType": null, "constraintValue": "", "constraintValueEn": "", "unitTypeCode": null, "unitTypeName": null, "noteCn": null, "noteEn": null, "flatten": false, "selectorType": null, "selection": null}, {"paramCode": "IT", "paramName": "IT\u5b9e\u9a8c", "ioType": "INPUT", "dataType": "array", "value": null, "defaultValue": null, "script": null, "required": 0, "advanced": null, "timeFlag": null, "elementDataType": null, "bindDataType": null, "bindDataTypeProperty": null, "property": null, "childParams": [{"paramCode": "TestName", "paramName": "\u5b9e\u9a8c\u540d\u79f0", "ioType": "CONSTANT", "dataType": "string", "value": null, "defaultValue": "IT", "script": null, "required": 1, "advanced": null, "timeFlag": null, "elementDataType": "", "bindDataType": "", "bindDataTypeProperty": null, "property": null, "childParams": [], "constraintType": null, "constraintValue": "", "constraintValueEn": "", "unitTypeCode": null, "unitTypeName": null, "noteCn": null, "noteEn": null, "flatten": false, "selectorType": null, "selection": null}, {"paramCode": "InitElec", "paramName": "IT\u521d\u59cb\u7535\u4f4d", "ioType": "INPUT", "dataType": "float", "value": null, "defaultValue": "0", "script": null, "required": 1, "advanced": null, "timeFlag": null, "elementDataType": "", "bindDataType": "", "bindDataTypeProperty": null, "property": null, "childParams": [], "constraintType": null, "constraintValue": "", "constraintValueEn": "", "unitTypeCode": null, "unitTypeName": null, "noteCn": null, "noteEn": null, "flatten": false, "selectorType": null, "selection": null}, {"paramCode": "SampleInterval", "paramName": "IT\u91c7\u6837\u95f4\u9694", "ioType": "INPUT", "dataType": "float", "value": null, "defaultValue": "0", "script": null, "required": 1, "advanced": null, "timeFlag": null, "elementDataType": "", "bindDataType": "", "bindDataTypeProperty": null, "property": null, "childParams": [], "constraintType": "ENUM", "constraintValue": "[{\"label\":\"500ms\",\"value\":\"0\"},{\"label\":\"100ms\",\"value\":\"1\"},{\"label\":\"20ms\",\"value\":\"2\"},{\"label\":\"1ms\",\"value\":\"3\"}]", "constraintValueEn": "", "unitTypeCode": null, "unitTypeName": null, "noteCn": null, "noteEn": null, "flatten": false, "selectorType": null, "selection": null}, {"paramCode": "RestTime", "paramName": "IT\u9759\u6b62\u65f6\u95f4\uff08s\uff09", "ioType": "INPUT", "dataType": "int", "value": null, "defaultValue": "2", "script": null, "required": 1, "advanced": null, "timeFlag": null, "elementDataType": "", "bindDataType": "", "bindDataTypeProperty": null, "property": null, "childParams": [], "constraintType": null, "constraintValue": "", "constraintValueEn": "", "unitTypeCode": null, "unitTypeName": null, "noteCn": null, "noteEn": null, "flatten": false, "selectorType": null, "selection": null}, {"paramCode": "Channel1Sensitivity", "paramName": "IT\u901a\u9053\u7075\u654f\u5ea6", "ioType": "INPUT", "dataType": "int", "value": null, "defaultValue": "1", "script": null, "required": 1, "advanced": null, "timeFlag": null, "elementDataType": "", "bindDataType": "", "bindDataTypeProperty": null, "property": null, "childParams": [], "constraintType": "ENUM", "constraintValue": "[{\"label\":\"0~50pA(100G)\",\"value\":\"1\"},{\"label\":\"0~500pA(10G)\",\"value\":\"2\"},{\"label\":\"0~5nA(1G)\",\"value\":\"3\"},{\"label\":\"0~50nA(100M)\",\"value\":\"4\"},{\"label\":\"0~500nA(10M)\",\"value\":\"5\"},{\"label\":\"0~5uA(1M)\",\"value\":\"6\"},{\"label\":\"0~50uA(100K)\",\"value\":\"7\"},{\"label\":\"0~500uA(10K)\",\"value\":\"8\"},{\"label\":\"0~5mA(1K)\",\"value\":\"9\"},{\"label\":\"0~50mA(100)\",\"value\":\"10\"},{\"label\":\"0~200mA(10)\",\"value\":\"11\"},{\"label\":\"0~5pA(1T)\",\"value\":\"13\"}]", "constraintValueEn": "", "unitTypeCode": null, "unitTypeName": null, "noteCn": null, "noteEn": null, "flatten": false, "selectorType": null, "selection": null}, {"paramCode": "RunTime", "paramName": "IT\u8fd0\u884c\u65f6\u95f4\uff08s\uff09", "ioType": "INPUT", "dataType": "float", "value": null, "defaultValue": "5", "script": null, "required": 1, "advanced": null, "timeFlag": null, "elementDataType": "", "bindDataType": "", "bindDataTypeProperty": null, "property": null, "childParams": [], "constraintType": null, "constraintValue": "", "constraintValueEn": "", "unitTypeCode": null, "unitTypeName": null, "noteCn": null, "noteEn": null, "flatten": false, "selectorType": null, "selection": null}], "constraintType": null, "constraintValue": "", "constraintValueEn": "", "unitTypeCode": null, "unitTypeName": null, "noteCn": null, "noteEn": null, "flatten": false, "selectorType": null, "selection": null}, {"paramCode": "OCPT", "paramName": "OCPT\u5b9e\u9a8c", "ioType": "INPUT", "dataType": "array", "value": null, "defaultValue": null, "script": null, "required": 0, "advanced": null, "timeFlag": null, "elementDataType": null, "bindDataType": null, "bindDataTypeProperty": null, "property": null, "childParams": [{"paramCode": "TestName", "paramName": "\u5b9e\u9a8c\u540d\u79f0", "ioType": "CONSTANT", "dataType": "string", "value": null, "defaultValue": "OCPT", "script": null, "required": 1, "advanced": null, "timeFlag": null, "elementDataType": "", "bindDataType": "", "bindDataTypeProperty": null, "property": null, "childParams": [], "constraintType": null, "constraintValue": "", "constraintValueEn": "", "unitTypeCode": null, "unitTypeName": null, "noteCn": null, "noteEn": null, "flatten": false, "selectorType": null, "selection": null}, {"paramCode": "SampleInterval", "paramName": "OCPT\u91c7\u6837\u95f4\u9694", "ioType": "INPUT", "dataType": "float", "value": null, "defaultValue": "1", "script": null, "required": 1, "advanced": null, "timeFlag": null, "elementDataType": "", "bindDataType": "", "bindDataTypeProperty": null, "property": null, "childParams": [], "constraintType": "ENUM", "constraintValue": "[{\"label\":\"500ms\",\"value\":\"0\"},{\"label\":\"100ms\",\"value\":\"1\"},{\"label\":\"20ms\",\"value\":\"2\"},{\"label\":\"1ms\",\"value\":\"3\"}]", "constraintValueEn": "", "unitTypeCode": null, "unitTypeName": null, "noteCn": null, "noteEn": null, "flatten": false, "selectorType": null, "selection": null}, {"paramCode": "HighElec", "paramName": "OCPT\u9ad8\u7535\u4f4d\uff08V\uff09", "ioType": "INPUT", "dataType": "float", "value": null, "defaultValue": "1", "script": null, "required": 1, "advanced": null, "timeFlag": null, "elementDataType": "", "bindDataType": "", "bindDataTypeProperty": null, "property": null, "childParams": [], "constraintType": null, "constraintValue": "", "constraintValueEn": "", "unitTypeCode": null, "unitTypeName": null, "noteCn": null, "noteEn": null, "flatten": false, "selectorType": null, "selection": null}, {"paramCode": "RunTime", "paramName": "OCPT\u8fd0\u884c\u65f6\u95f4\uff08s\uff09", "ioType": "INPUT", "dataType": "float", "value": null, "defaultValue": "10", "script": null, "required": 1, "advanced": null, "timeFlag": null, "elementDataType": "", "bindDataType": "", "bindDataTypeProperty": null, "property": null, "childParams": [], "constraintType": null, "constraintValue": "", "constraintValueEn": "", "unitTypeCode": null, "unitTypeName": null, "noteCn": null, "noteEn": null, "flatten": false, "selectorType": null, "selection": null}, {"paramCode": "LowElec_OCPT", "paramName": "OCPT\u4f4e\u7535\u4f4d\uff08V\uff09", "ioType": "INPUT", "dataType": "float", "value": null, "defaultValue": "0", "script": null, "required": 1, "advanced": null, "timeFlag": null, "elementDataType": "", "bindDataType": "", "bindDataTypeProperty": null, "property": null, "childParams": [], "constraintType": null, "constraintValue": "", "constraintValueEn": "", "unitTypeCode": null, "unitTypeName": null, "noteCn": null, "noteEn": null, "flatten": false, "selectorType": null, "selection": null}], "constraintType": null, "constraintValue": "", "constraintValueEn": "", "unitTypeCode": null, "unitTypeName": null, "noteCn": null, "noteEn": null, "flatten": false, "selectorType": null, "selection": null}], "constraintType": null, "constraintValue": "", "constraintValueEn": "", "unitTypeCode": null, "unitTypeName": null, "noteCn": null, "noteEn": null, "flatten": true, "selectorType": null, "selection": null}, {"paramCode": "result", "paramName": "\u7ed3\u679c\u4e0a\u4f20", "ioType": "OUTPUT", "dataType": "file", "value": null, "defaultValue": null, "script": null, "required": 0, "advanced": null, "timeFlag": null, "elementDataType": "", "bindDataType": "", "bindDataTypeProperty": null, "property": null, "childParams": [], "constraintType": null, "constraintValue": "", "constraintValueEn": "", "unitTypeCode": null, "unitTypeName": null, "noteCn": null, "noteEn": null, "flatten": false, "selectorType": null, "selection": null}]}, {"id": 1897802271753255, "code": "test_all", "name": "\u5d4c\u5957\u5168\u70b9\u5b9e\u9a8c", "noteCn": null, "noteEn": null, "translator": "default", "translatorArgs": {"url": "/script/XianWeiJing", "method": "POST"}, "recommend": null, "params": [{"paramCode": "type", "paramName": "\u8bbe\u5907\u7c7b\u578b", "ioType": "CONSTANT", "dataType": "string", "value": null, "defaultValue": "XianWeiJing", "script": null, "required": 1, "advanced": null, "timeFlag": null, "elementDataType": null, "bindDataType": null, "bindDataTypeProperty": null, "property": null, "childParams": [], "constraintType": null, "constraintValue": "", "constraintValueEn": "", "unitTypeCode": null, "unitTypeName": null, "noteCn": null, "noteEn": null, "flatten": false, "selectorType": null, "selection": null}, {"paramCode": "cmd", "paramName": "\u6307\u4ee4\u540d\u79f0", "ioType": "CONSTANT", "dataType": "string", "value": null, "defaultValue": "ScriptRun", "script": null, "required": 1, "advanced": null, "timeFlag": null, "elementDataType": null, "bindDataType": null, "bindDataTypeProperty": null, "property": null, "childParams": [], "constraintType": null, "constraintValue": "", "constraintValueEn": "", "unitTypeCode": null, "unitTypeName": null, "noteCn": "\u8fd0\u884c\u6307\u5b9a\u811a\u672c", "noteEn": null, "flatten": false, "selectorType": null, "selection": null}, {"paramCode": "Name", "paramName": "\u811a\u672c\u540d\u79f0", "ioType": "CONSTANT", "dataType": "string", "value": null, "defaultValue": "example_allpoint", "script": null, "required": 1, "advanced": null, "timeFlag": null, "elementDataType": null, "bindDataType": null, "bindDataTypeProperty": null, "property": null, "childParams": [], "constraintType": null, "constraintValue": "", "constraintValueEn": "", "unitTypeCode": null, "unitTypeName": null, "noteCn": null, "noteEn": null, "flatten": false, "selectorType": null, "selection": null}, {"paramCode": "PhotoLocation", "paramName": "\u5b9e\u9a8c\u73bb\u78b3\u7247\u4f4d\u7f6e", "ioType": "INPUT", "dataType": "int", "value": null, "defaultValue": "1", "script": null, "required": 1, "advanced": null, "timeFlag": null, "elementDataType": "", "bindDataType": "", "bindDataTypeProperty": null, "property": null, "childParams": [], "constraintType": "ENUM", "constraintValue": "[{\"label\":\"\u4f4d\u7f6e1\",\"value\":\"1\"},{\"label\":\"\u4f4d\u7f6e2\",\"value\":\"2\"},{\"label\":\"\u4f4d\u7f6e3\",\"value\":\"3\"}]", "constraintValueEn": "", "unitTypeCode": null, "unitTypeName": null, "noteCn": null, "noteEn": null, "flatten": false, "selectorType": null, "selection": null}, {"paramCode": "TestMethod", "paramName": "\u5b9e\u9a8c\u6a21\u5f0f", "ioType": "CONSTANT", "dataType": "int", "value": null, "defaultValue": "0", "script": null, "required": 1, "advanced": null, "timeFlag": null, "elementDataType": "", "bindDataType": "", "bindDataTypeProperty": null, "property": null, "childParams": [], "constraintType": null, "constraintValue": "", "constraintValueEn": "", "unitTypeCode": null, "unitTypeName": null, "noteCn": "0\u4e3a\u6309\u70b9\u6d4b\u8bd5\uff0c1\u4e3a\u6309\u5750\u6807\u6d4b\u8bd5", "noteEn": null, "flatten": false, "selectorType": null, "selection": null}, {"paramCode": "TestPoint", "paramName": "\u6d4b\u8bd5\u70b9\u4f4d", "ioType": "CONSTANT", "dataType": "int", "value": null, "defaultValue": "0", "script": null, "required": 1, "advanced": null, "timeFlag": null, "elementDataType": "", "bindDataType": "", "bindDataTypeProperty": null, "property": null, "childParams": [], "constraintType": null, "constraintValue": "", "constraintValueEn": "", "unitTypeCode": null, "unitTypeName": null, "noteCn": null, "noteEn": null, "flatten": false, "selectorType": null, "selection": null}, {"paramCode": "XAxis", "paramName": "\u6a2a\u5750\u6807", "ioType": "CONSTANT", "dataType": "int", "value": null, "defaultValue": "0", "script": null, "required": 1, "advanced": null, "timeFlag": null, "elementDataType": "", "bindDataType": "", "bindDataTypeProperty": null, "property": null, "childParams": [], "constraintType": null, "constraintValue": "", "constraintValueEn": "", "unitTypeCode": null, "unitTypeName": null, "noteCn": "\u70b9\u6a21\u5f0f\u4e0b\u65e0\u5f71\u54cd", "noteEn": null, "flatten": false, "selectorType": null, "selection": null}, {"paramCode": "YAxis", "paramName": "\u7eb5\u5750\u6807", "ioType": "CONSTANT", "dataType": "int", "value": null, "defaultValue": "0", "script": null, "required": 1, "advanced": null, "timeFlag": null, "elementDataType": "", "bindDataType": "", "bindDataTypeProperty": null, "property": null, "childParams": [], "constraintType": null, "constraintValue": "", "constraintValueEn": "", "unitTypeCode": null, "unitTypeName": null, "noteCn": null, "noteEn": null, "flatten": false, "selectorType": null, "selection": null}, {"paramCode": "TestParam", "paramName": "\u591a\u8f6e\u5b9e\u9a8c\u53c2\u6570", "ioType": "INPUT", "dataType": "array", "value": null, "defaultValue": null, "script": null, "required": 1, "advanced": null, "timeFlag": null, "elementDataType": "object", "bindDataType": "", "bindDataTypeProperty": null, "property": null, "childParams": [{"paramCode": "CV", "paramName": "CV\u5b9e\u9a8c", "ioType": "INPUT", "dataType": "array", "value": null, "defaultValue": null, "script": null, "required": 0, "advanced": null, "timeFlag": null, "elementDataType": "object", "bindDataType": null, "bindDataTypeProperty": null, "property": null, "childParams": [{"paramCode": "TestName", "paramName": "\u5b9e\u9a8c\u540d\u79f0", "ioType": "CONSTANT", "dataType": "string", "value": null, "defaultValue": "CV", "script": null, "required": 1, "advanced": null, "timeFlag": null, "elementDataType": null, "bindDataType": null, "bindDataTypeProperty": null, "property": null, "childParams": [], "constraintType": null, "constraintValue": "", "constraintValueEn": "", "unitTypeCode": null, "unitTypeName": null, "noteCn": null, "noteEn": null, "flatten": false, "selectorType": null, "selection": null}, {"paramCode": "InitElec", "paramName": "CV\u521d\u59cb\u7535\u4f4d\uff08V\uff09", "ioType": "INPUT", "dataType": "float", "value": null, "defaultValue": "0", "script": null, "required": 1, "advanced": null, "timeFlag": null, "elementDataType": "", "bindDataType": "", "bindDataTypeProperty": null, "property": null, "childParams": [], "constraintType": null, "constraintValue": "", "constraintValueEn": "", "unitTypeCode": null, "unitTypeName": null, "noteCn": null, "noteEn": null, "flatten": false, "selectorType": null, "selection": null}, {"paramCode": "LowElec", "paramName": "CV\u6700\u4f4e\u7535\u4f4d\uff08V\uff09", "ioType": "INPUT", "dataType": "float", "value": null, "defaultValue": "0", "script": null, "required": 1, "advanced": null, "timeFlag": null, "elementDataType": "", "bindDataType": "", "bindDataTypeProperty": null, "property": null, "childParams": [], "constraintType": null, "constraintValue": "", "constraintValueEn": "", "unitTypeCode": null, "unitTypeName": null, "noteCn": null, "noteEn": null, "flatten": false, "selectorType": null, "selection": null}, {"paramCode": "HighElec", "paramName": "CV\u6700\u9ad8\u7535\u4f4d\uff08V\uff09", "ioType": "INPUT", "dataType": "float", "value": null, "defaultValue": "1.3", "script": null, "required": 1, "advanced": null, "timeFlag": null, "elementDataType": "", "bindDataType": "", "bindDataTypeProperty": null, "property": null, "childParams": [], "constraintType": null, "constraintValue": "", "constraintValueEn": "", "unitTypeCode": null, "unitTypeName": null, "noteCn": null, "noteEn": null, "flatten": false, "selectorType": null, "selection": null}, {"paramCode": "FinalElec", "paramName": "CV\u7ec8\u6b62\u7535\u4f4d\uff08V\uff09", "ioType": "INPUT", "dataType": "float", "value": null, "defaultValue": "1.3", "script": null, "required": 1, "advanced": null, "timeFlag": null, "elementDataType": "", "bindDataType": "", "bindDataTypeProperty": null, "property": null, "childParams": [], "constraintType": null, "constraintValue": "", "constraintValueEn": "", "unitTypeCode": null, "unitTypeName": null, "noteCn": null, "noteEn": null, "flatten": false, "selectorType": null, "selection": null}, {"paramCode": "SampleInterval", "paramName": "CV\u91c7\u6837\u95f4\u9694\uff08V\uff09", "ioType": "INPUT", "dataType": "float", "value": null, "defaultValue": "0.001", "script": null, "required": 1, "advanced": null, "timeFlag": null, "elementDataType": "", "bindDataType": "", "bindDataTypeProperty": null, "property": null, "childParams": [], "constraintType": null, "constraintValue": "", "constraintValueEn": "", "unitTypeCode": null, "unitTypeName": null, "noteCn": null, "noteEn": null, "flatten": false, "selectorType": null, "selection": null}, {"paramCode": "RestTime", "paramName": "CV\u9759\u6b62\u65f6\u95f4\uff08s\uff09", "ioType": "INPUT", "dataType": "int", "value": null, "defaultValue": "2", "script": null, "required": 1, "advanced": null, "timeFlag": null, "elementDataType": "", "bindDataType": "", "bindDataTypeProperty": null, "property": null, "childParams": [], "constraintType": null, "constraintValue": "", "constraintValueEn": "", "unitTypeCode": null, "unitTypeName": null, "noteCn": null, "noteEn": null, "flatten": false, "selectorType": null, "selection": null}, {"paramCode": "ScanDirection", "paramName": "CV\u626b\u63cf\u65b9\u5411", "ioType": "INPUT", "dataType": "int", "value": null, "defaultValue": "1", "script": null, "required": 1, "advanced": null, "timeFlag": null, "elementDataType": "", "bindDataType": "", "bindDataTypeProperty": null, "property": null, "childParams": [], "constraintType": null, "constraintValue": "", "constraintValueEn": "", "unitTypeCode": null, "unitTypeName": null, "noteCn": null, "noteEn": null, "flatten": false, "selectorType": null, "selection": null}, {"paramCode": "ScanCycles", "paramName": "CV\u626b\u63cf\u5708\u6570", "ioType": "INPUT", "dataType": "int", "value": null, "defaultValue": "1", "script": null, "required": 1, "advanced": null, "timeFlag": null, "elementDataType": "", "bindDataType": "", "bindDataTypeProperty": null, "property": null, "childParams": [], "constraintType": null, "constraintValue": "", "constraintValueEn": "", "unitTypeCode": null, "unitTypeName": null, "noteCn": null, "noteEn": null, "flatten": false, "selectorType": null, "selection": null}, {"paramCode": "ScanSpeed", "paramName": "CV\u626b\u63cf\u901f\u5ea6\uff08V/s\uff09", "ioType": "INPUT", "dataType": "float", "value": null, "defaultValue": "0.1", "script": null, "required": 1, "advanced": null, "timeFlag": null, "elementDataType": "", "bindDataType": "", "bindDataTypeProperty": null, "property": null, "childParams": [], "constraintType": null, "constraintValue": "", "constraintValueEn": "", "unitTypeCode": null, "unitTypeName": null, "noteCn": null, "noteEn": null, "flatten": false, "selectorType": null, "selection": null}, {"paramCode": "Channel1Sensitivity", "paramName": "CV\u901a\u9053\u7075\u654f\u5ea6", "ioType": "INPUT", "dataType": "int", "value": null, "defaultValue": "8", "script": null, "required": 1, "advanced": null, "timeFlag": null, "elementDataType": "", "bindDataType": "", "bindDataTypeProperty": null, "property": null, "childParams": [], "constraintType": "ENUM", "constraintValue": "[{\"label\":\"0~50pA(100G)\",\"value\":\"1\"},{\"label\":\"0~500pA(10G)\",\"value\":\"2\"},{\"label\":\"0~5nA(1G)\",\"value\":\"3\"},{\"label\":\"0~50nA(100M)\",\"value\":\"4\"},{\"label\":\"0~500nA(10M)\",\"value\":\"5\"},{\"label\":\"0~5uA(1M)\",\"value\":\"6\"},{\"label\":\"0~50uA(100K)\",\"value\":\"7\"},{\"label\":\"0~500uA(10K)\",\"value\":\"8\"},{\"label\":\"0~5mA(1K)\",\"value\":\"9\"},{\"label\":\"0~50mA(100)\",\"value\":\"10\"},{\"label\":\"0~200mA(10)\",\"value\":\"11\"},{\"label\":\"0~5pA(1T)\",\"value\":\"13\"}]", "constraintValueEn": "", "unitTypeCode": null, "unitTypeName": null, "noteCn": null, "noteEn": null, "flatten": false, "selectorType": null, "selection": null}], "constraintType": null, "constraintValue": "", "constraintValueEn": "", "unitTypeCode": null, "unitTypeName": null, "noteCn": null, "noteEn": null, "flatten": false, "selectorType": "", "selection": "container_btp"}, {"paramCode": "LSV", "paramName": "LSV\u5b9e\u9a8c", "ioType": "INPUT", "dataType": "array", "value": null, "defaultValue": null, "script": null, "required": 0, "advanced": null, "timeFlag": null, "elementDataType": null, "bindDataType": null, "bindDataTypeProperty": null, "property": null, "childParams": [{"paramCode": "TestName", "paramName": "\u5b9e\u9a8c\u540d\u79f0", "ioType": "CONSTANT", "dataType": "string", "value": null, "defaultValue": "LSV", "script": null, "required": 1, "advanced": null, "timeFlag": null, "elementDataType": "", "bindDataType": "", "bindDataTypeProperty": null, "property": null, "childParams": [], "constraintType": null, "constraintValue": "", "constraintValueEn": "", "unitTypeCode": null, "unitTypeName": null, "noteCn": null, "noteEn": null, "flatten": false, "selectorType": null, "selection": null}, {"paramCode": "SampleRate", "paramName": "LSV\u91c7\u6837\u9891\u7387\uff08Hz\uff09", "ioType": "INPUT", "dataType": "float", "value": null, "defaultValue": "100", "script": null, "required": 1, "advanced": null, "timeFlag": null, "elementDataType": "", "bindDataType": "", "bindDataTypeProperty": null, "property": null, "childParams": [], "constraintType": null, "constraintValue": "", "constraintValueEn": "", "unitTypeCode": null, "unitTypeName": null, "noteCn": null, "noteEn": null, "flatten": false, "selectorType": null, "selection": null}, {"paramCode": "ScanSpeed", "paramName": "LSV\u626b\u63cf\u901f\u5ea6\uff08V/s\uff09", "ioType": "INPUT", "dataType": "float", "value": null, "defaultValue": "0.1", "script": null, "required": 1, "advanced": null, "timeFlag": null, "elementDataType": "", "bindDataType": "", "bindDataTypeProperty": null, "property": null, "childParams": [], "constraintType": null, "constraintValue": "", "constraintValueEn": "", "unitTypeCode": null, "unitTypeName": null, "noteCn": null, "noteEn": null, "flatten": false, "selectorType": null, "selection": null}, {"paramCode": "InitElec", "paramName": "LSV\u521d\u59cb\u7535\u4f4d\uff08V\uff09", "ioType": "INPUT", "dataType": "float", "value": null, "defaultValue": "0", "script": null, "required": 1, "advanced": null, "timeFlag": null, "elementDataType": "", "bindDataType": "", "bindDataTypeProperty": null, "property": null, "childParams": [], "constraintType": null, "constraintValue": "", "constraintValueEn": "", "unitTypeCode": null, "unitTypeName": null, "noteCn": null, "noteEn": null, "flatten": false, "selectorType": null, "selection": null}, {"paramCode": "RestTime", "paramName": "LSV\u9759\u6b62\u65f6\u95f4\uff08s\uff09", "ioType": "INPUT", "dataType": "int", "value": null, "defaultValue": "3", "script": null, "required": 1, "advanced": null, "timeFlag": null, "elementDataType": "", "bindDataType": "", "bindDataTypeProperty": null, "property": null, "childParams": [], "constraintType": null, "constraintValue": "", "constraintValueEn": "", "unitTypeCode": null, "unitTypeName": null, "noteCn": null, "noteEn": null, "flatten": false, "selectorType": null, "selection": null}, {"paramCode": "FinalElec", "paramName": "LSV\u7ec8\u6b62\u7535\u4f4d\uff08V\uff09", "ioType": "INPUT", "dataType": "float", "value": null, "defaultValue": "0.5", "script": null, "required": 1, "advanced": null, "timeFlag": null, "elementDataType": "", "bindDataType": "", "bindDataTypeProperty": null, "property": null, "childParams": [], "constraintType": null, "constraintValue": "", "constraintValueEn": "", "unitTypeCode": null, "unitTypeName": null, "noteCn": null, "noteEn": null, "flatten": false, "selectorType": null, "selection": null}, {"paramCode": "Channel1Sensitivity", "paramName": "LSV\u901a\u9053\u7075\u654f\u5ea6", "ioType": "INPUT", "dataType": "int", "value": null, "defaultValue": "1", "script": null, "required": 1, "advanced": null, "timeFlag": null, "elementDataType": "", "bindDataType": "", "bindDataTypeProperty": null, "property": null, "childParams": [], "constraintType": "ENUM", "constraintValue": "[{\"label\":\"0~50pA(100G)\",\"value\":\"1\"},{\"label\":\"0~500pA(10G)\",\"value\":\"2\"},{\"label\":\"0~5nA(1G)\",\"value\":\"3\"},{\"label\":\"0~50nA(100M)\",\"value\":\"4\"},{\"label\":\"0~500nA(10M)\",\"value\":\"5\"},{\"label\":\"0~5uA(1M)\",\"value\":\"6\"},{\"label\":\"0~50uA(100K)\",\"value\":\"7\"},{\"label\":\"0~500uA(10K)\",\"value\":\"8\"},{\"label\":\"0~5mA(1K)\",\"value\":\"9\"},{\"label\":\"0~50mA(100)\",\"value\":\"10\"},{\"label\":\"0~200mA(10)\",\"value\":\"11\"},{\"label\":\"0~5pA(1T)\",\"value\":\"13\"}]", "constraintValueEn": "", "unitTypeCode": null, "unitTypeName": null, "noteCn": null, "noteEn": null, "flatten": false, "selectorType": null, "selection": null}], "constraintType": null, "constraintValue": "", "constraintValueEn": "", "unitTypeCode": null, "unitTypeName": null, "noteCn": null, "noteEn": null, "flatten": false, "selectorType": null, "selection": null}, {"paramCode": "IT", "paramName": "IT\u5b9e\u9a8c", "ioType": "INPUT", "dataType": "array", "value": null, "defaultValue": null, "script": null, "required": 0, "advanced": null, "timeFlag": null, "elementDataType": null, "bindDataType": null, "bindDataTypeProperty": null, "property": null, "childParams": [{"paramCode": "TestName", "paramName": "\u5b9e\u9a8c\u540d\u79f0", "ioType": "CONSTANT", "dataType": "string", "value": null, "defaultValue": "IT", "script": null, "required": 1, "advanced": null, "timeFlag": null, "elementDataType": "", "bindDataType": "", "bindDataTypeProperty": null, "property": null, "childParams": [], "constraintType": null, "constraintValue": "", "constraintValueEn": "", "unitTypeCode": null, "unitTypeName": null, "noteCn": null, "noteEn": null, "flatten": false, "selectorType": null, "selection": null}, {"paramCode": "InitElec", "paramName": "IT\u521d\u59cb\u7535\u4f4d", "ioType": "INPUT", "dataType": "float", "value": null, "defaultValue": "0", "script": null, "required": 1, "advanced": null, "timeFlag": null, "elementDataType": "", "bindDataType": "", "bindDataTypeProperty": null, "property": null, "childParams": [], "constraintType": null, "constraintValue": "", "constraintValueEn": "", "unitTypeCode": null, "unitTypeName": null, "noteCn": null, "noteEn": null, "flatten": false, "selectorType": null, "selection": null}, {"paramCode": "SampleInterval", "paramName": "IT\u91c7\u6837\u95f4\u9694", "ioType": "INPUT", "dataType": "float", "value": null, "defaultValue": "0", "script": null, "required": 1, "advanced": null, "timeFlag": null, "elementDataType": "", "bindDataType": "", "bindDataTypeProperty": null, "property": null, "childParams": [], "constraintType": "ENUM", "constraintValue": "[{\"label\":\"500ms\",\"value\":\"0\"},{\"label\":\"100ms\",\"value\":\"1\"},{\"label\":\"20ms\",\"value\":\"2\"},{\"label\":\"1ms\",\"value\":\"3\"}]", "constraintValueEn": "", "unitTypeCode": null, "unitTypeName": null, "noteCn": null, "noteEn": null, "flatten": false, "selectorType": null, "selection": null}, {"paramCode": "RestTime", "paramName": "IT\u9759\u6b62\u65f6\u95f4\uff08s\uff09", "ioType": "INPUT", "dataType": "int", "value": null, "defaultValue": "2", "script": null, "required": 1, "advanced": null, "timeFlag": null, "elementDataType": "", "bindDataType": "", "bindDataTypeProperty": null, "property": null, "childParams": [], "constraintType": null, "constraintValue": "", "constraintValueEn": "", "unitTypeCode": null, "unitTypeName": null, "noteCn": null, "noteEn": null, "flatten": false, "selectorType": null, "selection": null}, {"paramCode": "Channel1Sensitivity", "paramName": "IT\u901a\u9053\u7075\u654f\u5ea6", "ioType": "INPUT", "dataType": "int", "value": null, "defaultValue": "1", "script": null, "required": 1, "advanced": null, "timeFlag": null, "elementDataType": "", "bindDataType": "", "bindDataTypeProperty": null, "property": null, "childParams": [], "constraintType": "ENUM", "constraintValue": "[{\"label\":\"0~50pA(100G)\",\"value\":\"1\"},{\"label\":\"0~500pA(10G)\",\"value\":\"2\"},{\"label\":\"0~5nA(1G)\",\"value\":\"3\"},{\"label\":\"0~50nA(100M)\",\"value\":\"4\"},{\"label\":\"0~500nA(10M)\",\"value\":\"5\"},{\"label\":\"0~5uA(1M)\",\"value\":\"6\"},{\"label\":\"0~50uA(100K)\",\"value\":\"7\"},{\"label\":\"0~500uA(10K)\",\"value\":\"8\"},{\"label\":\"0~5mA(1K)\",\"value\":\"9\"},{\"label\":\"0~50mA(100)\",\"value\":\"10\"},{\"label\":\"0~200mA(10)\",\"value\":\"11\"},{\"label\":\"0~5pA(1T)\",\"value\":\"13\"}]", "constraintValueEn": "", "unitTypeCode": null, "unitTypeName": null, "noteCn": null, "noteEn": null, "flatten": false, "selectorType": null, "selection": null}, {"paramCode": "RunTime", "paramName": "IT\u8fd0\u884c\u65f6\u95f4\uff08s\uff09", "ioType": "INPUT", "dataType": "float", "value": null, "defaultValue": "5", "script": null, "required": 1, "advanced": null, "timeFlag": null, "elementDataType": "", "bindDataType": "", "bindDataTypeProperty": null, "property": null, "childParams": [], "constraintType": null, "constraintValue": "", "constraintValueEn": "", "unitTypeCode": null, "unitTypeName": null, "noteCn": null, "noteEn": null, "flatten": false, "selectorType": null, "selection": null}], "constraintType": null, "constraintValue": "", "constraintValueEn": "", "unitTypeCode": null, "unitTypeName": null, "noteCn": null, "noteEn": null, "flatten": false, "selectorType": null, "selection": null}, {"paramCode": "OCPT", "paramName": "OCPT\u5b9e\u9a8c", "ioType": "INPUT", "dataType": "array", "value": null, "defaultValue": null, "script": null, "required": 0, "advanced": null, "timeFlag": null, "elementDataType": null, "bindDataType": null, "bindDataTypeProperty": null, "property": null, "childParams": [{"paramCode": "TestName", "paramName": "\u5b9e\u9a8c\u540d\u79f0", "ioType": "CONSTANT", "dataType": "string", "value": null, "defaultValue": "OCPT", "script": null, "required": 1, "advanced": null, "timeFlag": null, "elementDataType": "", "bindDataType": "", "bindDataTypeProperty": null, "property": null, "childParams": [], "constraintType": null, "constraintValue": "", "constraintValueEn": "", "unitTypeCode": null, "unitTypeName": null, "noteCn": null, "noteEn": null, "flatten": false, "selectorType": null, "selection": null}, {"paramCode": "SampleInterval", "paramName": "OCPT\u91c7\u6837\u95f4\u9694", "ioType": "INPUT", "dataType": "float", "value": null, "defaultValue": "1", "script": null, "required": 1, "advanced": null, "timeFlag": null, "elementDataType": "", "bindDataType": "", "bindDataTypeProperty": null, "property": null, "childParams": [], "constraintType": "ENUM", "constraintValue": "[{\"label\":\"500ms\",\"value\":\"0\"},{\"label\":\"100ms\",\"value\":\"1\"},{\"label\":\"20ms\",\"value\":\"2\"},{\"label\":\"1ms\",\"value\":\"3\"}]", "constraintValueEn": "", "unitTypeCode": null, "unitTypeName": null, "noteCn": null, "noteEn": null, "flatten": false, "selectorType": null, "selection": null}, {"paramCode": "HighElec", "paramName": "OCPT\u9ad8\u7535\u4f4d\uff08V\uff09", "ioType": "INPUT", "dataType": "float", "value": null, "defaultValue": "1", "script": null, "required": 1, "advanced": null, "timeFlag": null, "elementDataType": "", "bindDataType": "", "bindDataTypeProperty": null, "property": null, "childParams": [], "constraintType": null, "constraintValue": "", "constraintValueEn": "", "unitTypeCode": null, "unitTypeName": null, "noteCn": null, "noteEn": null, "flatten": false, "selectorType": null, "selection": null}, {"paramCode": "RunTime", "paramName": "OCPT\u8fd0\u884c\u65f6\u95f4\uff08s\uff09", "ioType": "INPUT", "dataType": "float", "value": null, "defaultValue": "10", "script": null, "required": 1, "advanced": null, "timeFlag": null, "elementDataType": "", "bindDataType": "", "bindDataTypeProperty": null, "property": null, "childParams": [], "constraintType": null, "constraintValue": "", "constraintValueEn": "", "unitTypeCode": null, "unitTypeName": null, "noteCn": null, "noteEn": null, "flatten": false, "selectorType": null, "selection": null}, {"paramCode": "LowElec_OCPT", "paramName": "OCPT\u4f4e\u7535\u4f4d\uff08V\uff09", "ioType": "INPUT", "dataType": "float", "value": null, "defaultValue": "0", "script": null, "required": 1, "advanced": null, "timeFlag": null, "elementDataType": "", "bindDataType": "", "bindDataTypeProperty": null, "property": null, "childParams": [], "constraintType": null, "constraintValue": "", "constraintValueEn": "", "unitTypeCode": null, "unitTypeName": null, "noteCn": null, "noteEn": null, "flatten": false, "selectorType": null, "selection": null}], "constraintType": null, "constraintValue": "", "constraintValueEn": "", "unitTypeCode": null, "unitTypeName": null, "noteCn": null, "noteEn": null, "flatten": false, "selectorType": null, "selection": null}], "constraintType": null, "constraintValue": "", "constraintValueEn": "", "unitTypeCode": null, "unitTypeName": null, "noteCn": null, "noteEn": null, "flatten": true, "selectorType": null, "selection": null}, {"paramCode": "result", "paramName": "\u7ed3\u679c\u4e0a\u4f20", "ioType": "OUTPUT", "dataType": "file", "value": null, "defaultValue": null, "script": null, "required": 0, "advanced": null, "timeFlag": null, "elementDataType": "", "bindDataType": "", "bindDataTypeProperty": null, "property": null, "childParams": [], "constraintType": null, "constraintValue": "", "constraintValueEn": "", "unitTypeCode": null, "unitTypeName": null, "noteCn": null, "noteEn": null, "flatten": false, "selectorType": null, "selection": null}]}], "allocates": [{"containerTypeCode": "container_btp", "maxHandleSize": 3}], "commands": [{"code": "allocation", "name": "\u5206\u914d\u5bb9\u5668", "noteCn": null, "noteEn": null, "actionCode": "allocate_container", "actionName": "\u5206\u914d\u5bb9\u5668\u6307\u4ee4", "params": [{"paramCode": "containerType", "value": "[{\"minCount\":\"1\",\"maxCount\":3,\"containerTypeCode\":\"container_btp\",\"containerTypeName\":\"\u7535\u5316\u5b66\u5206\u6790\u73bb\u78b3\u7247\",\"allocateMode\":\"new\",\"defaultCount\":3}]"}, {"paramCode": "allocateOrder", "value": "big"}, {"paramCode": "allocateWorkstations", "value": "[]"}]}, {"code": "put", "name": "\u653e\u7f6e\u73bb\u78b3\u7247", "noteCn": null, "noteEn": null, "actionCode": "put", "actionName": "put\u6307\u4ee4", "params": [{"paramCode": "containerType", "value": "{\"containerTypeCode\":\"container_btp\",\"containerTypeName\":\"\u7535\u5316\u5b66\u5206\u6790\u73bb\u78b3\u7247\"}"}, {"paramCode": "slotType", "value": "{}"}, {"paramCode": "robotCodes", "value": "[]"}, {"paramCode": "fromOrder", "value": "small"}, {"paramCode": "toOrder", "value": "small"}, {"paramCode": "withParentContainerType", "value": "{\"containerTypeCode\":\"\",\"containerTypeName\":\"\"}"}]}, {"code": "take", "name": "\u62ff\u53d6\u73bb\u78b3\u7247", "noteCn": null, "noteEn": null, "actionCode": "take", "actionName": "take\u6307\u4ee4", "params": [{"paramCode": "containerType", "value": "{\"containerTypeCode\":\"container_btp\",\"containerTypeName\":\"\u7535\u5316\u5b66\u5206\u6790\u73bb\u78b3\u7247\"}"}, {"paramCode": "slotType", "value": "{}"}, {"paramCode": "robotCodes", "value": "[]"}, {"paramCode": "fromOrder", "value": "small"}, {"paramCode": "toOrder", "value": "small"}, {"paramCode": "storageWorkstation", "value": "{}"}, {"paramCode": "userDefinedPos", "value": ""}, {"paramCode": "withParentContainerType", "value": "{\"containerTypeCode\":\"\",\"containerTypeName\":\"\"}"}]}], "containerSettings": [{"typeId": 1577647377384448, "typeCode": "slot_btp", "typeName": "\u7535\u5316\u5b66\u5206\u6790\u73bb\u78b3\u7247\u69fd\u4f4d", "containerType": "slot", "allCount": 3, "children": []}], "variables": [], "resultSetting": {"url": "", "type": "echarts", "preview": true}, "ignoreMaterial": true, "defaultVersion": true, "updatedActions": null}