{"id": 1581012205437952, "version": "\u7535\u5316\u5b66\u5206\u6790", "code": "starting_station", "name": "\u7269\u6599\u7ad9", "noteCn": "\u5b9e\u9a8c\u5ba4\u8bd5\u5242\u50a8\u5b58\u67dc\u4e3b\u8981\u7528\u4e8e\u5b89\u5168\u3001\u89c4\u8303\u5730\u50a8\u5b58\u5404\u79cd\u5316\u5b66\u8bd5\u5242\u3002\u5b83\u901a\u5e38\u5177\u6709\u826f\u597d\u7684\u901a\u98ce\u3001\u9632\u706b\u3001\u9632\u7206\u7b49\u529f\u80fd\uff0c\u4ee5\u786e\u4fdd\u8bd5\u5242\u7684\u50a8\u5b58\u5b89\u5168\u3002\u6839\u636e\u8bd5\u5242\u7684\u6027\u8d28\uff0c\u5982\u6613\u71c3\u3001\u6613\u7206\u3001\u6709\u6bd2\u3001\u8150\u8680\u6027\u7b49\uff0c\u50a8\u5b58\u67dc\u4f1a\u8fdb\u884c\u5206\u7c7b\u5b58\u50a8\uff0c\u907f\u514d\u4e0d\u540c\u6027\u8d28\u7684\u8bd5\u5242\u76f8\u4e92\u53cd\u5e94\u3002\u540c\u65f6\uff0c\u50a8\u5b58\u67dc\u8fd8\u914d\u5907\u6709\u5408\u7406\u7684\u6807\u8bc6\u548c\u7ba1\u7406\u7cfb\u7edf\uff0c\u65b9\u4fbf\u8bd5\u5242\u7684\u67e5\u627e\u548c\u53d6\u7528\uff0c\u6709\u52a9\u4e8e\u63d0\u9ad8\u5b9e\u9a8c\u5ba4\u7684\u7ba1\u7406\u6c34\u5e73\u548c\u5b89\u5168\u6027\uff0c\u4fdd\u969c\u5b9e\u9a8c\u5de5\u4f5c\u7684\u987a\u5229\u8fdb\u884c\u3002", "noteEn": "", "createTime": "2025-07-19 20:24:23", "updateTime": "2025-11-07 19:42:38", "paramUrl": "", "modelCode": null, "modelName": null, "modelImages": null, "definer": 0, "equipManufacturerCode": "ACW", "equipManufacturerName": "\u5408\u80a5\u5e02\u8700\u5c71\u533a\u4e9a\u6e90\u7cbe\u5bc6\u4eea\u5668\u7ecf\u8425\u90e8", "actions": [], "allocates": [], "commands": [{"code": "allocation", "name": "\u5206\u914d\u5bb9\u5668", "noteCn": null, "noteEn": null, "actionCode": "allocate_container", "actionName": "\u5206\u914d\u5bb9\u5668\u6307\u4ee4", "params": [{"paramCode": "containerType", "value": "[{\"minCount\":\"1\",\"maxCount\":3,\"containerTypeCode\":\"container_btp\",\"containerTypeName\":\"\u7535\u5316\u5b66\u5206\u6790\u73bb\u78b3\u7247\",\"allocateMode\":\"extend\",\"defaultCount\":3},{\"minCount\":\"1\",\"maxCount\":1,\"containerTypeCode\":\"container_lxgj\",\"containerTypeName\":\"\u7535\u5316\u5b66\u5206\u6790\u79bb\u5fc3\u7ba1\u67b6\",\"allocateMode\":\"extend\",\"defaultCount\":1},{\"minCount\":\"1\",\"maxCount\":1,\"containerTypeCode\":\"container_kb\",\"containerTypeName\":\"\u7535\u5316\u5b66\u5206\u6790\u5b54\u677f\",\"allocateMode\":\"extend\",\"defaultCount\":1}]"}, {"paramCode": "allocateOrder", "value": "small"}, {"paramCode": "allocateWorkstations", "value": "[]"}]}, {"code": "put_all", "name": "\u62ff\u53d6\u7269\u6599", "noteCn": null, "noteEn": "", "actionCode": "put_all", "actionName": "put_all\u6307\u4ee4", "params": [{"paramCode": "containerTypeList", "value": "[{\"containerTypeCode\":\"container_btp\",\"containerTypeName\":\"\u7535\u5316\u5b66\u5206\u6790\u73bb\u78b3\u7247\",\"slotTypeCode\":\"\",\"withParentContainerTypeCode\":\"slot_gyb\"},{\"containerTypeCode\":\"container_kb\",\"containerTypeName\":\"\u7535\u5316\u5b66\u5206\u6790\u5b54\u677f\"},{\"containerTypeCode\":\"container_lxgj\",\"containerTypeName\":\"\u7535\u5316\u5b66\u5206\u6790\u79bb\u5fc3\u7ba1\u67b6\"}]"}, {"paramCode": "robotCodes", "value": "[]"}, {"paramCode": "fromOrder", "value": "small"}, {"paramCode": "toOrder", "value": "small"}]}], "containerSettings": [{"typeId": 1577646177780736, "typeCode": "slot_lxgj", "typeName": "\u7535\u5316\u5b66\u5206\u6790\u79bb\u5fc3\u7ba1\u67b6\u69fd\u4f4d", "containerType": "slot", "allCount": 1, "children": [{"typeId": 1577651836519424, "typeCode": "container_lxgj", "typeName": "\u7535\u5316\u5b66\u5206\u6790\u79bb\u5fc3\u7ba1\u67b6", "containerType": "container", "allCount": 1, "children": []}]}, {"typeId": 1577644841960448, "typeCode": "slot_kb", "typeName": "\u7535\u5316\u5b66\u5206\u6790\u5b54\u677f\u69fd\u4f4d", "containerType": "slot", "allCount": 1, "children": [{"typeId": 1577649912742912, "typeCode": "container_kb", "typeName": "\u7535\u5316\u5b66\u5206\u6790\u5b54\u677f", "containerType": "container", "allCount": 1, "children": []}]}, {"typeId": 1577648058500096, "typeCode": "slot_gyb", "typeName": "\u7535\u5316\u5b66\u5206\u6790\u521a\u7389\u677f\u69fd\u4f4d", "containerType": "slot", "allCount": 1, "children": [{"typeId": 1577650555814912, "typeCode": "container_gyb", "typeName": "\u7535\u5316\u5b66\u5206\u6790\u521a\u7389\u677f", "containerType": "container", "allCount": 1, "children": [{"typeId": 1577647377384448, "typeCode": "slot_btp", "typeName": "\u7535\u5316\u5b66\u5206\u6790\u73bb\u78b3\u7247\u69fd\u4f4d", "containerType": "slot", "allCount": 3, "children": [{"typeId": 1577651173360640, "typeCode": "container_btp", "typeName": "\u7535\u5316\u5b66\u5206\u6790\u73bb\u78b3\u7247", "containerType": "container", "allCount": 3, "children": []}]}]}]}], "variables": [], "resultSetting": {"url": "", "type": "", "preview": false}, "ignoreMaterial": false, "defaultVersion": false, "updatedActions": null}