{"id": 1589019311277056, "version": "1.0", "code": "photothermal_catalytic_reaction_workstation", "name": "\u5149\u70ed\u50ac\u5316\u53cd\u5e94\u5de5\u4f5c\u7ad9", "noteCn": "\u6e29\u5ea6\u63a7\u5236\u5668\u662f\u4e00\u79cd\u7528\u4e8e\u7cbe\u786e\u63a7\u5236\u6e29\u5ea6\u7684\u8bbe\u5907\u3002\u5728\u5b9e\u9a8c\u5ba4\u4e2d\uff0c\u8bb8\u591a\u5b9e\u9a8c\u9700\u8981\u5728\u7279\u5b9a\u7684\u6e29\u5ea6\u6761\u4ef6\u4e0b\u8fdb\u884c\uff0c\u6e29\u5ea6\u63a7\u5236\u5668\u80fd\u591f\u5b9e\u65f6\u76d1\u6d4b\u73af\u5883\u6216\u6837\u54c1\u7684\u6e29\u5ea6\uff0c\u5e76\u6839\u636e\u8bbe\u5b9a\u7684\u6e29\u5ea6\u503c\u81ea\u52a8\u8c03\u8282\u52a0\u70ed\u6216\u5236\u51b7\u8bbe\u5907\u7684\u5de5\u4f5c\u72b6\u6001\uff0c\u4f7f\u6e29\u5ea6\u4fdd\u6301\u5728\u8bbe\u5b9a\u7684\u8303\u56f4\u5185\u3002\u5b83\u5177\u6709\u9ad8\u7cbe\u5ea6\u7684\u6e29\u5ea6\u63a7\u5236\u529f\u80fd\uff0c\u53ef\u4ee5\u5c06\u6e29\u5ea6\u6ce2\u52a8\u63a7\u5236\u5728\u6781\u5c0f\u7684\u8303\u56f4\u5185\uff0c\u786e\u4fdd\u5b9e\u9a8c\u5728\u7a33\u5b9a\u7684\u6e29\u5ea6\u6761\u4ef6\u4e0b\u8fdb\u884c\u3002\u6e29\u5ea6\u63a7\u5236\u5668\u53ef\u5e94\u7528\u4e8e\u5404\u79cd\u9700\u8981\u6e29\u5ea6\u63a7\u5236\u7684\u5b9e\u9a8c\u573a\u666f\uff0c\u5982\u6750\u6599\u70ed\u5904\u7406\u3001\u751f\u7269\u57f9\u517b\u3001\u5316\u5b66\u53cd\u5e94\u7b49\uff0c\u4e3a\u5b9e\u9a8c\u7ed3\u679c\u7684\u51c6\u786e\u6027\u548c\u53ef\u9760\u6027\u63d0\u4f9b\u91cd\u8981\u4fdd\u969c\u3002", "noteEn": "", "createTime": "2025-07-22 16:17:00", "updateTime": "2025-11-07 19:42:38", "paramUrl": "", "modelCode": null, "modelName": null, "modelImages": null, "definer": 0, "equipManufacturerCode": "ABA", "equipManufacturerName": "\u5317\u4eac\u6c47\u79d1\u535a\u521b\u79d1\u6280\u6709\u9650\u516c\u53f8", "actions": [{"id": 1897802271687697, "code": "R_axis_rotation", "name": "R\u8f74\u8f6c\u52a8", "noteCn": null, "noteEn": null, "translator": "default", "translatorArgs": {"url": "/command", "method": "POST"}, "recommend": null, "params": [{"paramCode": "operation", "paramName": "\u64cd\u4f5c\u7b26", "ioType": "CONSTANT", "dataType": "string", "value": null, "defaultValue": "rotation_angle", "script": null, "required": 1, "advanced": null, "timeFlag": null, "elementDataType": null, "bindDataType": null, "bindDataTypeProperty": null, "property": null, "childParams": [], "constraintType": null, "constraintValue": "", "constraintValueEn": "", "unitTypeCode": null, "unitTypeName": null, "noteCn": null, "noteEn": null, "flatten": false, "selectorType": null, "selection": null}, {"paramCode": "value", "paramName": "\u65cb\u8f6c\u89d2\u5ea6", "ioType": "INPUT", "dataType": "int", "value": null, "defaultValue": "90", "script": null, "required": 1, "advanced": null, "timeFlag": null, "elementDataType": "", "bindDataType": "", "bindDataTypeProperty": null, "property": null, "childParams": [], "constraintType": "RANGE", "constraintValue": "[0,180]", "constraintValueEn": "", "unitTypeCode": "\u00b0", "unitTypeName": "\u5ea6", "noteCn": "", "noteEn": null, "flatten": false, "selectorType": null, "selection": null}]}, {"id": 1897802271687698, "code": "start", "name": "\u5f00\u59cb\u5149\u70ed\u50ac\u5316", "noteCn": null, "noteEn": null, "translator": "default", "translatorArgs": {"url": "/command", "method": "POST"}, "recommend": null, "params": [{"paramCode": "operation", "paramName": "\u64cd\u4f5c\u7b26", "ioType": "CONSTANT", "dataType": "string", "value": null, "defaultValue": "start", "script": null, "required": 1, "advanced": null, "timeFlag": null, "elementDataType": null, "bindDataType": null, "bindDataTypeProperty": null, "property": null, "childParams": [], "constraintType": null, "constraintValue": "", "constraintValueEn": "", "unitTypeCode": null, "unitTypeName": null, "noteCn": null, "noteEn": null, "flatten": false, "selectorType": null, "selection": null}, {"paramCode": "init_temp", "paramName": "\u8d77\u59cb\u6e29\u5ea6", "ioType": "INPUT", "dataType": "int", "value": null, "defaultValue": "25", "script": null, "required": 1, "advanced": null, "timeFlag": null, "elementDataType": "", "bindDataType": "", "bindDataTypeProperty": null, "property": null, "childParams": [], "constraintType": "", "constraintValue": "", "constraintValueEn": "", "unitTypeCode": "\u2103", "unitTypeName": "\u6444\u6c0f\u5ea6", "noteCn": "", "noteEn": null, "flatten": false, "selectorType": null, "selection": null}, {"paramCode": "time", "paramName": "\u5347\u6e29\u65f6\u95f4", "ioType": "INPUT", "dataType": "int", "value": null, "defaultValue": "60", "script": null, "required": 1, "advanced": null, "timeFlag": null, "elementDataType": "", "bindDataType": "", "bindDataTypeProperty": null, "property": null, "childParams": [], "constraintType": "", "constraintValue": "", "constraintValueEn": "", "unitTypeCode": "s", "unitTypeName": "\u79d2", "noteCn": "", "noteEn": null, "flatten": false, "selectorType": null, "selection": null}, {"paramCode": "final_temp", "paramName": "\u7ec8\u6b62\u6e29\u5ea6", "ioType": "INPUT", "dataType": "int", "value": null, "defaultValue": "400", "script": null, "required": 1, "advanced": null, "timeFlag": null, "elementDataType": "", "bindDataType": "", "bindDataTypeProperty": null, "property": null, "childParams": [], "constraintType": "", "constraintValue": "", "constraintValueEn": "", "unitTypeCode": "\u2103", "unitTypeName": "\u6444\u6c0f\u5ea6", "noteCn": "", "noteEn": null, "flatten": false, "selectorType": null, "selection": null}, {"paramCode": "set_ac", "paramName": "\u8bbe\u7f6e\u7535\u6d41", "ioType": "INPUT", "dataType": "int", "value": null, "defaultValue": "10", "script": null, "required": 1, "advanced": null, "timeFlag": null, "elementDataType": "", "bindDataType": "", "bindDataTypeProperty": null, "property": null, "childParams": [], "constraintType": "", "constraintValue": "", "constraintValueEn": "", "unitTypeCode": "A", "unitTypeName": "\u5b89\u57f9", "noteCn": "", "noteEn": null, "flatten": false, "selectorType": null, "selection": null}, {"paramCode": "set_channel_1", "paramName": "\u8bbe\u7f6e\u6c14\u4f53\u901a\u90531\u6d41\u91cf", "ioType": "INPUT", "dataType": "int", "value": null, "defaultValue": "", "script": null, "required": 0, "advanced": null, "timeFlag": null, "elementDataType": "", "bindDataType": "", "bindDataTypeProperty": null, "property": null, "childParams": [], "constraintType": "RANGE", "constraintValue": "[2, 200]", "constraintValueEn": "", "unitTypeCode": "ml/min", "unitTypeName": "\u6beb\u5347\u6bcf\u5206\u949f", "noteCn": "", "noteEn": null, "flatten": false, "selectorType": null, "selection": null}, {"paramCode": "set_channel_2", "paramName": "\u8bbe\u7f6e\u6c14\u4f53\u901a\u90532\u6d41\u91cf", "ioType": "INPUT", "dataType": "int", "value": null, "defaultValue": "", "script": null, "required": 0, "advanced": null, "timeFlag": null, "elementDataType": "", "bindDataType": "", "bindDataTypeProperty": null, "property": null, "childParams": [], "constraintType": "RANGE", "constraintValue": "[2, 200]", "constraintValueEn": "", "unitTypeCode": "ml/min", "unitTypeName": "\u6beb\u5347\u6bcf\u5206\u949f", "noteCn": "", "noteEn": null, "flatten": false, "selectorType": null, "selection": null}, {"paramCode": "set_channel_3", "paramName": "\u8bbe\u7f6e\u6c14\u4f53\u901a\u90533\u6d41\u91cf", "ioType": "INPUT", "dataType": "int", "value": null, "defaultValue": "", "script": null, "required": 0, "advanced": null, "timeFlag": null, "elementDataType": "", "bindDataType": "", "bindDataTypeProperty": null, "property": null, "childParams": [], "constraintType": "RANGE", "constraintValue": "[2, 200]", "constraintValueEn": "", "unitTypeCode": "ml/min", "unitTypeName": "\u6beb\u5347\u6bcf\u5206\u949f", "noteCn": "", "noteEn": null, "flatten": false, "selectorType": null, "selection": null}, {"paramCode": "set_light_distance", "paramName": "\u8bbe\u7f6e\u5149\u6e90\u9ad8\u5ea6", "ioType": "INPUT", "dataType": "int", "value": null, "defaultValue": "", "script": null, "required": 0, "advanced": null, "timeFlag": null, "elementDataType": "", "bindDataType": "", "bindDataTypeProperty": null, "property": null, "childParams": [], "constraintType": "", "constraintValue": "", "constraintValueEn": "", "unitTypeCode": "", "unitTypeName": "", "noteCn": "", "noteEn": null, "flatten": false, "selectorType": null, "selection": null}]}, {"id": 1897802271687699, "code": "stop", "name": "\u5173\u95ed\u6240\u6709\u4eea\u5668", "noteCn": null, "noteEn": null, "translator": "default", "translatorArgs": {"url": "/command", "method": "POST"}, "recommend": null, "params": [{"paramCode": "operation", "paramName": "\u64cd\u4f5c\u7b26", "ioType": "CONSTANT", "dataType": "string", "value": null, "defaultValue": "stop", "script": null, "required": 1, "advanced": null, "timeFlag": null, "elementDataType": null, "bindDataType": null, "bindDataTypeProperty": null, "property": null, "childParams": [], "constraintType": null, "constraintValue": "", "constraintValueEn": "", "unitTypeCode": null, "unitTypeName": null, "noteCn": null, "noteEn": null, "flatten": false, "selectorType": null, "selection": null}, {"paramCode": "resultCode", "paramName": "resultCode", "ioType": "OUTPUT", "dataType": "file", "value": null, "defaultValue": null, "script": null, "required": 1, "advanced": null, "timeFlag": null, "elementDataType": "", "bindDataType": "", "bindDataTypeProperty": null, "property": null, "childParams": [], "constraintType": null, "constraintValue": "", "constraintValueEn": "", "unitTypeCode": null, "unitTypeName": null, "noteCn": null, "noteEn": null, "flatten": false, "selectorType": null, "selection": null}]}, {"id": 1897802271687700, "code": "R_axis_init", "name": "R\u8f74\u56de\u96f6", "noteCn": null, "noteEn": null, "translator": "default", "translatorArgs": {"url": "/command", "method": "POST"}, "recommend": null, "params": [{"paramCode": "operation", "paramName": "\u64cd\u4f5c\u7b26", "ioType": "CONSTANT", "dataType": "string", "value": null, "defaultValue": "homing", "script": null, "required": 1, "advanced": null, "timeFlag": null, "elementDataType": null, "bindDataType": null, "bindDataTypeProperty": null, "property": null, "childParams": [], "constraintType": null, "constraintValue": "", "constraintValueEn": "", "unitTypeCode": null, "unitTypeName": null, "noteCn": null, "noteEn": null, "flatten": false, "selectorType": null, "selection": null}, {"paramCode": "value", "paramName": "\u65cb\u8f6c\u89d2\u5ea6", "ioType": "INPUT", "dataType": "int", "value": null, "defaultValue": "0", "script": null, "required": 1, "advanced": null, "timeFlag": null, "elementDataType": "", "bindDataType": "", "bindDataTypeProperty": null, "property": null, "childParams": [], "constraintType": "", "constraintValue": "", "constraintValueEn": "", "unitTypeCode": "\u00b0", "unitTypeName": "\u5ea6", "noteCn": "", "noteEn": null, "flatten": false, "selectorType": null, "selection": null}]}, {"id": 1897802271687701, "code": "start_gas_monitoring", "name": "\u5f00\u542f\u6c14\u4f53\u68c0\u6d4b", "noteCn": null, "noteEn": null, "translator": "default", "translatorArgs": {"url": "/command", "method": "POST"}, "recommend": null, "params": [{"paramCode": "operation", "paramName": "\u64cd\u4f5c\u7b26", "ioType": "CONSTANT", "dataType": "string", "value": null, "defaultValue": "gas_monitoring", "script": null, "required": 1, "advanced": null, "timeFlag": null, "elementDataType": null, "bindDataType": null, "bindDataTypeProperty": null, "property": null, "childParams": [], "constraintType": null, "constraintValue": "", "constraintValueEn": "", "unitTypeCode": null, "unitTypeName": null, "noteCn": null, "noteEn": null, "flatten": false, "selectorType": null, "selection": null}, {"paramCode": "value", "paramName": "\u6f0f\u6c14\u6d41\u91cf\u503c", "ioType": "INPUT", "dataType": "int", "value": null, "defaultValue": "10", "script": null, "required": 1, "advanced": null, "timeFlag": null, "elementDataType": "", "bindDataType": "", "bindDataTypeProperty": null, "property": null, "childParams": [], "constraintType": "", "constraintValue": "", "constraintValueEn": "", "unitTypeCode": "ppm", "unitTypeName": "", "noteCn": "", "noteEn": null, "flatten": false, "selectorType": null, "selection": null}]}, {"id": 1897802271687702, "code": "start_three_channel_gas", "name": "\u5f00\u59cb\u901a\u6c14", "noteCn": null, "noteEn": null, "translator": "default", "translatorArgs": {"url": "/command", "method": "POST"}, "recommend": null, "params": [{"paramCode": "operation", "paramName": "\u64cd\u4f5c\u7b26", "ioType": "CONSTANT", "dataType": "string", "value": null, "defaultValue": "start_three_channel", "script": null, "required": 1, "advanced": null, "timeFlag": null, "elementDataType": null, "bindDataType": null, "bindDataTypeProperty": null, "property": null, "childParams": [], "constraintType": null, "constraintValue": "", "constraintValueEn": "", "unitTypeCode": null, "unitTypeName": null, "noteCn": null, "noteEn": null, "flatten": false, "selectorType": null, "selection": null}, {"paramCode": "set_channel_1", "paramName": "\u8bbe\u7f6e\u6c14\u4f53\u901a\u90531\u6d41\u91cf", "ioType": "INPUT", "dataType": "int", "value": null, "defaultValue": "50", "script": null, "required": 1, "advanced": null, "timeFlag": null, "elementDataType": "", "bindDataType": "", "bindDataTypeProperty": null, "property": null, "childParams": [], "constraintType": "RANGE", "constraintValue": "[2, 200]", "constraintValueEn": "", "unitTypeCode": "ml/min", "unitTypeName": "", "noteCn": "", "noteEn": null, "flatten": false, "selectorType": null, "selection": null}, {"paramCode": "set_channel_2", "paramName": "\u8bbe\u7f6e\u6c14\u4f53\u901a\u90532\u6d41\u91cf", "ioType": "INPUT", "dataType": "int", "value": null, "defaultValue": "50", "script": null, "required": 1, "advanced": null, "timeFlag": null, "elementDataType": "", "bindDataType": "", "bindDataTypeProperty": null, "property": null, "childParams": [], "constraintType": "RANGE", "constraintValue": "[2, 200]", "constraintValueEn": "", "unitTypeCode": "ml/min", "unitTypeName": "", "noteCn": "", "noteEn": null, "flatten": false, "selectorType": null, "selection": null}, {"paramCode": "set_channel_3", "paramName": "\u8bbe\u7f6e\u6c14\u4f53\u901a\u90533\u6d41\u91cf", "ioType": "INPUT", "dataType": "int", "value": null, "defaultValue": "50", "script": null, "required": 1, "advanced": null, "timeFlag": null, "elementDataType": "", "bindDataType": "", "bindDataTypeProperty": null, "property": null, "childParams": [], "constraintType": "RANGE", "constraintValue": "[2, 200]", "constraintValueEn": "", "unitTypeCode": "ml/min", "unitTypeName": "", "noteCn": "", "noteEn": null, "flatten": false, "selectorType": null, "selection": null}]}, {"id": 1897802271687703, "code": "start_xenon_lamp", "name": "\u5f00\u542f\u6c19\u706f", "noteCn": null, "noteEn": null, "translator": "default", "translatorArgs": {"url": "/command", "method": "POST"}, "recommend": null, "params": [{"paramCode": "operation", "paramName": "\u64cd\u4f5c\u7b26", "ioType": "CONSTANT", "dataType": "string", "value": null, "defaultValue": "start_xenon_lamp", "script": null, "required": 1, "advanced": null, "timeFlag": null, "elementDataType": null, "bindDataType": null, "bindDataTypeProperty": null, "property": null, "childParams": [], "constraintType": null, "constraintValue": "", "constraintValueEn": "", "unitTypeCode": null, "unitTypeName": null, "noteCn": null, "noteEn": null, "flatten": false, "selectorType": null, "selection": null}, {"paramCode": "current", "paramName": "\u7535\u6d41", "ioType": "INPUT", "dataType": "int", "value": null, "defaultValue": "15", "script": null, "required": 1, "advanced": null, "timeFlag": null, "elementDataType": "", "bindDataType": "", "bindDataTypeProperty": null, "property": null, "childParams": [], "constraintType": "", "constraintValue": "", "constraintValueEn": "", "unitTypeCode": "A", "unitTypeName": "\u5b89\u57f9", "noteCn": "", "noteEn": null, "flatten": false, "selectorType": null, "selection": null}]}, {"id": 1897802271687704, "code": "start_temp_controller", "name": "\u5f00\u542f\u6e29\u63a7\u4eea", "noteCn": null, "noteEn": null, "translator": "default", "translatorArgs": {"url": "/command", "method": "POST"}, "recommend": null, "params": [{"paramCode": "operation", "paramName": "\u64cd\u4f5c\u7b26", "ioType": "CONSTANT", "dataType": "string", "value": null, "defaultValue": "start_temp_controller", "script": null, "required": 1, "advanced": null, "timeFlag": null, "elementDataType": null, "bindDataType": null, "bindDataTypeProperty": null, "property": null, "childParams": [], "constraintType": null, "constraintValue": "", "constraintValueEn": "", "unitTypeCode": null, "unitTypeName": null, "noteCn": null, "noteEn": null, "flatten": false, "selectorType": null, "selection": null}, {"paramCode": "init_temp", "paramName": "\u8d77\u59cb\u6e29\u5ea6", "ioType": "INPUT", "dataType": "int", "value": null, "defaultValue": "25", "script": null, "required": 1, "advanced": null, "timeFlag": null, "elementDataType": "", "bindDataType": "", "bindDataTypeProperty": null, "property": null, "childParams": [], "constraintType": "", "constraintValue": "", "constraintValueEn": "", "unitTypeCode": "\u2103", "unitTypeName": "\u6444\u6c0f\u5ea6", "noteCn": "", "noteEn": null, "flatten": false, "selectorType": null, "selection": null}, {"paramCode": "time", "paramName": "\u5347\u6e29\u65f6\u95f4", "ioType": "INPUT", "dataType": "int", "value": null, "defaultValue": "60", "script": null, "required": 1, "advanced": null, "timeFlag": null, "elementDataType": "", "bindDataType": "", "bindDataTypeProperty": null, "property": null, "childParams": [], "constraintType": "", "constraintValue": "", "constraintValueEn": "", "unitTypeCode": "min", "unitTypeName": "\u5206\u949f", "noteCn": "", "noteEn": null, "flatten": false, "selectorType": null, "selection": null}, {"paramCode": "target_temp", "paramName": "\u76ee\u6807\u6e29\u5ea6", "ioType": "INPUT", "dataType": "int", "value": null, "defaultValue": "500", "script": null, "required": 1, "advanced": null, "timeFlag": null, "elementDataType": "", "bindDataType": "", "bindDataTypeProperty": null, "property": null, "childParams": [], "constraintType": "", "constraintValue": "", "constraintValueEn": "", "unitTypeCode": "\u2103", "unitTypeName": "\u6444\u6c0f\u5ea6", "noteCn": "", "noteEn": null, "flatten": false, "selectorType": null, "selection": null}]}, {"id": 1897802271687705, "code": "param_test", "name": "\u6d4b\u8bd5\u53c2\u6570\u8bbe\u7f6e", "noteCn": null, "noteEn": null, "translator": "default", "translatorArgs": {"url": "", "method": ""}, "recommend": null, "params": [{"paramCode": "others", "paramName": "\u6307\u4ee4", "ioType": "INPUT", "dataType": "array", "value": null, "defaultValue": null, "script": null, "required": 0, "advanced": null, "timeFlag": null, "elementDataType": "object", "bindDataType": "", "bindDataTypeProperty": null, "property": null, "childParams": [{"paramCode": "initTemp", "paramName": "\u521d\u59cb\u6e29\u5ea6", "ioType": "INPUT", "dataType": "float", "value": null, "defaultValue": "25", "script": null, "required": 1, "advanced": null, "timeFlag": null, "elementDataType": null, "bindDataType": null, "bindDataTypeProperty": null, "property": null, "childParams": null, "constraintType": null, "constraintValue": "", "constraintValueEn": "", "unitTypeCode": null, "unitTypeName": null, "noteCn": null, "noteEn": null, "flatten": false, "selectorType": null, "selection": null}, {"paramCode": "itemList", "paramName": "\u6e29\u5ea6\u53c2\u6570", "ioType": "INPUT", "dataType": "array", "value": null, "defaultValue": null, "script": null, "required": 1, "advanced": null, "timeFlag": null, "elementDataType": null, "bindDataType": null, "bindDataTypeProperty": null, "property": null, "childParams": [{"paramCode": "temp", "paramName": "\u76ee\u6807\u6e29\u5ea6", "ioType": "INPUT", "dataType": "float", "value": null, "defaultValue": "30", "script": null, "required": 1, "advanced": null, "timeFlag": null, "elementDataType": "", "bindDataType": "", "bindDataTypeProperty": null, "property": null, "childParams": [], "constraintType": null, "constraintValue": "", "constraintValueEn": "", "unitTypeCode": null, "unitTypeName": null, "noteCn": null, "noteEn": null, "flatten": false, "selectorType": null, "selection": null}, {"paramCode": "time", "paramName": "\u5347\u6e29\u65f6\u95f4", "ioType": "INPUT", "dataType": "float", "value": null, "defaultValue": "10", "script": null, "required": 1, "advanced": null, "timeFlag": null, "elementDataType": "", "bindDataType": "", "bindDataTypeProperty": null, "property": null, "childParams": [], "constraintType": null, "constraintValue": "", "constraintValueEn": "", "unitTypeCode": null, "unitTypeName": null, "noteCn": null, "noteEn": null, "flatten": false, "selectorType": null, "selection": null}], "constraintType": null, "constraintValue": "", "constraintValueEn": "", "unitTypeCode": null, "unitTypeName": null, "noteCn": null, "noteEn": null, "flatten": false, "selectorType": null, "selection": null}], "constraintType": null, "constraintValue": "", "constraintValueEn": "", "unitTypeCode": null, "unitTypeName": null, "noteCn": null, "noteEn": null, "flatten": false, "selectorType": null, "selection": null}]}, {"id": 1897802271687706, "code": "no_param", "name": "\u65e0\u53c2\u6570\u6d4b\u8bd5", "noteCn": null, "noteEn": null, "translator": "default", "translatorArgs": {"url": "/command", "method": ""}, "recommend": null, "params": [{"paramCode": "MicExpParam", "paramName": "MicExpParam", "ioType": "INPUT", "dataType": "object", "value": null, "defaultValue": null, "script": null, "required": 1, "advanced": null, "timeFlag": null, "elementDataType": "", "bindDataType": "", "bindDataTypeProperty": null, "property": null, "childParams": [{"paramCode": "ReactantOptions", "paramName": "ReactantOptions", "ioType": "INPUT", "dataType": "object", "value": null, "defaultValue": null, "script": null, "required": 1, "advanced": null, "timeFlag": null, "elementDataType": null, "bindDataType": null, "bindDataTypeProperty": null, "property": null, "childParams": [{"paramCode": "Polarity", "paramName": "Polarity", "ioType": "INPUT", "dataType": "int", "value": null, "defaultValue": null, "script": null, "required": 1, "advanced": null, "timeFlag": null, "elementDataType": "", "bindDataType": "", "bindDataTypeProperty": null, "property": null, "childParams": [], "constraintType": "ENUM", "constraintValue": "[{\"label\":\"\u6781\u6027\u5f3a\",\"value\":0},{\"label\":\"\u6781\u6027\u4e2d\",\"value\":1},{\"label\":\"\u6781\u6027\u5f31\",\"value\":2}]", "constraintValueEn": "", "unitTypeCode": null, "unitTypeName": null, "noteCn": null, "noteEn": null, "flatten": false, "selectorType": null, "selection": null}, {"paramCode": "Capacity", "paramName": "Capacity", "ioType": "INPUT", "dataType": "int", "value": null, "defaultValue": null, "script": null, "required": 1, "advanced": null, "timeFlag": null, "elementDataType": "", "bindDataType": "", "bindDataTypeProperty": null, "property": null, "childParams": [], "constraintType": "ENUM", "constraintValue": "[{\"label\":\"\u5bb9\u91cf\u5c0f\u4e8e10ml\",\"value\":0},{\"label\":\"\u5bb9\u91cf 10-30ml\",\"value\":1},{\"label\":\"\u5bb9\u91cf\u5927\u4e8e 30ml\",\"value\":2}]", "constraintValueEn": "", "unitTypeCode": null, "unitTypeName": null, "noteCn": null, "noteEn": null, "flatten": false, "selectorType": null, "selection": null}], "constraintType": null, "constraintValue": "", "constraintValueEn": "", "unitTypeCode": null, "unitTypeName": null, "noteCn": null, "noteEn": null, "flatten": false, "selectorType": null, "selection": null}, {"paramCode": "Stages", "paramName": "Stages", "ioType": "INPUT", "dataType": "array", "value": null, "defaultValue": null, "script": null, "required": 1, "advanced": null, "timeFlag": null, "elementDataType": null, "bindDataType": null, "bindDataTypeProperty": null, "property": null, "childParams": [{"paramCode": "TargetTemperature", "paramName": "TargetTemperature", "ioType": "INPUT", "dataType": "int", "value": null, "defaultValue": "150", "script": null, "required": 1, "advanced": null, "timeFlag": null, "elementDataType": "", "bindDataType": "", "bindDataTypeProperty": null, "property": null, "childParams": [], "constraintType": null, "constraintValue": "", "constraintValueEn": "", "unitTypeCode": null, "unitTypeName": null, "noteCn": null, "noteEn": null, "flatten": false, "selectorType": null, "selection": null}, {"paramCode": "MaxPressure", "paramName": "MaxPressure", "ioType": "INPUT", "dataType": "int", "value": null, "defaultValue": "200", "script": null, "required": 1, "advanced": null, "timeFlag": null, "elementDataType": "", "bindDataType": "", "bindDataTypeProperty": null, "property": null, "childParams": [], "constraintType": null, "constraintValue": "", "constraintValueEn": "", "unitTypeCode": null, "unitTypeName": null, "noteCn": null, "noteEn": null, "flatten": false, "selectorType": null, "selection": null}], "constraintType": null, "constraintValue": "", "constraintValueEn": "", "unitTypeCode": null, "unitTypeName": null, "noteCn": null, "noteEn": null, "flatten": false, "selectorType": null, "selection": null}], "constraintType": null, "constraintValue": "", "constraintValueEn": "", "unitTypeCode": null, "unitTypeName": null, "noteCn": null, "noteEn": null, "flatten": false, "selectorType": null, "selection": null}]}], "allocates": [{"containerTypeCode": "bottle_storage", "maxHandleSize": 1}], "commands": [{"code": "allocation", "name": "\u5206\u914d\u5bb9\u5668", "noteCn": null, "noteEn": null, "actionCode": "allocate_container", "actionName": "\u5206\u914d\u5bb9\u5668\u6307\u4ee4", "params": [{"paramCode": "containerType", "value": "[{\"minCount\":\"1\",\"maxCount\":1,\"containerTypeCode\":\"bottle_storage\",\"containerTypeName\":\"\u8fdb\u6837\u74f6\",\"allocateMode\":\"extend\"}]"}, {"paramCode": "allocateOrder", "value": "small"}, {"paramCode": "allocateWorkstations", "value": "[]"}]}, {"code": "take", "name": "\u62ff\u53d6\u6837\u54c1", "noteCn": null, "noteEn": null, "actionCode": "take", "actionName": "take\u6307\u4ee4", "params": [{"paramCode": "containerType", "value": "{\"containerTypeCode\":\"bottle_storage\",\"containerTypeName\":\"\u8fdb\u6837\u74f6\",\"slotTypeCode\":\"\"}"}, {"paramCode": "slotType", "value": "{}"}, {"paramCode": "robotCodes", "value": "[]"}, {"paramCode": "fromOrder", "value": "small"}, {"paramCode": "toOrder", "value": "small"}, {"paramCode": "storageWorkstation", "value": "{}"}, {"paramCode": "userDefinedPos", "value": "undefined"}, {"paramCode": "withParentContainerType", "value": "{}"}]}, {"code": "put", "name": "\u653e\u7f6e\u6837\u54c1", "noteCn": null, "noteEn": null, "actionCode": "put", "actionName": "put\u6307\u4ee4", "params": [{"paramCode": "containerType", "value": "{\"containerTypeCode\":\"bottle_storage\",\"containerTypeName\":\"\u8fdb\u6837\u74f6\"}"}, {"paramCode": "slotType", "value": "{}"}, {"paramCode": "robotCodes", "value": "[]"}, {"paramCode": "fromOrder", "value": "undefined"}, {"paramCode": "toOrder", "value": "undefined"}, {"paramCode": "withParentContainerType", "value": "{}"}]}], "containerSettings": [{"typeId": 1390279958430720, "typeCode": "slot_bottle_storage", "typeName": "\u8fdb\u6837\u74f6\u69fd\u4f4d", "containerType": "slot", "allCount": 1, "children": []}], "variables": [], "resultSetting": {"url": "", "type": "", "preview": false}, "ignoreMaterial": false, "defaultVersion": true, "updatedActions": null}