{"id": 1594372156687360, "version": "351\u5b9e\u9a8c\u5ba4\u5149\u523b-2.0", "code": "lithography", "name": "\u5149\u523b\u5de5\u4f5c\u7ad9", "noteCn": "\u7eb3\u7c73\u7ea7\u4e09\u7ef4\u6fc0\u5149\u76f4\u5199 3D \u6253\u5370\u8bbe\u5907\uff08\u5149\u523b\u80f6\u4e13\u7528\uff09\u662f\u4e00\u79cd\u9ad8\u7cbe\u5ea6\u7684\u5fae\u7eb3\u52a0\u5de5\u8bbe\u5907\u3002\u5b83\u5229\u7528\u6fc0\u5149\u675f\u5bf9\u5149\u523b\u80f6\u8fdb\u884c\u9010\u70b9\u3001\u9010\u5c42\u626b\u63cf\u66dd\u5149\uff0c\u901a\u8fc7\u63a7\u5236\u6fc0\u5149\u7684\u5f3a\u5ea6\u3001\u626b\u63cf\u901f\u5ea6\u548c\u66dd\u5149\u65f6\u95f4\u7b49\u53c2\u6570\uff0c\u5b9e\u73b0\u7eb3\u7c73\u7ea7\u5206\u8fa8\u7387\u7684\u4e09\u7ef4\u7ed3\u6784\u5236\u9020\u3002\u80fd\u591f\u5236\u9020\u51fa\u590d\u6742\u7684\u5fae\u7eb3\u7ed3\u6784\uff0c\u5982\u5fae\u7eb3\u5149\u5b66\u5668\u4ef6\u3001\u751f\u7269\u82af\u7247\u3001\u5fae\u673a\u7535\u7cfb\u7edf\u7b49\u3002\u8be5\u8bbe\u5907\u5728\u5fae\u7eb3\u5236\u9020\u3001\u751f\u7269\u533b\u5b66\u5de5\u7a0b\u3001\u5149\u5b66\u7b49\u9886\u57df\u5177\u6709\u91cd\u8981\u5e94\u7528\uff0c\u4e3a\u8fd9\u4e9b\u9886\u57df\u7684\u7814\u7a76\u548c\u4ea7\u54c1\u5f00\u53d1\u63d0\u4f9b\u4e86\u5f3a\u5927\u7684\u5fae\u7eb3\u52a0\u5de5\u624b\u6bb5\uff0c\u63a8\u52a8\u4e86\u5fae\u7eb3\u6280\u672f\u7684\u53d1\u5c55\u548c\u5e94\u7528\u3002", "noteEn": "lithography", "createTime": "2025-07-24 13:39:36", "updateTime": "2025-11-07 19:42:38", "paramUrl": "", "modelCode": null, "modelName": null, "modelImages": null, "definer": 0, "equipManufacturerCode": "AAM", "equipManufacturerName": "\u5c71\u4e1c\u51ef\u535a\u6280\u672f\u53d1\u5c55\u6709\u9650\u516c\u53f8", "actions": [{"id": 1897802271654912, "code": "init_communication", "name": "\u9009\u62e9\u901a\u4fe1\u4e32\u53e3", "noteCn": "\u9009\u62e9\u901a\u4fe1\u4e32\u53e3", "noteEn": "init communication", "translator": "default", "translatorArgs": {"url": "/command", "method": "POST"}, "recommend": null, "params": [{"paramCode": "operation", "paramName": "\u64cd\u4f5c\u6307\u4ee4", "ioType": "CONSTANT", "dataType": "string", "value": null, "defaultValue": "init_communication", "script": null, "required": 1, "advanced": null, "timeFlag": null, "elementDataType": null, "bindDataType": null, "bindDataTypeProperty": null, "property": null, "childParams": [], "constraintType": null, "constraintValue": "", "constraintValueEn": "", "unitTypeCode": null, "unitTypeName": null, "noteCn": "\u64cd\u4f5c\u6307\u4ee4", "noteEn": null, "flatten": false, "selectorType": null, "selection": null}, {"paramCode": "serial", "paramName": "\u901a\u4fe1\u4e32\u53e3", "ioType": "INPUT", "dataType": "string", "value": null, "defaultValue": "COM4", "script": null, "required": 1, "advanced": null, "timeFlag": null, "elementDataType": "", "bindDataType": "", "bindDataTypeProperty": null, "property": null, "childParams": [], "constraintType": null, "constraintValue": "", "constraintValueEn": "", "unitTypeCode": null, "unitTypeName": null, "noteCn": "\u901a\u4fe1\u4e32\u53e3", "noteEn": null, "flatten": false, "selectorType": null, "selection": null}]}, {"id": 1897802271654913, "code": "laser_on", "name": "\u51fa\u5149", "noteCn": "\u51fa\u5149", "noteEn": "laser on", "translator": "default", "translatorArgs": {"url": "/command", "method": "POST"}, "recommend": null, "params": [{"paramCode": "operation", "paramName": "\u64cd\u4f5c\u6307\u4ee4", "ioType": "CONSTANT", "dataType": "string", "value": null, "defaultValue": "laser_on", "script": null, "required": 1, "advanced": null, "timeFlag": null, "elementDataType": null, "bindDataType": null, "bindDataTypeProperty": null, "property": null, "childParams": [], "constraintType": null, "constraintValue": "", "constraintValueEn": "", "unitTypeCode": null, "unitTypeName": null, "noteCn": "\u64cd\u4f5c\u6307\u4ee4", "noteEn": null, "flatten": false, "selectorType": null, "selection": null}, {"paramCode": "laser_power", "paramName": "\u51fa\u5149\u529f\u7387", "ioType": "INPUT", "dataType": "float", "value": null, "defaultValue": "8", "script": null, "required": 1, "advanced": null, "timeFlag": null, "elementDataType": "", "bindDataType": "", "bindDataTypeProperty": null, "property": null, "childParams": [], "constraintType": "RANGE", "constraintValue": "[0,100]", "constraintValueEn": "", "unitTypeCode": null, "unitTypeName": null, "noteCn": "\u51fa\u5149\u529f\u7387", "noteEn": "laser power", "flatten": false, "selectorType": null, "selection": null}]}, {"id": 1897802271654914, "code": "take_samples", "name": "\u53d6\u51fa\u6837\u54c1", "noteCn": "\u53d6\u51fa\u6837\u54c1", "noteEn": "take samples", "translator": "default", "translatorArgs": {"url": "/command", "method": "POST"}, "recommend": null, "params": [{"paramCode": "operation", "paramName": "\u64cd\u4f5c\u6307\u4ee4", "ioType": "CONSTANT", "dataType": "string", "value": null, "defaultValue": "take_samples", "script": null, "required": 1, "advanced": null, "timeFlag": null, "elementDataType": null, "bindDataType": null, "bindDataTypeProperty": null, "property": null, "childParams": [], "constraintType": null, "constraintValue": "", "constraintValueEn": "", "unitTypeCode": null, "unitTypeName": null, "noteCn": "\u64cd\u4f5c\u6307\u4ee4", "noteEn": null, "flatten": false, "selectorType": null, "selection": null}, {"paramCode": "x_to", "paramName": "x\u53d6\u503c\uff08mm\uff09", "ioType": "INPUT", "dataType": "float", "value": null, "defaultValue": "0", "script": null, "required": 1, "advanced": null, "timeFlag": null, "elementDataType": "", "bindDataType": "", "bindDataTypeProperty": null, "property": null, "childParams": [], "constraintType": "RANGE", "constraintValue": "[-100,100]", "constraintValueEn": "", "unitTypeCode": null, "unitTypeName": null, "noteCn": "x\u53d6\u503c\uff08mm\uff09", "noteEn": "", "flatten": false, "selectorType": null, "selection": null}, {"paramCode": "y_to", "paramName": "y\u53d6\u503c\uff08mm\uff09", "ioType": "INPUT", "dataType": "float", "value": null, "defaultValue": "0", "script": null, "required": 1, "advanced": null, "timeFlag": null, "elementDataType": "", "bindDataType": "", "bindDataTypeProperty": null, "property": null, "childParams": [], "constraintType": "RANGE", "constraintValue": "[-100,100]", "constraintValueEn": "", "unitTypeCode": null, "unitTypeName": null, "noteCn": "y\u53d6\u503c\uff08mm\uff09", "noteEn": "", "flatten": false, "selectorType": null, "selection": null}, {"paramCode": "z_move", "paramName": "z\u53d6\u503c\uff08mm\uff09", "ioType": "INPUT", "dataType": "float", "value": null, "defaultValue": "0", "script": null, "required": 1, "advanced": null, "timeFlag": null, "elementDataType": "", "bindDataType": "", "bindDataTypeProperty": null, "property": null, "childParams": [], "constraintType": "RANGE", "constraintValue": "[-4.9,4.9]", "constraintValueEn": "", "unitTypeCode": null, "unitTypeName": null, "noteCn": "z\u53d6\u503c\uff08mm\uff09", "noteEn": "", "flatten": false, "selectorType": null, "selection": null}]}, {"id": 1897802271654915, "code": "open_vacuum_cupule", "name": "\u6253\u5f00\u771f\u7a7a\u5438\u76d8", "noteCn": "\u6253\u5f00\u771f\u7a7a\u5438\u76d8", "noteEn": "open vacuum cupule", "translator": "default", "translatorArgs": {"url": "/command", "method": "POST"}, "recommend": null, "params": [{"paramCode": "operation", "paramName": "\u64cd\u4f5c\u6307\u4ee4", "ioType": "CONSTANT", "dataType": "string", "value": null, "defaultValue": "open_vacuum_cupule", "script": null, "required": 1, "advanced": null, "timeFlag": null, "elementDataType": null, "bindDataType": null, "bindDataTypeProperty": null, "property": null, "childParams": [], "constraintType": null, "constraintValue": "", "constraintValueEn": "", "unitTypeCode": null, "unitTypeName": null, "noteCn": "\u64cd\u4f5c\u6307\u4ee4", "noteEn": null, "flatten": false, "selectorType": null, "selection": null}]}, {"id": 1897802271654916, "code": "close_vacuum_cupule", "name": "\u5173\u95ed\u771f\u7a7a\u5438\u76d8", "noteCn": "\u5173\u95ed\u771f\u7a7a\u5438\u76d8", "noteEn": "close vacuum cupule", "translator": "default", "translatorArgs": {"url": "/command", "method": "POST"}, "recommend": null, "params": [{"paramCode": "operation", "paramName": "\u64cd\u4f5c\u6307\u4ee4", "ioType": "CONSTANT", "dataType": "string", "value": null, "defaultValue": "close_vacuum_cupule", "script": null, "required": 1, "advanced": null, "timeFlag": null, "elementDataType": null, "bindDataType": null, "bindDataTypeProperty": null, "property": null, "childParams": [], "constraintType": null, "constraintValue": "", "constraintValueEn": "", "unitTypeCode": null, "unitTypeName": null, "noteCn": "\u64cd\u4f5c\u6307\u4ee4", "noteEn": null, "flatten": false, "selectorType": null, "selection": null}]}, {"id": 1897802271654917, "code": "open_camera", "name": "\u5f00\u542f\u76f8\u673a", "noteCn": "\u5f00\u542f\u76f8\u673a", "noteEn": "open camera", "translator": "default", "translatorArgs": {"url": "/command", "method": "POST"}, "recommend": null, "params": [{"paramCode": "operation", "paramName": "\u64cd\u4f5c\u6307\u4ee4", "ioType": "CONSTANT", "dataType": "string", "value": null, "defaultValue": "open_camera", "script": null, "required": 1, "advanced": null, "timeFlag": null, "elementDataType": null, "bindDataType": null, "bindDataTypeProperty": null, "property": null, "childParams": [], "constraintType": null, "constraintValue": "", "constraintValueEn": "", "unitTypeCode": null, "unitTypeName": null, "noteCn": "\u64cd\u4f5c\u6307\u4ee4", "noteEn": null, "flatten": false, "selectorType": null, "selection": null}]}, {"id": 1897802271654918, "code": "pos_light", "name": "\u8bbe\u7f6e\u6295\u5c04\u7167\u660e\u503c", "noteCn": "\u8bbe\u7f6e\u6295\u5c04\u7167\u660e\u503c", "noteEn": "pos light", "translator": "default", "translatorArgs": {"url": "/command", "method": "POST"}, "recommend": null, "params": [{"paramCode": "operation", "paramName": "\u64cd\u4f5c\u6307\u4ee4", "ioType": "CONSTANT", "dataType": "string", "value": null, "defaultValue": "pos_light", "script": null, "required": 1, "advanced": null, "timeFlag": null, "elementDataType": null, "bindDataType": null, "bindDataTypeProperty": null, "property": null, "childParams": [], "constraintType": null, "constraintValue": "", "constraintValueEn": "", "unitTypeCode": null, "unitTypeName": null, "noteCn": "\u64cd\u4f5c\u6307\u4ee4", "noteEn": null, "flatten": false, "selectorType": null, "selection": null}, {"paramCode": "pos_value", "paramName": "\u7167\u660e\u503c", "ioType": "INPUT", "dataType": "int", "value": null, "defaultValue": "0", "script": null, "required": 1, "advanced": null, "timeFlag": null, "elementDataType": "", "bindDataType": "", "bindDataTypeProperty": null, "property": null, "childParams": [], "constraintType": "RANGE", "constraintValue": "[0,99]", "constraintValueEn": "", "unitTypeCode": null, "unitTypeName": null, "noteCn": "\u7167\u660e\u503c", "noteEn": null, "flatten": false, "selectorType": null, "selection": null}]}, {"id": 1897802271654919, "code": "raise_stage", "name": "\u62ac\u5347\u6837\u54c1", "noteCn": "\u62ac\u5347\u6837\u54c1", "noteEn": "raise stage", "translator": "default", "translatorArgs": {"url": "/command", "method": "POST"}, "recommend": null, "params": [{"paramCode": "operation", "paramName": "\u64cd\u4f5c\u6307\u4ee4", "ioType": "CONSTANT", "dataType": "string", "value": null, "defaultValue": "raise_stage", "script": null, "required": 1, "advanced": null, "timeFlag": null, "elementDataType": null, "bindDataType": null, "bindDataTypeProperty": null, "property": null, "childParams": [], "constraintType": null, "constraintValue": "", "constraintValueEn": "", "unitTypeCode": null, "unitTypeName": null, "noteCn": "\u64cd\u4f5c\u6307\u4ee4", "noteEn": null, "flatten": false, "selectorType": null, "selection": null}, {"paramCode": "distance", "paramName": "\u62ac\u5347\u8ddd\u79bb\uff08um\uff09", "ioType": "INPUT", "dataType": "int", "value": null, "defaultValue": "1", "script": null, "required": 1, "advanced": null, "timeFlag": null, "elementDataType": "", "bindDataType": "", "bindDataTypeProperty": null, "property": null, "childParams": [], "constraintType": "RANGE", "constraintValue": "[0,3000]", "constraintValueEn": "", "unitTypeCode": null, "unitTypeName": null, "noteCn": "\u62ac\u5347\u8ddd\u79bb\uff08um\uff09", "noteEn": "raise distance", "flatten": false, "selectorType": null, "selection": null}]}, {"id": 1897802271654920, "code": "interface_detect", "name": "\u754c\u9762\u63a2\u6d4b", "noteCn": "\u754c\u9762\u63a2\u6d4b", "noteEn": "interface detect", "translator": "default", "translatorArgs": {"url": "/command", "method": "POST"}, "recommend": null, "params": [{"paramCode": "operation", "paramName": "\u64cd\u4f5c\u6307\u4ee4", "ioType": "CONSTANT", "dataType": "string", "value": null, "defaultValue": "interface_detect", "script": null, "required": 1, "advanced": null, "timeFlag": null, "elementDataType": null, "bindDataType": null, "bindDataTypeProperty": null, "property": null, "childParams": [], "constraintType": null, "constraintValue": "", "constraintValueEn": "", "unitTypeCode": null, "unitTypeName": null, "noteCn": "\u64cd\u4f5c\u6307\u4ee4", "noteEn": null, "flatten": false, "selectorType": null, "selection": null}, {"paramCode": "method_name", "paramName": "\u65b9\u6cd5\u540d\u79f0", "ioType": "INPUT", "dataType": "string", "value": null, "defaultValue": "1105", "script": null, "required": 1, "advanced": null, "timeFlag": null, "elementDataType": "", "bindDataType": "", "bindDataTypeProperty": null, "property": null, "childParams": [], "constraintType": null, "constraintValue": "", "constraintValueEn": "", "unitTypeCode": null, "unitTypeName": null, "noteCn": "\u65b9\u6cd5\u540d\u79f0", "noteEn": null, "flatten": false, "selectorType": null, "selection": null}, {"paramCode": "start_position", "paramName": "\u8d77\u59cb\u4f4d\u7f6e\uff08um\uff09", "ioType": "INPUT", "dataType": "float", "value": null, "defaultValue": "90", "script": null, "required": 1, "advanced": null, "timeFlag": null, "elementDataType": "", "bindDataType": "", "bindDataTypeProperty": null, "property": null, "childParams": [], "constraintType": "RANGE", "constraintValue": "[1,1000]", "constraintValueEn": "", "unitTypeCode": null, "unitTypeName": null, "noteCn": "\u8d77\u59cb\u4f4d\u7f6e\uff08um\uff09", "noteEn": null, "flatten": false, "selectorType": null, "selection": null}, {"paramCode": "z_range", "paramName": "z\u8f74\u8303\u56f4\uff08um\uff09", "ioType": "INPUT", "dataType": "float", "value": null, "defaultValue": "60", "script": null, "required": 1, "advanced": null, "timeFlag": null, "elementDataType": "", "bindDataType": "", "bindDataTypeProperty": null, "property": null, "childParams": [], "constraintType": "RANGE", "constraintValue": "[2,1000]", "constraintValueEn": "", "unitTypeCode": null, "unitTypeName": null, "noteCn": "z\u8f74\u8303\u56f4\uff08um\uff09", "noteEn": "z_range", "flatten": false, "selectorType": null, "selection": null}, {"paramCode": "z_step", "paramName": "\u6b65\u8fdb\uff08um\uff09", "ioType": "INPUT", "dataType": "float", "value": null, "defaultValue": "0.5", "script": null, "required": 1, "advanced": null, "timeFlag": null, "elementDataType": "", "bindDataType": "", "bindDataTypeProperty": null, "property": null, "childParams": [], "constraintType": "RANGE", "constraintValue": "[-1,5]", "constraintValueEn": "", "unitTypeCode": null, "unitTypeName": null, "noteCn": "\u6b65\u8fdb\uff08um\uff09", "noteEn": "z_step", "flatten": false, "selectorType": null, "selection": null}, {"paramCode": "wait_time", "paramName": "\u7b49\u5f85\u65f6\u95f4\uff08ms\uff09", "ioType": "INPUT", "dataType": "int", "value": null, "defaultValue": "50", "script": null, "required": 1, "advanced": null, "timeFlag": null, "elementDataType": "", "bindDataType": "", "bindDataTypeProperty": null, "property": null, "childParams": [], "constraintType": "RANGE", "constraintValue": "[2,500]", "constraintValueEn": "", "unitTypeCode": null, "unitTypeName": null, "noteCn": "\u7b49\u5f85\u65f6\u95f4\uff08ms\uff09", "noteEn": "wait_time", "flatten": false, "selectorType": null, "selection": null}, {"paramCode": "device_type", "paramName": "\u63a2\u6d4b\u8bbe\u5907", "ioType": "INPUT", "dataType": "int", "value": null, "defaultValue": "0", "script": null, "required": 1, "advanced": null, "timeFlag": null, "elementDataType": "", "bindDataType": "", "bindDataTypeProperty": null, "property": null, "childParams": [], "constraintType": "ENUM", "constraintValue": "[{\"label\":\"PZ\",\"value\":0},{\"label\":\"Z\",\"value\":1}]", "constraintValueEn": "", "unitTypeCode": null, "unitTypeName": null, "noteCn": "\u63a2\u6d4b\u8bbe\u5907", "noteEn": "device_type", "flatten": false, "selectorType": null, "selection": null}, {"paramCode": "auto_light", "paramName": "\u662f\u5426\u81ea\u52a8\u5f00\u542f\u706f\u5149", "ioType": "INPUT", "dataType": "int", "value": null, "defaultValue": "0", "script": null, "required": 1, "advanced": null, "timeFlag": null, "elementDataType": "", "bindDataType": "", "bindDataTypeProperty": null, "property": null, "childParams": [], "constraintType": "ENUM", "constraintValue": "[{\"label\":\"\u5426\",\"value\":0},{\"label\":\"\u662f\",\"value\":1}]", "constraintValueEn": "", "unitTypeCode": null, "unitTypeName": null, "noteCn": "auto_light", "noteEn": "auto_light", "flatten": false, "selectorType": null, "selection": null}, {"paramCode": "detect_shape", "paramName": "\u63a2\u6d4b\u5f62\u72b6", "ioType": "INPUT", "dataType": "int", "value": null, "defaultValue": "0", "script": null, "required": 1, "advanced": null, "timeFlag": null, "elementDataType": "", "bindDataType": "", "bindDataTypeProperty": null, "property": null, "childParams": [], "constraintType": "ENUM", "constraintValue": "[{\"label\":\"cross\",\"value\":0},{\"label\":\"circle\",\"value\":1},{\"label\":\"square\",\"value\":2}]", "constraintValueEn": "", "unitTypeCode": null, "unitTypeName": null, "noteCn": "\u63a2\u6d4b\u5f62\u72b6", "noteEn": "detect_shape", "flatten": false, "selectorType": null, "selection": null}, {"paramCode": "radius", "paramName": "\u8303\u56f4\uff08um\uff09", "ioType": "INPUT", "dataType": "float", "value": null, "defaultValue": "1000", "script": null, "required": 1, "advanced": null, "timeFlag": null, "elementDataType": "", "bindDataType": "", "bindDataTypeProperty": null, "property": null, "childParams": [], "constraintType": "RANGE", "constraintValue": "[1,90000]", "constraintValueEn": "", "unitTypeCode": null, "unitTypeName": null, "noteCn": "\u8303\u56f4\uff08um\uff09", "noteEn": "radius", "flatten": false, "selectorType": null, "selection": null}, {"paramCode": "fit_core", "paramName": "\u8ba1\u7b97\u6838\u5fc3", "ioType": "INPUT", "dataType": "int", "value": null, "defaultValue": "1", "script": null, "required": 1, "advanced": null, "timeFlag": null, "elementDataType": "", "bindDataType": "", "bindDataTypeProperty": null, "property": null, "childParams": [], "constraintType": "ENUM", "constraintValue": "[{\"label\":\"Gaussion\",\"value\":0},{\"label\":\"Sigmoid\",\"value\":1}]", "constraintValueEn": "", "unitTypeCode": null, "unitTypeName": null, "noteCn": "\u8ba1\u7b97\u6838\u5fc3", "noteEn": null, "flatten": false, "selectorType": null, "selection": null}, {"paramCode": "detect_points_num", "paramName": "\u63a2\u6d4b\u70b9\u4e2a\u6570", "ioType": "INPUT", "dataType": "int", "value": null, "defaultValue": "3", "script": null, "required": 1, "advanced": null, "timeFlag": null, "elementDataType": "", "bindDataType": "", "bindDataTypeProperty": null, "property": null, "childParams": [], "constraintType": "ENUM", "constraintValue": "[{\"label\":\"3\",\"value\":3},{\"label\":\"5\",\"value\":5},{\"label\":\"7\",\"value\":7},{\"label\":\"9\",\"value\":9}]", "constraintValueEn": "", "unitTypeCode": "", "unitTypeName": null, "noteCn": "\u63a2\u6d4b\u70b9\u4e2a\u6570", "noteEn": null, "flatten": false, "selectorType": null, "selection": null}, {"paramCode": "kx", "paramName": "\u8c03\u5e73\u53c2\u6570x", "ioType": "INPUT", "dataType": "float", "value": null, "defaultValue": "-0.02", "script": null, "required": 1, "advanced": null, "timeFlag": null, "elementDataType": "", "bindDataType": "", "bindDataTypeProperty": null, "property": null, "childParams": [], "constraintType": "RANGE", "constraintValue": "[-10,10]", "constraintValueEn": "", "unitTypeCode": null, "unitTypeName": null, "noteCn": "\u8c03\u5e73\u53c2\u6570x", "noteEn": null, "flatten": false, "selectorType": null, "selection": null}, {"paramCode": "ky", "paramName": "\u8c03\u5e73\u53c2\u6570y", "ioType": "INPUT", "dataType": "float", "value": null, "defaultValue": "0.02", "script": null, "required": 1, "advanced": null, "timeFlag": null, "elementDataType": "", "bindDataType": "", "bindDataTypeProperty": null, "property": null, "childParams": [], "constraintType": "RANGE", "constraintValue": "[-10,10]", "constraintValueEn": "", "unitTypeCode": null, "unitTypeName": null, "noteCn": "\u8c03\u5e73\u53c2\u6570y", "noteEn": null, "flatten": false, "selectorType": null, "selection": null}, {"paramCode": "win_size", "paramName": "\u91c7\u6837\u8303\u56f4\uff08pixel\uff09", "ioType": "INPUT", "dataType": "int", "value": null, "defaultValue": "6", "script": null, "required": 1, "advanced": null, "timeFlag": null, "elementDataType": "", "bindDataType": "", "bindDataTypeProperty": null, "property": null, "childParams": [], "constraintType": "RANGE", "constraintValue": "[2,10]", "constraintValueEn": "", "unitTypeCode": null, "unitTypeName": null, "noteCn": "\u91c7\u6837\u8303\u56f4\uff08pixel\uff09", "noteEn": null, "flatten": false, "selectorType": null, "selection": null}, {"paramCode": "camera_type", "paramName": "\u76f8\u673a\u7c7b\u578b", "ioType": "INPUT", "dataType": "int", "value": null, "defaultValue": "0", "script": null, "required": 1, "advanced": null, "timeFlag": null, "elementDataType": "", "bindDataType": "", "bindDataTypeProperty": null, "property": null, "childParams": [], "constraintType": "ENUM", "constraintValue": "[{\"label\":\"\u4e3b\u76f8\u673a\",\"value\":0},{\"label\":\"\u63a2\u6d4b\u76f8\u673a\",\"value\":1},{\"label\":\"\u5171\u805a\u7126\u76f8\u673a\",\"value\":2}]", "constraintValueEn": "", "unitTypeCode": null, "unitTypeName": null, "noteCn": "\u76f8\u673a\u7c7b\u578b", "noteEn": null, "flatten": false, "selectorType": null, "selection": null}]}, {"id": 1897802271654921, "code": "load_samples", "name": "\u8f7d\u5165\u6837\u54c1", "noteCn": "\u8f7d\u5165\u6837\u54c1", "noteEn": "load samples", "translator": "default", "translatorArgs": {"url": "/command", "method": "POST"}, "recommend": null, "params": [{"paramCode": "operation", "paramName": "\u64cd\u4f5c\u6307\u4ee4", "ioType": "CONSTANT", "dataType": "string", "value": null, "defaultValue": "load_samples", "script": null, "required": 1, "advanced": null, "timeFlag": null, "elementDataType": null, "bindDataType": null, "bindDataTypeProperty": null, "property": null, "childParams": [], "constraintType": null, "constraintValue": "", "constraintValueEn": "", "unitTypeCode": null, "unitTypeName": null, "noteCn": "\u64cd\u4f5c\u6307\u4ee4", "noteEn": null, "flatten": false, "selectorType": null, "selection": null}, {"paramCode": "x_to", "paramName": "x\u53d6\u503c\uff08mm\uff09", "ioType": "INPUT", "dataType": "float", "value": null, "defaultValue": "0.00", "script": null, "required": 1, "advanced": null, "timeFlag": null, "elementDataType": "", "bindDataType": "", "bindDataTypeProperty": null, "property": null, "childParams": [], "constraintType": "RANGE", "constraintValue": "[-100,100]", "constraintValueEn": "", "unitTypeCode": null, "unitTypeName": null, "noteCn": "x\u53d6\u503c\uff08mm\uff09", "noteEn": "", "flatten": false, "selectorType": null, "selection": null}, {"paramCode": "y_to", "paramName": "y\u53d6\u503c\uff08mm\uff09", "ioType": "INPUT", "dataType": "float", "value": null, "defaultValue": "0.00", "script": null, "required": 1, "advanced": null, "timeFlag": null, "elementDataType": "", "bindDataType": "", "bindDataTypeProperty": null, "property": null, "childParams": [], "constraintType": "RANGE", "constraintValue": "[-100,100]", "constraintValueEn": "", "unitTypeCode": null, "unitTypeName": null, "noteCn": "y\u53d6\u503c\uff08mm\uff09", "noteEn": "", "flatten": false, "selectorType": null, "selection": null}, {"paramCode": "z_move", "paramName": "z\u53d6\u503c\uff08mm\uff09", "ioType": "INPUT", "dataType": "float", "value": null, "defaultValue": "0.00", "script": null, "required": 1, "advanced": null, "timeFlag": null, "elementDataType": "", "bindDataType": "", "bindDataTypeProperty": null, "property": null, "childParams": [], "constraintType": "RANGE", "constraintValue": "[-4.9,4.9]", "constraintValueEn": "", "unitTypeCode": null, "unitTypeName": null, "noteCn": "z\u53d6\u503c\uff08mm\uff09", "noteEn": "", "flatten": false, "selectorType": null, "selection": null}]}, {"id": 1897802271654922, "code": "start_lithography", "name": "\u5f00\u59cb\u5149\u523b", "noteCn": "\u5f00\u59cb\u5149\u523b", "noteEn": "start lithography", "translator": "default", "translatorArgs": {"url": "/command", "method": "POST"}, "recommend": null, "params": [{"paramCode": "operation", "paramName": "\u64cd\u4f5c\u6307\u4ee4", "ioType": "CONSTANT", "dataType": "string", "value": null, "defaultValue": "start_lithography", "script": null, "required": 1, "advanced": null, "timeFlag": null, "elementDataType": null, "bindDataType": null, "bindDataTypeProperty": null, "property": null, "childParams": [], "constraintType": null, "constraintValue": "", "constraintValueEn": "", "unitTypeCode": null, "unitTypeName": null, "noteCn": "\u64cd\u4f5c\u6307\u4ee4", "noteEn": null, "flatten": false, "selectorType": null, "selection": null}, {"paramCode": "process_script", "paramName": "\u8fd0\u884c\u811a\u672c", "ioType": "INPUT", "dataType": "object", "value": null, "defaultValue": "", "script": null, "required": 1, "advanced": null, "timeFlag": null, "elementDataType": "", "bindDataType": "chem351LabLithographyScriptTemplate", "bindDataTypeProperty": "", "property": null, "childParams": [{"paramCode": "id", "paramName": "\u811a\u672c", "ioType": "INPUT", "dataType": "string", "value": null, "defaultValue": null, "script": null, "required": 1, "advanced": null, "timeFlag": null, "elementDataType": null, "bindDataType": null, "bindDataTypeProperty": null, "property": "id", "childParams": null, "constraintType": null, "constraintValue": "", "constraintValueEn": "", "unitTypeCode": null, "unitTypeName": null, "noteCn": null, "noteEn": null, "flatten": false, "selectorType": null, "selection": null}], "constraintType": "", "constraintValue": "", "constraintValueEn": "", "unitTypeCode": "", "unitTypeName": "", "noteCn": "\u8fd0\u884c\u811a\u672c", "noteEn": "", "flatten": false, "selectorType": null, "selection": null}, {"paramCode": "matrix", "paramName": "\u9884\u8bbe\u52a0\u5de5\u77e9\u9635", "ioType": "INPUT", "dataType": "string", "value": null, "defaultValue": "4*4", "script": null, "required": 1, "advanced": null, "timeFlag": null, "elementDataType": "", "bindDataType": "", "bindDataTypeProperty": null, "property": null, "childParams": [], "constraintType": "", "constraintValue": "", "constraintValueEn": "", "unitTypeCode": null, "unitTypeName": null, "noteCn": "\u9884\u8bbe\u52a0\u5de5\u77e9\u9635", "noteEn": "", "flatten": false, "selectorType": null, "selection": null}, {"paramCode": "base_speed", "paramName": "\u57fa\u7840\u52a0\u5de5\u901f\u5ea6", "ioType": "INPUT", "dataType": "float", "value": null, "defaultValue": "4000", "script": null, "required": 1, "advanced": null, "timeFlag": null, "elementDataType": "", "bindDataType": "", "bindDataTypeProperty": null, "property": null, "childParams": [], "constraintType": "", "constraintValue": "", "constraintValueEn": "", "unitTypeCode": null, "unitTypeName": null, "noteCn": "\u57fa\u7840\u52a0\u5de5\u901f\u5ea6", "noteEn": "", "flatten": false, "selectorType": null, "selection": null}, {"paramCode": "speed_step", "paramName": "\u52a0\u5de5\u901f\u5ea6\u6b65\u8fdb", "ioType": "INPUT", "dataType": "float", "value": null, "defaultValue": "1000", "script": null, "required": 1, "advanced": null, "timeFlag": null, "elementDataType": "", "bindDataType": "", "bindDataTypeProperty": null, "property": null, "childParams": [], "constraintType": null, "constraintValue": "", "constraintValueEn": "", "unitTypeCode": null, "unitTypeName": null, "noteCn": "\u52a0\u5de5\u901f\u5ea6\u6b65\u8fdb", "noteEn": null, "flatten": false, "selectorType": null, "selection": null}, {"paramCode": "base_laser_power", "paramName": "\u57fa\u7840\u6fc0\u5149\u529f\u7387", "ioType": "INPUT", "dataType": "float", "value": null, "defaultValue": "1", "script": null, "required": 1, "advanced": null, "timeFlag": null, "elementDataType": "", "bindDataType": "", "bindDataTypeProperty": null, "property": null, "childParams": [], "constraintType": null, "constraintValue": "", "constraintValueEn": "", "unitTypeCode": null, "unitTypeName": null, "noteCn": "\u57fa\u7840\u6fc0\u5149\u529f\u7387", "noteEn": null, "flatten": false, "selectorType": null, "selection": null}, {"paramCode": "power_step", "paramName": "\u57fa\u7840\u6fc0\u5149\u529f\u7387\u6b65\u8fdb", "ioType": "INPUT", "dataType": "float", "value": null, "defaultValue": "0.2", "script": null, "required": 1, "advanced": null, "timeFlag": null, "elementDataType": "", "bindDataType": "", "bindDataTypeProperty": null, "property": null, "childParams": [], "constraintType": null, "constraintValue": "", "constraintValueEn": "", "unitTypeCode": null, "unitTypeName": null, "noteCn": "\u57fa\u7840\u6fc0\u5149\u529f\u7387\u6b65\u8fdb", "noteEn": null, "flatten": false, "selectorType": null, "selection": null}, {"paramCode": "resultCode", "paramName": "resultCode", "ioType": "OUTPUT", "dataType": "string", "value": null, "defaultValue": "resultCode", "script": null, "required": 1, "advanced": null, "timeFlag": null, "elementDataType": null, "bindDataType": null, "bindDataTypeProperty": null, "property": null, "childParams": [], "constraintType": null, "constraintValue": "", "constraintValueEn": "", "unitTypeCode": null, "unitTypeName": null, "noteCn": null, "noteEn": "resultCode", "flatten": false, "selectorType": null, "selection": null}]}, {"id": 1897802271654923, "code": "down_stage", "name": "\u4e0b\u964d\u6837\u54c1\u53f0", "noteCn": "\u4e0b\u964d\u6837\u54c1\u53f0", "noteEn": "raise stage", "translator": "default", "translatorArgs": {"url": "/command", "method": "POST"}, "recommend": null, "params": [{"paramCode": "operation", "paramName": "\u64cd\u4f5c\u6307\u4ee4", "ioType": "CONSTANT", "dataType": "string", "value": null, "defaultValue": "down_stage", "script": null, "required": 1, "advanced": null, "timeFlag": null, "elementDataType": null, "bindDataType": null, "bindDataTypeProperty": null, "property": null, "childParams": [], "constraintType": null, "constraintValue": "", "constraintValueEn": "", "unitTypeCode": null, "unitTypeName": null, "noteCn": "\u64cd\u4f5c\u6307\u4ee4", "noteEn": null, "flatten": false, "selectorType": null, "selection": null}, {"paramCode": "distance", "paramName": "\u4e0b\u964d\u8ddd\u79bb\uff08um\uff09", "ioType": "INPUT", "dataType": "int", "value": null, "defaultValue": "100", "script": null, "required": 1, "advanced": null, "timeFlag": null, "elementDataType": "", "bindDataType": "", "bindDataTypeProperty": null, "property": null, "childParams": [], "constraintType": "RANGE", "constraintValue": "[0,3000]", "constraintValueEn": "", "unitTypeCode": null, "unitTypeName": null, "noteCn": "\u4e0b\u964d\u8ddd\u79bb\uff08um\uff09", "noteEn": "down distance", "flatten": false, "selectorType": null, "selection": null}]}, {"id": 1897802271654924, "code": "neg_light", "name": "\u8bbe\u7f6e\u53cd\u5c04\u7167\u660e\u503c", "noteCn": "\u8bbe\u7f6e\u53cd\u5c04\u7167\u660e\u503c", "noteEn": "neg light", "translator": "default", "translatorArgs": {"url": "/command", "method": "POST"}, "recommend": null, "params": [{"paramCode": "operation", "paramName": "\u64cd\u4f5c\u6307\u4ee4", "ioType": "CONSTANT", "dataType": "string", "value": null, "defaultValue": "neg_light", "script": null, "required": 1, "advanced": null, "timeFlag": null, "elementDataType": null, "bindDataType": null, "bindDataTypeProperty": null, "property": null, "childParams": [], "constraintType": null, "constraintValue": "", "constraintValueEn": "", "unitTypeCode": null, "unitTypeName": null, "noteCn": "\u64cd\u4f5c\u6307\u4ee4", "noteEn": null, "flatten": false, "selectorType": null, "selection": null}, {"paramCode": "neg_value", "paramName": "\u7167\u660e\u503c", "ioType": "INPUT", "dataType": "int", "value": null, "defaultValue": "0", "script": null, "required": 1, "advanced": null, "timeFlag": null, "elementDataType": "", "bindDataType": "", "bindDataTypeProperty": null, "property": null, "childParams": [], "constraintType": "RANGE", "constraintValue": "[0,99]", "constraintValueEn": "", "unitTypeCode": null, "unitTypeName": null, "noteCn": "\u7167\u660e\u503c", "noteEn": null, "flatten": false, "selectorType": null, "selection": null}]}, {"id": 1897802271654925, "code": "close_camera", "name": "\u5173\u95ed\u76f8\u673a", "noteCn": "\u5173\u95ed\u76f8\u673a", "noteEn": "close camera", "translator": "default", "translatorArgs": {"url": "/command", "method": "POST"}, "recommend": null, "params": [{"paramCode": "operation", "paramName": "\u64cd\u4f5c\u6307\u4ee4", "ioType": "CONSTANT", "dataType": "string", "value": null, "defaultValue": "close_camera", "script": null, "required": 1, "advanced": null, "timeFlag": null, "elementDataType": null, "bindDataType": null, "bindDataTypeProperty": null, "property": null, "childParams": [], "constraintType": null, "constraintValue": "", "constraintValueEn": "", "unitTypeCode": null, "unitTypeName": null, "noteCn": "\u64cd\u4f5c\u6307\u4ee4", "noteEn": null, "flatten": false, "selectorType": null, "selection": null}]}, {"id": 1897802271654926, "code": "close_door", "name": "\u5173\u95e8", "noteCn": "\u5173\u95e8", "noteEn": "close door", "translator": "default", "translatorArgs": {"url": "/command", "method": "POST"}, "recommend": null, "params": [{"paramCode": "operation", "paramName": "\u64cd\u4f5c\u6307\u4ee4", "ioType": "CONSTANT", "dataType": "string", "value": null, "defaultValue": "close_door", "script": null, "required": 1, "advanced": null, "timeFlag": null, "elementDataType": null, "bindDataType": null, "bindDataTypeProperty": null, "property": null, "childParams": [], "constraintType": null, "constraintValue": "", "constraintValueEn": "", "unitTypeCode": null, "unitTypeName": null, "noteCn": "\u64cd\u4f5c\u6307\u4ee4", "noteEn": null, "flatten": false, "selectorType": null, "selection": null}]}, {"id": 1897802271654927, "code": "open_door", "name": "\u5f00\u95e8", "noteCn": "\u5f00\u95e8", "noteEn": "open door", "translator": "default", "translatorArgs": {"url": "/command", "method": "POST"}, "recommend": null, "params": [{"paramCode": "operation", "paramName": "\u64cd\u4f5c\u6307\u4ee4", "ioType": "CONSTANT", "dataType": "string", "value": null, "defaultValue": "open_door", "script": null, "required": 1, "advanced": null, "timeFlag": null, "elementDataType": null, "bindDataType": null, "bindDataTypeProperty": null, "property": null, "childParams": [], "constraintType": null, "constraintValue": "", "constraintValueEn": "", "unitTypeCode": null, "unitTypeName": null, "noteCn": "\u64cd\u4f5c\u6307\u4ee4", "noteEn": null, "flatten": false, "selectorType": null, "selection": null}]}], "allocates": [{"containerTypeCode": "lithography_piece", "maxHandleSize": 1}], "commands": [{"code": "allocation", "name": "\u5bb9\u5668\u5206\u914d", "noteCn": "\u5bb9\u5668\u5206\u914d", "noteEn": "allocation", "actionCode": "allocate_container", "actionName": "\u5206\u914d\u5bb9\u5668\u6307\u4ee4", "params": [{"paramCode": "containerType", "value": "[{\"minCount\":\"1\",\"maxCount\":10,\"containerTypeCode\":\"lithography_piece\",\"containerTypeName\":\"\u5149\u523b\u7247\",\"allocateMode\":\"extend\",\"defaultCount\":0}]"}, {"paramCode": "allocateOrder", "value": "small"}, {"paramCode": "allocateWorkstations", "value": "[]"}]}, {"code": "put", "name": "\u5bb9\u5668\u653e\u7f6e", "noteCn": "\u5bb9\u5668\u653e\u7f6e", "noteEn": "put", "actionCode": "put", "actionName": "put\u6307\u4ee4", "params": [{"paramCode": "containerType", "value": "{\"containerTypeCode\":\"lithography_piece\",\"containerTypeName\":\"\u5149\u523b\u7247\"}"}, {"paramCode": "slotType", "value": "{}"}, {"paramCode": "robotCodes", "value": "[{\"robotCode\":\"multi_robot_002\",\"robotName\":\"\u9ad8\u65b0\u591a\u8054\u52a8\u673a\u5668\u4eba2\u53f7\"}]"}, {"paramCode": "fromOrder", "value": "small"}, {"paramCode": "toOrder", "value": "small"}, {"paramCode": "storageWorkstation", "value": "{}"}, {"paramCode": "userDefinedPos", "value": "undefined"}, {"paramCode": "withParentContainerType", "value": "{}"}]}, {"code": "take", "name": "\u5bb9\u5668\u62ff\u53d6", "noteCn": "\u5bb9\u5668\u62ff\u53d6", "noteEn": "take", "actionCode": "take", "actionName": "take\u6307\u4ee4", "params": [{"paramCode": "containerType", "value": "{\"containerTypeCode\":\"lithography_piece\",\"containerTypeName\":\"\u5149\u523b\u7247\"}"}, {"paramCode": "slotType", "value": "{}"}, {"paramCode": "robotCodes", "value": "[{\"robotCode\":\"multi_robot_002\",\"robotName\":\"\u9ad8\u65b0\u591a\u8054\u52a8\u673a\u5668\u4eba2\u53f7\"}]"}, {"paramCode": "fromOrder", "value": "small"}, {"paramCode": "toOrder", "value": "small"}, {"paramCode": "storageWorkstation", "value": "{}"}, {"paramCode": "userDefinedPos", "value": "undefined"}, {"paramCode": "withParentContainerType", "value": "{}"}]}], "containerSettings": [{"typeId": 1676008422704128, "typeCode": "lithography_piece_slot", "typeName": "\u5149\u523b\u7247\u69fd\u4f4d", "containerType": "slot", "allCount": 1, "children": []}], "variables": [], "resultSetting": {"url": "", "type": "", "preview": false}, "ignoreMaterial": false, "defaultVersion": true, "updatedActions": null}