{"id": 1651365478663168, "version": "\u64ce\u6717", "code": "transfer_workstation", "name": "\u8f6c\u8fd0\u5de5\u4f5c\u7ad9", "noteCn": "\u64ce\u6717\u673a\u5668\u4eba", "noteEn": "", "createTime": "2025-08-13 16:47:55", "updateTime": "2025-08-28 11:43:14", "paramUrl": "", "modelCode": null, "modelName": null, "modelImages": null, "definer": 1, "equipManufacturerCode": null, "equipManufacturerName": null, "actions": [{"id": 1897802271491092, "code": "transfer", "name": "\u8f6c\u79fb\u6307\u4ee4", "noteCn": "\u8f6c\u79fb\u6307\u4ee4", "noteEn": "transfer", "translator": "default", "translatorArgs": {"url": "/command", "method": "POST"}, "recommend": null, "params": [{"paramCode": "operation", "paramName": "\u52a8\u4f5c", "ioType": "CONSTANT", "dataType": "string", "value": null, "defaultValue": "move", "script": null, "required": 0, "advanced": null, "timeFlag": null, "elementDataType": null, "bindDataType": null, "bindDataTypeProperty": null, "property": null, "childParams": [], "constraintType": null, "constraintValue": "", "constraintValueEn": "", "unitTypeCode": null, "unitTypeName": null, "noteCn": null, "noteEn": null, "flatten": false, "selectorType": null, "selection": null}, {"paramCode": "destination", "paramName": "\u76ee\u7684\u5730", "ioType": "INPUT", "dataType": "string", "value": null, "defaultValue": "", "script": null, "required": 0, "advanced": null, "timeFlag": null, "elementDataType": null, "bindDataType": null, "bindDataTypeProperty": null, "property": null, "childParams": [], "constraintType": "ENUM", "constraintValue": "[{\"label\":\"303\u5b9e\u9a8c\u5ba4\",\"value\":\"303\"},{\"label\":\"306\u5b9e\u9a8c\u5ba4\",\"value\":\"306\"},{\"label\":\"122\u5b9e\u9a8c\u5ba4\",\"value\":\"122\"}]", "constraintValueEn": "", "unitTypeCode": null, "unitTypeName": null, "noteCn": null, "noteEn": null, "flatten": false, "selectorType": null, "selection": null}]}, {"id": 1897802271491093, "code": "lock", "name": "\u52a0\u9501", "noteCn": "\u52a0\u9501", "noteEn": "lock", "translator": "default", "translatorArgs": {"url": "/command", "method": "POST"}, "recommend": null, "params": [{"paramCode": "operation", "paramName": "\u52a8\u4f5c", "ioType": "CONSTANT", "dataType": "string", "value": null, "defaultValue": "lock", "script": null, "required": 0, "advanced": null, "timeFlag": null, "elementDataType": null, "bindDataType": null, "bindDataTypeProperty": null, "property": null, "childParams": [], "constraintType": null, "constraintValue": "", "constraintValueEn": "", "unitTypeCode": null, "unitTypeName": null, "noteCn": null, "noteEn": null, "flatten": false, "selectorType": null, "selection": null}]}, {"id": 1897802271491094, "code": "unlock", "name": "\u91ca\u653e\u9501", "noteCn": "\u91ca\u653e\u9501", "noteEn": "unlock", "translator": "default", "translatorArgs": {"url": "/command", "method": "POST"}, "recommend": null, "params": [{"paramCode": "operation", "paramName": "\u52a8\u4f5c", "ioType": "CONSTANT", "dataType": "string", "value": null, "defaultValue": "unlock", "script": null, "required": 0, "advanced": null, "timeFlag": null, "elementDataType": null, "bindDataType": null, "bindDataTypeProperty": null, "property": null, "childParams": [], "constraintType": null, "constraintValue": "", "constraintValueEn": "", "unitTypeCode": null, "unitTypeName": null, "noteCn": null, "noteEn": null, "flatten": false, "selectorType": null, "selection": null}]}], "allocates": [{"containerTypeCode": "bottle_storage", "maxHandleSize": 10}], "commands": [{"code": "allocation", "name": "\u5206\u914d\u5bb9\u5668", "noteCn": null, "noteEn": null, "actionCode": "allocate_container", "actionName": "\u5206\u914d\u5bb9\u5668\u6307\u4ee4", "params": [{"paramCode": "containerType", "value": "[{\"minCount\":\"1\",\"maxCount\":10,\"containerTypeCode\":\"bottle_storage\",\"containerTypeName\":\"\u8fdb\u6837\u74f6\",\"allocateMode\":\"extend\",\"defaultCount\":10}]"}, {"paramCode": "allocateOrder", "value": "small"}, {"paramCode": "allocateWorkstations", "value": "[]"}]}], "containerSettings": [{"typeId": 881570976007168, "typeCode": "rack_slot", "typeName": "\u6837\u54c1\u67b6\u69fd\u4f4d", "containerType": "slot", "allCount": 1, "children": []}], "variables": [], "resultSetting": {"url": "", "type": "", "preview": false}, "ignoreMaterial": false, "defaultVersion": true, "updatedActions": null}