{"id": 1653927312688128, "version": "1.0", "code": "fluorescence_spectrometry_workstation", "name": "\u8367\u5149\u5149\u8c31\u5de5\u4f5c\u7ad9", "noteCn": "\u5206\u5b50\u8367\u5149\u5149\u8c31\u4eea\u662f\u4e00\u79cd\u7528\u4e8e\u5206\u6790\u7269\u8d28\u5206\u5b50\u7ed3\u6784\u548c\u6027\u8d28\u7684\u4eea\u5668\u3002\u5b83\u57fa\u4e8e\u7269\u8d28\u5206\u5b50\u5438\u6536\u5149\u80fd\u540e\u53d1\u5c04\u51fa\u8367\u5149\u7684\u539f\u7406\u5de5\u4f5c\u3002\u5728\u5927\u5b66\u5b9e\u9a8c\u5ba4\u7684\u5316\u5b66\u5206\u6790\u4e2d\uff0c\u53ef\u7528\u4e8e\u68c0\u6d4b\u548c\u5b9a\u91cf\u5206\u6790\u5177\u6709\u8367\u5149\u7279\u6027\u7684\u5316\u5408\u7269\uff0c\u5982\u591a\u73af\u82b3\u70c3\u3001\u67d0\u4e9b\u751f\u7269\u5206\u5b50\u7b49\u3002\u901a\u8fc7\u6d4b\u91cf\u8367\u5149\u7684\u53d1\u5c04\u6ce2\u957f\u3001\u5f3a\u5ea6\u548c\u5bff\u547d\u7b49\u53c2\u6570\uff0c\u53ef\u4ee5\u83b7\u53d6\u5206\u5b50\u7684\u7535\u5b50\u7ed3\u6784\u3001\u5316\u5b66\u952e\u4fe1\u606f\u4ee5\u53ca\u5206\u5b50\u95f4\u76f8\u4e92\u4f5c\u7528\u7b49\u60c5\u51b5\uff0c\u5bf9\u4e8e\u7814\u7a76\u6709\u673a\u5316\u5408\u7269\u7684\u7ed3\u6784\u9274\u5b9a\u3001\u836f\u7269\u5206\u6790\u7b49\u65b9\u9762\u6709\u7740\u91cd\u8981\u4f5c\u7528\u3002", "noteEn": "", "createTime": "2025-08-14 14:30:55", "updateTime": "2025-11-07 19:42:38", "paramUrl": "", "modelCode": null, "modelName": null, "modelImages": null, "definer": 0, "equipManufacturerCode": "ABP", "equipManufacturerName": "\u5408\u80a5\u827e\u683c\u535a\u65af\u751f\u7269\u6280\u672f\u6709\u9650\u516c\u53f8", "actions": [{"id": 1897802271785984, "code": "setup", "name": "\u53c2\u6570\u914d\u7f6e", "noteCn": null, "noteEn": null, "translator": "default", "translatorArgs": {"url": "/command", "method": "POST"}, "recommend": null, "params": [{"paramCode": "operation", "paramName": "\u64cd\u4f5c\u7b26", "ioType": "CONSTANT", "dataType": "string", "value": null, "defaultValue": "setup", "script": null, "required": 1, "advanced": null, "timeFlag": null, "elementDataType": null, "bindDataType": null, "bindDataTypeProperty": null, "property": null, "childParams": [], "constraintType": null, "constraintValue": "", "constraintValueEn": "", "unitTypeCode": null, "unitTypeName": null, "noteCn": null, "noteEn": null, "flatten": false, "selectorType": null, "selection": null}, {"paramCode": "spectrum_type", "paramName": "\u5149\u8c31\u6d4b\u5b9a\u53c2\u6570", "ioType": "INPUT", "dataType": "string", "value": null, "defaultValue": null, "script": null, "required": 1, "advanced": null, "timeFlag": null, "elementDataType": null, "bindDataType": null, "bindDataTypeProperty": null, "property": null, "childParams": [], "constraintType": "ENUM", "constraintValue": "fashe,jifa,tongbu", "constraintValueEn": "", "unitTypeCode": null, "unitTypeName": null, "noteCn": null, "noteEn": null, "flatten": false, "selectorType": null, "selection": null}, {"paramCode": "excitation_wavelength", "paramName": "\u6fc0\u53d1\u5149\u6ce2\u957f(nm)", "ioType": "INPUT", "dataType": "int", "value": null, "defaultValue": null, "script": null, "required": 1, "advanced": null, "timeFlag": null, "elementDataType": "", "bindDataType": "", "bindDataTypeProperty": null, "property": null, "childParams": [], "constraintType": "RANGE", "constraintValue": "[200,900]", "constraintValueEn": "", "unitTypeCode": null, "unitTypeName": null, "noteCn": null, "noteEn": null, "flatten": false, "selectorType": null, "selection": null}, {"paramCode": "emission_start_wavelength", "paramName": "\u53d1\u5c04\u6ce2\u5f00\u59cb\u6ce2\u957f(nm)", "ioType": "INPUT", "dataType": "int", "value": null, "defaultValue": null, "script": null, "required": 1, "advanced": null, "timeFlag": null, "elementDataType": "", "bindDataType": "", "bindDataTypeProperty": null, "property": null, "childParams": [], "constraintType": "RANGE", "constraintValue": "[200,900]", "constraintValueEn": "", "unitTypeCode": null, "unitTypeName": null, "noteCn": null, "noteEn": null, "flatten": false, "selectorType": null, "selection": null}, {"paramCode": "emission_end_wavelength", "paramName": "\u53d1\u5c04\u6ce2\u7ed3\u675f\u6ce2\u957f(nm)", "ioType": "INPUT", "dataType": "int", "value": null, "defaultValue": null, "script": null, "required": 1, "advanced": null, "timeFlag": null, "elementDataType": "", "bindDataType": "", "bindDataTypeProperty": null, "property": null, "childParams": [], "constraintType": "RANGE", "constraintValue": "[200,900]", "constraintValueEn": "", "unitTypeCode": null, "unitTypeName": null, "noteCn": null, "noteEn": null, "flatten": false, "selectorType": null, "selection": null}, {"paramCode": "wavelength_interval", "paramName": "\u6570\u636e\u95f4\u9694(nm)", "ioType": "INPUT", "dataType": "string", "value": null, "defaultValue": null, "script": null, "required": 1, "advanced": null, "timeFlag": null, "elementDataType": "", "bindDataType": "", "bindDataTypeProperty": null, "property": null, "childParams": [], "constraintType": "ENUM", "constraintValue": "0.1,0.2,0.5,1.0,2.0,5.0,10", "constraintValueEn": "", "unitTypeCode": null, "unitTypeName": null, "noteCn": null, "noteEn": null, "flatten": false, "selectorType": null, "selection": null}, {"paramCode": "scan_speed", "paramName": "\u626b\u63cf\u901f\u5ea6(nm/min)", "ioType": "INPUT", "dataType": "string", "value": null, "defaultValue": null, "script": null, "required": 1, "advanced": null, "timeFlag": null, "elementDataType": "", "bindDataType": "", "bindDataTypeProperty": null, "property": null, "childParams": [], "constraintType": "ENUM", "constraintValue": "20,60,200,600,2000,6000,12000,30000,60000", "constraintValueEn": "", "unitTypeCode": null, "unitTypeName": null, "noteCn": null, "noteEn": null, "flatten": false, "selectorType": null, "selection": null}]}, {"id": 1897802271785985, "code": "start", "name": "\u5f00\u59cb\u8fdb\u6837", "noteCn": null, "noteEn": null, "translator": "default", "translatorArgs": {"url": "/command", "method": "POST"}, "recommend": null, "params": [{"paramCode": "operation", "paramName": "\u64cd\u4f5c\u7b26", "ioType": "CONSTANT", "dataType": "string", "value": null, "defaultValue": "start", "script": null, "required": 1, "advanced": null, "timeFlag": null, "elementDataType": null, "bindDataType": null, "bindDataTypeProperty": null, "property": null, "childParams": [], "constraintType": null, "constraintValue": "", "constraintValueEn": "", "unitTypeCode": null, "unitTypeName": null, "noteCn": null, "noteEn": null, "flatten": false, "selectorType": null, "selection": null}, {"paramCode": "resultCode", "paramName": "resultCode", "ioType": "OUTPUT", "dataType": "file", "value": null, "defaultValue": null, "script": null, "required": 1, "advanced": null, "timeFlag": null, "elementDataType": "", "bindDataType": "", "bindDataTypeProperty": null, "property": null, "childParams": [], "constraintType": null, "constraintValue": "", "constraintValueEn": "", "unitTypeCode": null, "unitTypeName": null, "noteCn": null, "noteEn": null, "flatten": false, "selectorType": null, "selection": null}]}, {"id": 1897802271785986, "code": "light_on", "name": "\u5f00\u706f", "noteCn": null, "noteEn": null, "translator": "default", "translatorArgs": {"url": "/command", "method": "POST"}, "recommend": null, "params": [{"paramCode": "operation", "paramName": "\u64cd\u4f5c\u7b26", "ioType": "CONSTANT", "dataType": "string", "value": null, "defaultValue": "light_on", "script": null, "required": 1, "advanced": null, "timeFlag": null, "elementDataType": null, "bindDataType": null, "bindDataTypeProperty": null, "property": null, "childParams": [], "constraintType": null, "constraintValue": "", "constraintValueEn": "", "unitTypeCode": null, "unitTypeName": null, "noteCn": null, "noteEn": null, "flatten": false, "selectorType": null, "selection": null}]}, {"id": 1897802271785987, "code": "light_off", "name": "\u5173\u706f", "noteCn": null, "noteEn": null, "translator": "default", "translatorArgs": {"url": "/command", "method": "POST"}, "recommend": null, "params": [{"paramCode": "operation", "paramName": "\u64cd\u4f5c\u7b26", "ioType": "CONSTANT", "dataType": "string", "value": null, "defaultValue": "light_off", "script": null, "required": 1, "advanced": null, "timeFlag": null, "elementDataType": null, "bindDataType": null, "bindDataTypeProperty": null, "property": null, "childParams": [], "constraintType": null, "constraintValue": "", "constraintValueEn": "", "unitTypeCode": null, "unitTypeName": null, "noteCn": null, "noteEn": null, "flatten": false, "selectorType": null, "selection": null}]}, {"id": 1897802271785988, "code": "drain", "name": "\u6e05\u6d17", "noteCn": null, "noteEn": null, "translator": "default", "translatorArgs": {"url": "/command", "method": "POST"}, "recommend": null, "params": [{"paramCode": "operation", "paramName": "\u64cd\u4f5c\u7b26", "ioType": "CONSTANT", "dataType": "string", "value": null, "defaultValue": "drain", "script": null, "required": 1, "advanced": null, "timeFlag": null, "elementDataType": null, "bindDataType": null, "bindDataTypeProperty": null, "property": null, "childParams": [], "constraintType": null, "constraintValue": "", "constraintValueEn": "", "unitTypeCode": null, "unitTypeName": null, "noteCn": null, "noteEn": null, "flatten": false, "selectorType": null, "selection": null}]}, {"id": 1897802271785989, "code": "sample_injection_reset", "name": "\u8fdb\u6837\u5668\u590d\u4f4d", "noteCn": null, "noteEn": null, "translator": "default", "translatorArgs": {"url": "/command", "method": "POST"}, "recommend": null, "params": [{"paramCode": "operation", "paramName": "\u64cd\u4f5c\u7b26", "ioType": "CONSTANT", "dataType": "string", "value": null, "defaultValue": "sample_injection_reset", "script": null, "required": 1, "advanced": null, "timeFlag": null, "elementDataType": null, "bindDataType": null, "bindDataTypeProperty": null, "property": null, "childParams": [], "constraintType": null, "constraintValue": "", "constraintValueEn": "", "unitTypeCode": null, "unitTypeName": null, "noteCn": null, "noteEn": null, "flatten": false, "selectorType": null, "selection": null}]}, {"id": 1897802271785990, "code": "sample_injection_start", "name": "\u8fdb\u6837\u5668\u5438\u6db2", "noteCn": null, "noteEn": null, "translator": "default", "translatorArgs": {"url": "/command", "method": "POST"}, "recommend": null, "params": [{"paramCode": "operation", "paramName": "\u64cd\u4f5c\u7b26", "ioType": "CONSTANT", "dataType": "string", "value": null, "defaultValue": "sample_injection_start", "script": null, "required": 1, "advanced": null, "timeFlag": null, "elementDataType": null, "bindDataType": null, "bindDataTypeProperty": null, "property": null, "childParams": [], "constraintType": null, "constraintValue": "", "constraintValueEn": "", "unitTypeCode": null, "unitTypeName": null, "noteCn": null, "noteEn": null, "flatten": false, "selectorType": null, "selection": null}]}, {"id": 1897802271785991, "code": "sample_injection_waste", "name": "\u8fdb\u6837\u5668\u6e05\u6d17", "noteCn": null, "noteEn": null, "translator": "default", "translatorArgs": {"url": "/command", "method": "POST"}, "recommend": null, "params": [{"paramCode": "operation", "paramName": "\u64cd\u4f5c\u7b26", "ioType": "CONSTANT", "dataType": "string", "value": null, "defaultValue": "sample_injection_waste", "script": null, "required": 1, "advanced": null, "timeFlag": null, "elementDataType": null, "bindDataType": null, "bindDataTypeProperty": null, "property": null, "childParams": [], "constraintType": null, "constraintValue": "", "constraintValueEn": "", "unitTypeCode": null, "unitTypeName": null, "noteCn": null, "noteEn": null, "flatten": false, "selectorType": null, "selection": null}]}], "allocates": [{"containerTypeCode": "bottle_storage", "maxHandleSize": 10}], "commands": [{"code": "allocation", "name": "\u5206\u914d\u5bb9\u5668", "noteCn": null, "noteEn": null, "actionCode": "allocate_container", "actionName": "\u5206\u914d\u5bb9\u5668\u6307\u4ee4", "params": [{"paramCode": "containerType", "value": "[{\"minCount\":\"1\",\"maxCount\":10,\"containerTypeCode\":\"bottle_storage\",\"containerTypeName\":\"\u8fdb\u6837\u74f6\",\"allocateMode\":\"extend\",\"defaultCount\":10}]"}, {"paramCode": "allocateOrder", "value": "small"}, {"paramCode": "allocateWorkstations", "value": "[]"}]}, {"code": "take", "name": "\u62ff\u53d6\u5bb9\u5668", "noteCn": null, "noteEn": null, "actionCode": "take", "actionName": "take\u6307\u4ee4", "params": [{"paramCode": "containerType", "value": "{\"containerTypeCode\":\"bottle_storage\",\"containerTypeName\":\"\u8fdb\u6837\u74f6\"}"}, {"paramCode": "slotType", "value": "{}"}, {"paramCode": "robotCodes", "value": "[{\"robotCode\":\"ur_303_spectroscopy_robot\",\"robotName\":\"\u4f18\u50b2_303\u8c31\u5b66\u5e73\u53f0\u673a\u68b0\u81c2\"}]"}, {"paramCode": "fromOrder", "value": "small"}, {"paramCode": "toOrder", "value": "small"}, {"paramCode": "storageWorkstation", "value": "{\"workstationCode\":\"put_workstation_303_spectroscopy\",\"workstationName\":\"303\u8c31\u5b66\u5e73\u53f0\u7f6e\u7269\u5de5\u4f5c\u7ad9\"}"}, {"paramCode": "userDefinedPos", "value": "undefined"}, {"paramCode": "withParentContainerType", "value": "{\"containerTypeCode\":\"rack\",\"containerTypeName\":\"\u6837\u54c1\u67b6\"}"}]}, {"code": "put", "name": "\u653e\u7f6e\u5bb9\u5668", "noteCn": null, "noteEn": null, "actionCode": "put", "actionName": "put\u6307\u4ee4", "params": [{"paramCode": "containerType", "value": "{\"containerTypeCode\":\"bottle_storage\",\"containerTypeName\":\"\u8fdb\u6837\u74f6\"}"}, {"paramCode": "slotType", "value": "{}"}, {"paramCode": "robotCodes", "value": "[{\"robotCode\":\"ur_303_spectroscopy_robot\",\"robotName\":\"\u4f18\u50b2_303\u8c31\u5b66\u5e73\u53f0\u673a\u68b0\u81c2\"}]"}, {"paramCode": "fromOrder", "value": "small"}, {"paramCode": "toOrder", "value": "small"}, {"paramCode": "storageWorkstation", "value": "{}"}, {"paramCode": "userDefinedPos", "value": "undefined"}, {"paramCode": "withParentContainerType", "value": "{\"containerTypeCode\":\"rack\",\"containerTypeName\":\"\u6837\u54c1\u67b6\"}"}]}, {"code": "lock", "name": "\u72ec\u5360\u673a\u68b0\u81c2", "noteCn": "\u72ec\u5360\u673a\u68b0\u81c2", "noteEn": "lock", "actionCode": "lock", "actionName": "lock\u52a0\u9501\u6307\u4ee4", "params": [{"paramCode": "robotList", "value": "[{\"robotCode\":\"ur_303_spectroscopy_robot\",\"robotName\":\"\u4f18\u50b2_303\u8c31\u5b66\u5e73\u53f0\u673a\u68b0\u81c2\"}]"}]}, {"code": "unlock", "name": "\u91ca\u653e\u673a\u68b0\u81c2", "noteCn": "\u91ca\u653e\u673a\u68b0\u81c2", "noteEn": "unlock", "actionCode": "unlock", "actionName": "unlock\u89e3\u9501\u6307\u4ee4", "params": [{"paramCode": "robotList", "value": "[{\"robotCode\":\"ur_303_spectroscopy_robot\",\"robotName\":\"\u4f18\u50b2_303\u8c31\u5b66\u5e73\u53f0\u673a\u68b0\u81c2\"}]"}]}], "containerSettings": [{"typeId": 881570976007168, "typeCode": "rack_slot", "typeName": "\u6837\u54c1\u67b6\u69fd\u4f4d", "containerType": "slot", "allCount": 1, "children": []}], "variables": [], "resultSetting": {"url": "", "type": "", "preview": false}, "ignoreMaterial": false, "defaultVersion": true, "updatedActions": null}