{"id": 1654567694238720, "version": "303-\u8c31\u5b66\u5e73\u53f0", "code": "elec_chem_storage_workstation", "name": "\u7f6e\u7269\u5de5\u4f5c\u7ad9", "noteCn": "\u6837\u54c1\u9759\u7f6e\u5de5\u4f5c\u7ad9\u4e3a\u6837\u54c1\u63d0\u4f9b\u4e00\u4e2a\u7a33\u5b9a\u3001\u5b89\u9759\u7684\u73af\u5883\uff0c\u7528\u4e8e\u6837\u54c1\u7684\u9759\u7f6e\u548c\u5e73\u8861\u3002\u5728\u4e00\u4e9b\u5b9e\u9a8c\u4e2d\uff0c\u6837\u54c1\u5728\u5904\u7406\u540e\u9700\u8981\u4e00\u5b9a\u7684\u65f6\u95f4\u8fdb\u884c\u9759\u7f6e\uff0c\u4ee5\u8fbe\u5230\u7a33\u5b9a\u7684\u72b6\u6001\u6216\u4f7f\u67d0\u4e9b\u53cd\u5e94\u5145\u5206\u8fdb\u884c\u3002\u8be5\u5de5\u4f5c\u7ad9\u53ef\u4ee5\u7cbe\u786e\u63a7\u5236\u73af\u5883\u7684\u6e29\u5ea6\u3001\u6e7f\u5ea6\u7b49\u6761\u4ef6\uff0c\u786e\u4fdd\u6837\u54c1\u5728\u9759\u7f6e\u8fc7\u7a0b\u4e2d\u4e0d\u53d7\u5916\u754c\u5e72\u6270\u3002\u4f8b\u5982\u5728\u4e00\u4e9b\u5316\u5b66\u5206\u6790\u5b9e\u9a8c\u4e2d\uff0c\u6837\u54c1\u5728\u6df7\u5408\u6216\u53cd\u5e94\u540e\u9700\u8981\u9759\u7f6e\u4e00\u6bb5\u65f6\u95f4\u4ee5\u8fbe\u5230\u5747\u5300\u7684\u72b6\u6001\uff0c\u6837\u54c1\u9759\u7f6e\u5de5\u4f5c\u7ad9\u80fd\u591f\u63d0\u4f9b\u9002\u5b9c\u7684\u6761\u4ef6\uff0c\u4fdd\u8bc1\u5b9e\u9a8c\u7ed3\u679c\u7684\u51c6\u786e\u6027\u3002", "noteEn": "", "createTime": "2025-08-14 19:56:38", "updateTime": "2025-11-07 19:42:38", "paramUrl": "", "modelCode": null, "modelName": null, "modelImages": null, "definer": 0, "equipManufacturerCode": "AFH", "equipManufacturerName": "\u5176\u4ed6", "actions": [{"id": 1897802271720457, "code": "test_cmd", "name": "\u5360\u4f4d\u6307\u4ee4", "noteCn": "\u5360\u4f4d\u6307\u4ee4", "noteEn": "test cmd", "translator": "default", "translatorArgs": {"url": "/command", "method": "POST"}, "recommend": null, "params": [{"paramCode": "json_val", "paramName": "", "ioType": "INPUT", "dataType": "object", "value": null, "defaultValue": null, "script": null, "required": 1, "advanced": null, "timeFlag": null, "elementDataType": "", "bindDataType": "", "bindDataTypeProperty": null, "property": null, "childParams": [{"paramCode": "name", "paramName": "\u59d3\u540d", "ioType": "INPUT", "dataType": "string", "value": null, "defaultValue": null, "script": null, "required": 1, "advanced": null, "timeFlag": null, "elementDataType": null, "bindDataType": null, "bindDataTypeProperty": null, "property": null, "childParams": null, "constraintType": null, "constraintValue": "", "constraintValueEn": "", "unitTypeCode": null, "unitTypeName": null, "noteCn": null, "noteEn": null, "flatten": false, "selectorType": null, "selection": null}, {"paramCode": "age", "paramName": "\u5e74\u9f84", "ioType": "INPUT", "dataType": "int", "value": null, "defaultValue": null, "script": null, "required": 1, "advanced": null, "timeFlag": null, "elementDataType": null, "bindDataType": null, "bindDataTypeProperty": null, "property": null, "childParams": null, "constraintType": null, "constraintValue": "", "constraintValueEn": "", "unitTypeCode": null, "unitTypeName": null, "noteCn": null, "noteEn": null, "flatten": false, "selectorType": null, "selection": null}], "constraintType": null, "constraintValue": "", "constraintValueEn": "", "unitTypeCode": null, "unitTypeName": null, "noteCn": null, "noteEn": null, "flatten": false, "selectorType": null, "selection": null}, {"paramCode": "string_val", "paramName": "", "ioType": "INPUT", "dataType": "string", "value": null, "defaultValue": null, "script": null, "required": 1, "advanced": null, "timeFlag": null, "elementDataType": null, "bindDataType": null, "bindDataTypeProperty": null, "property": null, "childParams": [], "constraintType": null, "constraintValue": "", "constraintValueEn": "", "unitTypeCode": null, "unitTypeName": null, "noteCn": null, "noteEn": null, "flatten": false, "selectorType": null, "selection": null}]}], "allocates": [{"containerTypeCode": "bottle_storage", "maxHandleSize": 10}, {"containerTypeCode": "96_hole_plate", "maxHandleSize": 1}, {"containerTypeCode": "54_hole_plate", "maxHandleSize": 1}], "commands": [{"code": "allocation", "name": "\u5bb9\u5668\u5206\u914d", "noteCn": "\u5bb9\u5668\u5206\u914d", "noteEn": "allocation", "actionCode": "allocate_container", "actionName": "\u5206\u914d\u5bb9\u5668\u6307\u4ee4", "params": [{"paramCode": "containerType", "value": "[{\"minCount\":0,\"maxCount\":10,\"containerTypeCode\":\"bottle_storage\",\"containerTypeName\":\"\u8fdb\u6837\u74f6\",\"defaultCount\":0,\"allocateMode\":\"new\"},{\"minCount\":0,\"maxCount\":1,\"containerTypeCode\":\"96_hole_plate\",\"containerTypeName\":\"96\u5b54\u677f\",\"allocateMode\":\"extend\",\"defaultCount\":0},{\"minCount\":0,\"maxCount\":\"100\",\"containerTypeCode\":\"54_hole_plate\",\"containerTypeName\":\"\u6db2\u76f854\u5b54\u677f\",\"allocateMode\":\"extend\",\"defaultCount\":0}]"}, {"paramCode": "allocateOrder", "value": "small"}, {"paramCode": "allocateWorkstations", "value": "[{\"workstationCode\":\"starting_station_303_spectroscopy\",\"workstationName\":\"303\u8c31\u5b66\u5e73\u53f0\u7269\u6599\u7ad9\"}]"}]}, {"code": "take", "name": "\u62ff\u53d6\u5bb9\u5668", "noteCn": "\u62ff\u53d6\u5bb9\u5668", "noteEn": "take", "actionCode": "take", "actionName": "take\u6307\u4ee4", "params": [{"paramCode": "containerType", "value": "{\"containerTypeCode\":\"bottle_storage\",\"containerTypeName\":\"\u8fdb\u6837\u74f6\",\"slotTypeCode\":\"\"}"}, {"paramCode": "slotType", "value": "{}"}, {"paramCode": "robotCodes", "value": "[{\"robotCode\":\"hf_robot_4\",\"robotName\":\"\u822a\u53d1_303\"}]"}, {"paramCode": "fromOrder", "value": "small"}, {"paramCode": "toOrder", "value": "small"}, {"paramCode": "storageWorkstation", "value": "{}"}, {"paramCode": "userDefinedPos", "value": ""}, {"paramCode": "withParentContainerType", "value": "{\"containerTypeCode\":\"rack\",\"containerTypeName\":\"\u6837\u54c1\u67b6\"}"}]}, {"code": "put", "name": "\u653e\u7f6e\u5bb9\u5668", "noteCn": "\u653e\u7f6e\u5bb9\u5668", "noteEn": "put", "actionCode": "put", "actionName": "put\u6307\u4ee4", "params": [{"paramCode": "containerType", "value": "{\"containerTypeCode\":\"bottle_storage\",\"containerTypeName\":\"\u8fdb\u6837\u74f6\",\"slotTypeCode\":\"\"}"}, {"paramCode": "slotType", "value": "{}"}, {"paramCode": "robotCodes", "value": "[{\"robotCode\":\"hf_robot_material\",\"robotName\":\"\u822a\u53d1_\u7269\u6599\u7ad9\"},{\"robotCode\":\"hf_robot_4\",\"robotName\":\"\u822a\u53d1_303\"}]"}, {"paramCode": "fromOrder", "value": "small"}, {"paramCode": "toOrder", "value": "small"}, {"paramCode": "storageWorkstation", "value": "{}"}, {"paramCode": "userDefinedPos", "value": ""}, {"paramCode": "withParentContainerType", "value": "{\"containerTypeCode\":\"rack\",\"containerTypeName\":\"\u6837\u54c1\u67b6\"}"}]}, {"code": "take_96\u5b54\u677f\u62ff\u53d6", "name": "96\u5b54\u677f\u62ff\u53d6", "noteCn": "96\u5b54\u677f\u62ff\u53d6", "noteEn": null, "actionCode": "take", "actionName": "take\u6307\u4ee4", "params": [{"paramCode": "containerType", "value": "{\"containerTypeCode\":\"96_hole_plate\",\"containerTypeName\":\"96\u5b54\u677f\"}"}, {"paramCode": "slotType", "value": "{\"slotTypeCode\":\"\",\"slotTypeName\":\"\"}"}, {"paramCode": "robotCodes", "value": "[{\"robotCode\":\"hf_2\",\"robotName\":\"\u822a\u53d1_\u7535\u5316\u5b66\"},{\"robotCode\":\"hf_robot_4\",\"robotName\":\"\u822a\u53d1_303\"}]"}, {"paramCode": "fromOrder", "value": "small"}, {"paramCode": "toOrder", "value": "small"}, {"paramCode": "storageWorkstation", "value": "{\"workstationCode\":\"\",\"workstationName\":\"\"}"}, {"paramCode": "userDefinedPos", "value": ""}, {"paramCode": "withParentContainerType", "value": "{}"}]}, {"code": "put_96\u5b54\u677f\u653e\u7f6e", "name": "96\u5b54\u677f\u653e\u7f6e", "noteCn": "96\u5b54\u677f\u653e\u7f6e", "noteEn": null, "actionCode": "put", "actionName": "put\u6307\u4ee4", "params": [{"paramCode": "containerType", "value": "{\"containerTypeCode\":\"96_hole_plate\",\"containerTypeName\":\"96\u5b54\u677f\"}"}, {"paramCode": "slotType", "value": "{\"slotTypeCode\":\"\",\"slotTypeName\":\"\"}"}, {"paramCode": "robotCodes", "value": "[{\"robotCode\":\"hf_2\",\"robotName\":\"\u822a\u53d1_\u7535\u5316\u5b66\"}]"}, {"paramCode": "fromOrder", "value": "small"}, {"paramCode": "toOrder", "value": "small"}, {"paramCode": "storageWorkstation", "value": "{}"}, {"paramCode": "userDefinedPos", "value": ""}, {"paramCode": "withParentContainerType", "value": "{}"}]}, {"code": "take_yx_plate", "name": "\u62ff\u53d6\u6db2\u76f8\u677f", "noteCn": null, "noteEn": null, "actionCode": "take", "actionName": "take\u6307\u4ee4", "params": [{"paramCode": "containerType", "value": "{\"containerTypeCode\":\"54_hole_plate\",\"containerTypeName\":\"\u6db2\u76f854\u5b54\u677f\"}"}, {"paramCode": "slotType", "value": "{}"}, {"paramCode": "robotCodes", "value": "[{\"robotCode\":\"hf_robot_4\",\"robotName\":\"\u822a\u53d1_303\"}]"}, {"paramCode": "fromOrder", "value": "small"}, {"paramCode": "toOrder", "value": "small"}, {"paramCode": "storageWorkstation", "value": "{}"}, {"paramCode": "userDefinedPos", "value": ""}, {"paramCode": "withParentContainerType", "value": "{\"containerTypeCode\":\"hole_plate_rack\",\"containerTypeName\":\"\u5b54\u677f\u67b6\"}"}]}, {"code": "put_yx_palte", "name": "\u653e\u7f6e\u6db2\u76f8\u677f", "noteCn": null, "noteEn": null, "actionCode": "put", "actionName": "put\u6307\u4ee4", "params": [{"paramCode": "containerType", "value": "{\"containerTypeCode\":\"54_hole_plate\",\"containerTypeName\":\"\u6db2\u76f854\u5b54\u677f\"}"}, {"paramCode": "slotType", "value": "{}"}, {"paramCode": "robotCodes", "value": "[{\"robotCode\":\"hf_robot_material\",\"robotName\":\"\u822a\u53d1_\u7269\u6599\u7ad9\"},{\"robotCode\":\"hf_robot_4\",\"robotName\":\"\u822a\u53d1_303\"}]"}, {"paramCode": "fromOrder", "value": "small"}, {"paramCode": "toOrder", "value": "small"}, {"paramCode": "storageWorkstation", "value": "{}"}, {"paramCode": "userDefinedPos", "value": "undefined"}, {"paramCode": "withParentContainerType", "value": "{\"containerTypeCode\":\"hole_plate_rack\",\"containerTypeName\":\"\u5b54\u677f\u67b6\"}"}]}, {"code": "return", "name": "\u8fd8\u56de\u5bb9\u5668", "noteCn": "\u8fd8\u56de\u5bb9\u5668", "noteEn": "return", "actionCode": "take", "actionName": "take\u6307\u4ee4", "params": [{"paramCode": "containerType", "value": "{\"containerTypeCode\":\"bottle_storage\",\"containerTypeName\":\"\u8fdb\u6837\u74f6\"}"}, {"paramCode": "slotType", "value": "{}"}, {"paramCode": "robotCodes", "value": "[{\"robotCode\":\"ur_303_spectroscopy_robot\",\"robotName\":\"\u4f18\u50b2_303\u8c31\u5b66\u5e73\u53f0\u673a\u68b0\u81c2\"}]"}, {"paramCode": "fromOrder", "value": "small"}, {"paramCode": "toOrder", "value": "small"}, {"paramCode": "storageWorkstation", "value": "{\"workstationCode\":\"magnetic_stirring_303_lab_spectroscopy\",\"workstationName\":\"303\u8c31\u5b66\u78c1\u529b\u6405\u62cc\u5de5\u4f5c\u7ad9\"}"}, {"paramCode": "userDefinedPos", "value": "undefined"}, {"paramCode": "withParentContainerType", "value": "{\"containerTypeCode\":\"rack\",\"containerTypeName\":\"\u6837\u54c1\u67b6\"}"}]}, {"code": "put-hts", "name": "\u653e\u7f6e\u5408\u6210\u6676\u4f53", "noteCn": "\u5408\u6210\u6676\u4f53\u653e\u7f6e", "noteEn": "put hts", "actionCode": "put", "actionName": "put\u6307\u4ee4", "params": [{"paramCode": "containerType", "value": "{\"containerTypeCode\":\"bottle_storage\",\"containerTypeName\":\"\u8fdb\u6837\u74f6\"}"}, {"paramCode": "slotType", "value": "{}"}, {"paramCode": "robotCodes", "value": "[{\"robotCode\":\"hf_robot_4\",\"robotName\":\"\u822a\u53d1_303\"}]"}, {"paramCode": "fromOrder", "value": "small"}, {"paramCode": "toOrder", "value": "small"}, {"paramCode": "storageWorkstation", "value": "{}"}, {"paramCode": "userDefinedPos", "value": "undefined"}, {"paramCode": "withParentContainerType", "value": "{\"containerTypeCode\":\"rack\",\"containerTypeName\":\"\u6837\u54c1\u67b6\"}"}]}, {"code": "take-hts", "name": "\u62ff\u53d6\u5408\u6210\u6676\u4f53", "noteCn": "\u62ff\u53d6\u5408\u6210\u6676\u4f53", "noteEn": "take hts", "actionCode": "take", "actionName": "take\u6307\u4ee4", "params": [{"paramCode": "containerType", "value": "{\"containerTypeCode\":\"bottle_storage\",\"containerTypeName\":\"\u8fdb\u6837\u74f6\"}"}, {"paramCode": "slotType", "value": "{}"}, {"paramCode": "robotCodes", "value": "[{\"robotCode\":\"hf_robot_4\",\"robotName\":\"\u822a\u53d1_303\"}]"}, {"paramCode": "fromOrder", "value": "small"}, {"paramCode": "toOrder", "value": "small"}, {"paramCode": "storageWorkstation", "value": "{}"}, {"paramCode": "userDefinedPos", "value": ""}, {"paramCode": "withParentContainerType", "value": "{\"containerTypeCode\":\"rack\",\"containerTypeName\":\"\u6837\u54c1\u67b6\"}"}]}, {"code": "lock", "name": "\u72ec\u5360\u673a\u5668\u4eba", "noteCn": "\u72ec\u5360\u673a\u5668\u4eba", "noteEn": "lock", "actionCode": "lock", "actionName": "lock\u52a0\u9501\u6307\u4ee4", "params": [{"paramCode": "robotList", "value": "[{\"robotCode\":\"ur_303_spectroscopy_robot\",\"robotName\":\"\u4f18\u50b2_303\u8c31\u5b66\u5e73\u53f0\u673a\u68b0\u81c2\"}]"}]}, {"code": "unlock", "name": "\u91ca\u653e\u673a\u5668\u4eba", "noteCn": "\u91ca\u653e\u673a\u5668\u4eba", "noteEn": "unlock", "actionCode": "unlock", "actionName": "unlock\u89e3\u9501\u6307\u4ee4", "params": [{"paramCode": "robotList", "value": "[{\"robotCode\":\"ur_303_spectroscopy_robot\",\"robotName\":\"\u4f18\u50b2_303\u8c31\u5b66\u5e73\u53f0\u673a\u68b0\u81c2\"}]"}]}, {"code": "move_96_hole_plate", "name": "\u8f6c\u8fd096\u5b54\u677f", "noteCn": "\u8f6c\u8fd096\u5b54\u677f", "noteEn": "move 96 hole plate", "actionCode": "put", "actionName": "put\u6307\u4ee4", "params": [{"paramCode": "containerType", "value": "{\"containerTypeCode\":\"96_hole_plate\",\"containerTypeName\":\"96\u5b54\u677f\"}"}, {"paramCode": "slotType", "value": "{}"}, {"paramCode": "robotCodes", "value": "[{\"robotCode\":\"hf_robot_4\",\"robotName\":\"\u822a\u53d1_303\"}]"}, {"paramCode": "fromOrder", "value": "small"}, {"paramCode": "toOrder", "value": "small"}, {"paramCode": "storageWorkstation", "value": "{}"}, {"paramCode": "userDefinedPos", "value": ""}, {"paramCode": "withParentContainerType", "value": "{}"}]}, {"code": "recycle_96_hole_plate", "name": "\u56de\u653696\u5b54\u677f", "noteCn": "\u56de\u653696\u5b54\u677f", "noteEn": "recycle 96 hole plate", "actionCode": "take", "actionName": "take\u6307\u4ee4", "params": [{"paramCode": "containerType", "value": "{\"containerTypeCode\":\"96_hole_plate\",\"containerTypeName\":\"96\u5b54\u677f\"}"}, {"paramCode": "slotType", "value": "{}"}, {"paramCode": "robotCodes", "value": "[{\"robotCode\":\"hf_robot_4\",\"robotName\":\"\u822a\u53d1_303\"}]"}, {"paramCode": "fromOrder", "value": "small"}, {"paramCode": "toOrder", "value": "small"}, {"paramCode": "storageWorkstation", "value": "{}"}, {"paramCode": "userDefinedPos", "value": ""}, {"paramCode": "withParentContainerType", "value": "{}"}]}, {"code": "put-54-hole-plate", "name": "\u653e\u7f6e\u6db2\u76f8\u5b54\u677f", "noteCn": "\u653e\u7f6e\u6db2\u76f8\u5b54\u677f", "noteEn": "put 54 hole plate", "actionCode": "put", "actionName": "put\u6307\u4ee4", "params": [{"paramCode": "containerType", "value": "{\"containerTypeCode\":\"54_hole_plate\",\"containerTypeName\":\"\u6db2\u76f854\u5b54\u677f\"}"}, {"paramCode": "slotType", "value": "{}"}, {"paramCode": "robotCodes", "value": "[{\"robotCode\":\"hf_robot_material\",\"robotName\":\"\u822a\u53d1_\u7269\u6599\u7ad9\"}]"}, {"paramCode": "fromOrder", "value": "small"}, {"paramCode": "toOrder", "value": "small"}, {"paramCode": "storageWorkstation", "value": "{}"}, {"paramCode": "userDefinedPos", "value": "undefined"}, {"paramCode": "withParentContainerType", "value": "{\"containerTypeCode\":\"hole_plate_rack\",\"containerTypeName\":\"\u5b54\u677f\u67b6\"}"}]}, {"code": "take-54-hole-plate", "name": "\u62ff\u53d6\u6db2\u76f8\u5b54\u677f", "noteCn": "\u62ff\u53d6\u6db2\u76f8\u5b54\u677f", "noteEn": "take 54 hole plate", "actionCode": "take", "actionName": "take\u6307\u4ee4", "params": [{"paramCode": "containerType", "value": "{\"containerTypeCode\":\"54_hole_plate\",\"containerTypeName\":\"\u6db2\u76f854\u5b54\u677f\"}"}, {"paramCode": "slotType", "value": "{}"}, {"paramCode": "robotCodes", "value": "[{\"robotCode\":\"hf_robot_material\",\"robotName\":\"\u822a\u53d1_\u7269\u6599\u7ad9\"}]"}, {"paramCode": "fromOrder", "value": "small"}, {"paramCode": "toOrder", "value": "small"}, {"paramCode": "storageWorkstation", "value": "{}"}, {"paramCode": "userDefinedPos", "value": "undefined"}, {"paramCode": "withParentContainerType", "value": "{\"containerTypeCode\":\"hole_plate_rack\",\"containerTypeName\":\"\u5b54\u677f\u67b6\"}"}]}, {"code": "put-transfer-54-hole-plate", "name": "\u8f6c\u8fd0\u6db2\u76f8\u677f", "noteCn": "\u8f6c\u8fd0\u6db2\u76f8\u677f", "noteEn": "transfer 54 hole plate", "actionCode": "put", "actionName": "put\u6307\u4ee4", "params": [{"paramCode": "containerType", "value": "{\"containerTypeCode\":\"54_hole_plate\",\"containerTypeName\":\"\u6db2\u76f854\u5b54\u677f\"}"}, {"paramCode": "slotType", "value": "{}"}, {"paramCode": "robotCodes", "value": "[{\"robotCode\":\"hf_robot_4\",\"robotName\":\"\u822a\u53d1_303\"}]"}, {"paramCode": "fromOrder", "value": "small"}, {"paramCode": "toOrder", "value": "small"}, {"paramCode": "storageWorkstation", "value": "{}"}, {"paramCode": "userDefinedPos", "value": "undefined"}, {"paramCode": "withParentContainerType", "value": "{\"containerTypeCode\":\"hole_plate_rack\",\"containerTypeName\":\"\u5b54\u677f\u67b6\"}"}]}], "containerSettings": [{"typeId": 881570976007168, "typeCode": "rack_slot", "typeName": "\u6837\u54c1\u67b6\u69fd\u4f4d", "containerType": "slot", "allCount": 2, "children": []}, {"typeId": 1514900981777408, "typeCode": "96_hole_plate_slot", "typeName": "96\u5b54\u677f\u69fd\u4f4d", "containerType": "slot", "allCount": 1, "children": []}, {"typeId": 1749559907288064, "typeCode": "plate_rack_slot", "typeName": "\u5b54\u677f\u67b6\u69fd\u4f4d", "containerType": "slot", "allCount": 1, "children": []}], "variables": [{"code": "global_dict", "name": "\u5168\u5c40dict", "noteCn": "\u5168\u5c40\u5b57\u5178", "noteEn": "global dict", "dataType": "object", "defaultValue": null}, {"code": "global_string", "name": "\u5168\u5c40string", "noteCn": "\u5168\u5c40string", "noteEn": "global string", "dataType": "string", "defaultValue": ""}], "resultSetting": {"url": "", "type": "", "preview": false}, "ignoreMaterial": false, "defaultVersion": false, "updatedActions": null}