{"id": 1656282895188992, "version": "303-\u8c31\u5b66\u5e73\u53f0", "code": "high_flux_ir_workstation", "name": "\u9ad8\u901a\u91cf\u5e73\u53f0-\u7ea2\u5916\u5149\u8c31\u5de5\u4f5c\u7ad9", "noteCn": "\u5085\u91cc\u53f6\u53d8\u6362\u7ea2\u5916\u5149\u8c31\u4eea\u901a\u8fc7\u6d4b\u91cf\u7269\u8d28\u5bf9\u7ea2\u5916\u5149\u7684\u5438\u6536\u6216\u53d1\u5c04\u6765\u83b7\u53d6\u5176\u5206\u5b50\u7ed3\u6784\u4fe1\u606f\u3002\u4e0d\u540c\u7684\u5316\u5b66\u952e\u548c\u5b98\u80fd\u56e2\u5728\u7ea2\u5916\u5149\u8c31\u4e2d\u6709\u7279\u5b9a\u7684\u5438\u6536\u5cf0\u3002\u5728\u5316\u5b66\u548c\u6750\u6599\u7814\u7a76\u4e2d\uff0c\u53ef\u7528\u4e8e\u9274\u5b9a\u6709\u673a\u5316\u5408\u7269\u7684\u7ed3\u6784\uff0c\u5224\u65ad\u5206\u5b50\u4e2d\u5b58\u5728\u7684\u5b98\u80fd\u56e2\uff0c\u5982\u7f9f\u57fa\u3001\u7fb0\u57fa\u7b49\u3002\u5728\u9ad8\u5206\u5b50\u6750\u6599\u7814\u7a76\u4e2d\uff0c\u80fd\u5206\u6790\u805a\u5408\u7269\u7684\u7ec4\u6210\u548c\u7ed3\u6784\uff0c\u4e3a\u6750\u6599\u7684\u5408\u6210\u548c\u6539\u6027\u63d0\u4f9b\u4f9d\u636e\uff0c\u5e2e\u52a9\u7814\u7a76\u4eba\u5458\u6df1\u5165\u4e86\u89e3\u6750\u6599\u7684\u6027\u8d28\u548c\u6027\u80fd\u3002", "noteEn": "", "createTime": "2025-08-15 10:29:02", "updateTime": "2025-11-07 19:42:38", "paramUrl": "", "modelCode": null, "modelName": null, "modelImages": null, "definer": 0, "equipManufacturerCode": "AFF", "equipManufacturerName": "SHIMADZU\u5c9b\u6d25", "actions": [{"id": 1897802270901251, "code": "start_check", "name": "\u5f00\u59cb\u68c0\u6d4b", "noteCn": "\u5f00\u59cb\u68c0\u6d4b", "noteEn": "start check", "translator": "default", "translatorArgs": {"url": "/command", "method": "POST"}, "recommend": null, "params": [{"paramCode": "operation", "paramName": "\u64cd\u4f5c\u6307\u4ee4", "ioType": "CONSTANT", "dataType": "string", "value": null, "defaultValue": "start_check", "script": null, "required": 1, "advanced": null, "timeFlag": null, "elementDataType": null, "bindDataType": null, "bindDataTypeProperty": null, "property": null, "childParams": [], "constraintType": null, "constraintValue": "", "constraintValueEn": "", "unitTypeCode": null, "unitTypeName": null, "noteCn": "\u5f00\u59cb\u68c0\u6d4b", "noteEn": "start", "flatten": false, "selectorType": null, "selection": null}, {"paramCode": "resultCode", "paramName": "resultCode", "ioType": "OUTPUT", "dataType": "string", "value": null, "defaultValue": "resultCode", "script": null, "required": 1, "advanced": null, "timeFlag": null, "elementDataType": null, "bindDataType": null, "bindDataTypeProperty": null, "property": null, "childParams": [], "constraintType": null, "constraintValue": "", "constraintValueEn": "", "unitTypeCode": null, "unitTypeName": null, "noteCn": "", "noteEn": null, "flatten": false, "selectorType": null, "selection": null}]}, {"id": 1897802270901252, "code": "prefix_operate", "name": "\u68c0\u6d4b\u524d\u5904\u7406", "noteCn": "\u68c0\u6d4b\u524d\u5904\u7406", "noteEn": "prefix operate", "translator": "default", "translatorArgs": {"url": "/command", "method": "POST"}, "recommend": null, "params": [{"paramCode": "operation", "paramName": "\u64cd\u4f5c\u6307\u4ee4", "ioType": "CONSTANT", "dataType": "string", "value": null, "defaultValue": "prefix_operate", "script": null, "required": 1, "advanced": null, "timeFlag": null, "elementDataType": null, "bindDataType": null, "bindDataTypeProperty": null, "property": null, "childParams": [], "constraintType": null, "constraintValue": "", "constraintValueEn": "", "unitTypeCode": null, "unitTypeName": null, "noteCn": "\u524d\u7f6e\u68c0\u6d4b", "noteEn": "prefix operate", "flatten": false, "selectorType": null, "selection": null}, {"paramCode": "drip_volume", "paramName": "\u6ef4\u6db2\u4f53\u79ef", "ioType": "INPUT", "dataType": "int", "value": null, "defaultValue": null, "script": null, "required": 1, "advanced": null, "timeFlag": null, "elementDataType": "", "bindDataType": "", "bindDataTypeProperty": null, "property": null, "childParams": [], "constraintType": null, "constraintValue": "", "constraintValueEn": "", "unitTypeCode": null, "unitTypeName": null, "noteCn": null, "noteEn": null, "flatten": false, "selectorType": null, "selection": null}]}, {"id": 1897802270901253, "code": "collect_sample_back", "name": "\u91c7\u96c6\u6837\u672c\u80cc\u666f", "noteCn": "\u91c7\u96c6\u6837\u672c\u80cc\u666f", "noteEn": "collect sample background", "translator": "default", "translatorArgs": {"url": "/command", "method": "POST"}, "recommend": null, "params": [{"paramCode": "operation", "paramName": "\u64cd\u4f5c\u6307\u4ee4", "ioType": "CONSTANT", "dataType": "string", "value": null, "defaultValue": "setup", "script": null, "required": 1, "advanced": null, "timeFlag": null, "elementDataType": null, "bindDataType": null, "bindDataTypeProperty": null, "property": null, "childParams": [], "constraintType": null, "constraintValue": "", "constraintValueEn": "", "unitTypeCode": null, "unitTypeName": null, "noteCn": "\u5f00\u59cb\u68c0\u6d4b", "noteEn": "start", "flatten": false, "selectorType": null, "selection": null}]}, {"id": 1897802270901254, "code": "sleep", "name": "\u9759\u7f6e\u667e\u5e72", "noteCn": "\u9759\u7f6e\u667e\u5e72", "noteEn": "sleep", "translator": "default", "translatorArgs": {"url": "/command", "method": "POST"}, "recommend": null, "params": [{"paramCode": "operation", "paramName": "\u64cd\u4f5c\u6307\u4ee4", "ioType": "CONSTANT", "dataType": "string", "value": null, "defaultValue": "sleep", "script": null, "required": 1, "advanced": null, "timeFlag": null, "elementDataType": null, "bindDataType": null, "bindDataTypeProperty": null, "property": null, "childParams": [], "constraintType": null, "constraintValue": "", "constraintValueEn": "", "unitTypeCode": null, "unitTypeName": null, "noteCn": "\u9759\u7f6e", "noteEn": "sleep", "flatten": false, "selectorType": null, "selection": null}, {"paramCode": "time", "paramName": "\u9759\u7f6e\u667e\u5e72\u65f6\u95f4\uff08s\uff09", "ioType": "INPUT", "dataType": "int", "value": null, "defaultValue": "1200", "script": null, "required": 1, "advanced": null, "timeFlag": null, "elementDataType": "", "bindDataType": "", "bindDataTypeProperty": null, "property": null, "childParams": [], "constraintType": null, "constraintValue": "", "constraintValueEn": "", "unitTypeCode": null, "unitTypeName": null, "noteCn": "\u9759\u7f6e\u667e\u5e72\u65f6\u95f4\uff08s\uff09", "noteEn": "sleep time(s)", "flatten": false, "selectorType": null, "selection": null}]}, {"id": 1897802270901255, "code": "confirm_tip_position", "name": "\u786e\u8ba4tip\u5934\u4f4d\u7f6e", "noteCn": "\u786e\u8ba4tip\u5934\u4f4d\u7f6e", "noteEn": "confirm tip position", "translator": "default", "translatorArgs": {"url": "/command", "method": "POST"}, "recommend": null, "params": [{"paramCode": "operation", "paramName": "\u64cd\u4f5c\u6307\u4ee4", "ioType": "CONSTANT", "dataType": "string", "value": null, "defaultValue": "confirm_tip_position", "script": null, "required": 1, "advanced": null, "timeFlag": null, "elementDataType": null, "bindDataType": null, "bindDataTypeProperty": null, "property": null, "childParams": [], "constraintType": null, "constraintValue": "", "constraintValueEn": "", "unitTypeCode": null, "unitTypeName": null, "noteCn": "\u786e\u8ba4tip\u5934\u4f4d\u7f6e", "noteEn": "sleep", "flatten": false, "selectorType": null, "selection": null}, {"paramCode": "position", "paramName": "\u5f53\u524d\u53ef\u7528tip\u5934\u8d77\u59cb\u4f4d\u7f6e\uff081-96\uff09", "ioType": "INPUT", "dataType": "int", "value": null, "defaultValue": "1", "script": null, "required": 1, "advanced": null, "timeFlag": null, "elementDataType": "", "bindDataType": "", "bindDataTypeProperty": null, "property": null, "childParams": [], "constraintType": "RANGE", "constraintValue": "[1,96]", "constraintValueEn": "", "unitTypeCode": null, "unitTypeName": null, "noteCn": "\u5f53\u524d\u53ef\u7528tip\u5934\u8d77\u59cb\u4f4d\u7f6e\uff081-96\uff09", "noteEn": "current used tip position", "flatten": false, "selectorType": null, "selection": null}, {"paramCode": "type", "paramName": "\u786e\u8ba4\u7c7b\u578b", "ioType": "CONSTANT", "dataType": "int", "value": null, "defaultValue": "1", "script": null, "required": 1, "advanced": null, "timeFlag": null, "elementDataType": "", "bindDataType": "", "bindDataTypeProperty": null, "property": null, "childParams": [], "constraintType": null, "constraintValue": "", "constraintValueEn": "", "unitTypeCode": null, "unitTypeName": null, "noteCn": null, "noteEn": null, "flatten": false, "selectorType": null, "selection": null}]}, {"id": 1897802270901256, "code": "online", "name": "\u5f3a\u5236\u4e0a\u7ebf", "noteCn": "\u5f3a\u5236\u4e0a\u7ebf", "noteEn": "online", "translator": "default", "translatorArgs": {"url": "/online", "method": "POST"}, "recommend": null, "params": [{"paramCode": "operation", "paramName": "", "ioType": "CONSTANT", "dataType": "string", "value": null, "defaultValue": "online", "script": null, "required": 1, "advanced": null, "timeFlag": null, "elementDataType": null, "bindDataType": null, "bindDataTypeProperty": null, "property": null, "childParams": [], "constraintType": null, "constraintValue": "", "constraintValueEn": "", "unitTypeCode": null, "unitTypeName": null, "noteCn": null, "noteEn": null, "flatten": false, "selectorType": null, "selection": null}]}, {"id": 1897802270901257, "code": "auto_confirm_tip_position", "name": "\u81ea\u52a8\u786e\u8ba4tip\u5934\u4f4d\u7f6e", "noteCn": "\u81ea\u52a8\u786e\u8ba4tip\u5934\u4f4d\u7f6e", "noteEn": "auto confirm tip position", "translator": "default", "translatorArgs": {"url": "/command", "method": "POST"}, "recommend": null, "params": [{"paramCode": "operation", "paramName": "\u64cd\u4f5c\u6307\u4ee4", "ioType": "CONSTANT", "dataType": "string", "value": null, "defaultValue": "confirm_tip_position", "script": null, "required": 1, "advanced": null, "timeFlag": null, "elementDataType": null, "bindDataType": null, "bindDataTypeProperty": null, "property": null, "childParams": [], "constraintType": null, "constraintValue": "", "constraintValueEn": "", "unitTypeCode": null, "unitTypeName": null, "noteCn": "\u81ea\u52a8\u786e\u8ba4tip\u5934\u4f4d\u7f6e", "noteEn": "sleep", "flatten": false, "selectorType": null, "selection": null}]}], "allocates": [{"containerTypeCode": "ir_base_piece", "maxHandleSize": 10}, {"containerTypeCode": "bottle_storage", "maxHandleSize": 10}], "commands": [{"code": "allocation", "name": "\u5bb9\u5668\u5206\u914d", "noteCn": "\u5bb9\u5668\u5206\u914d", "noteEn": "allocation", "actionCode": "allocate_container", "actionName": "\u5206\u914d\u5bb9\u5668\u6307\u4ee4", "params": [{"paramCode": "containerType", "value": "[{\"minCount\":\"1\",\"maxCount\":10,\"containerTypeCode\":\"ir_base_piece\",\"containerTypeName\":\"\u7ea2\u5916\u57fa\u5e95\u7247\",\"allocateMode\":\"extend\",\"defaultCount\":1},{\"minCount\":0,\"maxCount\":10,\"containerTypeCode\":\"bottle_storage\",\"containerTypeName\":\"\u8fdb\u6837\u74f6\",\"allocateMode\":\"extend\",\"defaultCount\":10}]"}, {"paramCode": "allocateOrder", "value": "small"}, {"paramCode": "allocateWorkstations", "value": "[]"}]}, {"code": "take", "name": "\u62ff\u53d6\u5bb9\u5668", "noteCn": "\u62ff\u53d6\u5bb9\u5668", "noteEn": "take", "actionCode": "take", "actionName": "take\u6307\u4ee4", "params": [{"paramCode": "containerType", "value": "{\"containerTypeCode\":\"ir_base_piece\",\"containerTypeName\":\"\u7ea2\u5916\u57fa\u5e95\u7247\"}"}, {"paramCode": "slotType", "value": "{}"}, {"paramCode": "robotCodes", "value": "[{\"robotCode\":\"ur_303_spectroscopy_robot\",\"robotName\":\"\u4f18\u50b2_303\u8c31\u5b66\u5e73\u53f0\u673a\u68b0\u81c2\"}]"}, {"paramCode": "fromOrder", "value": "small"}, {"paramCode": "toOrder", "value": "small"}, {"paramCode": "storageWorkstation", "value": "{\"workstationCode\":\"starting_station_303_spectroscopy_ir\",\"workstationName\":\"303\u8c31\u5b66\u5e73\u53f0-\u7ea2\u5916\u7269\u6599\u7ad9\"}"}, {"paramCode": "userDefinedPos", "value": ""}, {"paramCode": "withParentContainerType", "value": "{\"containerTypeCode\":\"ir_base_piece_rack\",\"containerTypeName\":\"\u7ea2\u5916\u57fa\u5e95\u6258\u76d8\"}"}]}, {"code": "put", "name": "\u653e\u7f6e\u5bb9\u5668", "noteCn": "\u653e\u7f6e\u5bb9\u5668", "noteEn": "put", "actionCode": "put", "actionName": "put\u6307\u4ee4", "params": [{"paramCode": "containerType", "value": "{\"containerTypeCode\":\"ir_base_piece\",\"containerTypeName\":\"\u7ea2\u5916\u57fa\u5e95\u7247\"}"}, {"paramCode": "slotType", "value": "{}"}, {"paramCode": "robotCodes", "value": "[{\"robotCode\":\"ur_303_spectroscopy_robot\",\"robotName\":\"\u4f18\u50b2_303\u8c31\u5b66\u5e73\u53f0\u673a\u68b0\u81c2\"}]"}, {"paramCode": "fromOrder", "value": "small"}, {"paramCode": "toOrder", "value": "small"}, {"paramCode": "withParentContainerType", "value": "{\"containerTypeCode\":\"ir_base_piece_rack\",\"containerTypeName\":\"\u7ea2\u5916\u57fa\u5e95\u6258\u76d8\"}"}]}, {"code": "common", "name": "\u901a\u7528\u6307\u4ee4", "noteCn": "common", "noteEn": "\u901a\u7528\u6307\u4ee4", "actionCode": "common", "actionName": "\u901a\u7528\u6307\u4ee4", "params": [{"paramCode": "robotCodes", "value": "[{\"robotCode\":\"ur_303_spectroscopy_robot\",\"robotName\":\"\u4f18\u50b2_303\u8c31\u5b66\u5e73\u53f0\u673a\u68b0\u81c2\"}]"}]}, {"code": "lock", "name": "\u72ec\u5360\u673a\u68b0\u81c2", "noteCn": "\u72ec\u5360\u673a\u68b0\u81c2", "noteEn": "lock arm", "actionCode": "lock", "actionName": "lock\u52a0\u9501\u6307\u4ee4", "params": [{"paramCode": "robotList", "value": "[{\"robotCode\":\"ur_303_spectroscopy_robot\",\"robotName\":\"\u4f18\u50b2_303\u8c31\u5b66\u5e73\u53f0\u673a\u68b0\u81c2\"}]"}]}, {"code": "unlock", "name": "\u91ca\u653e\u673a\u68b0\u81c2", "noteCn": "\u91ca\u653e\u673a\u68b0\u81c2", "noteEn": "unlock arm", "actionCode": "unlock", "actionName": "unlock\u89e3\u9501\u6307\u4ee4", "params": [{"paramCode": "robotList", "value": "[{\"robotCode\":\"ur_303_spectroscopy_robot\",\"robotName\":\"\u4f18\u50b2_303\u8c31\u5b66\u5e73\u53f0\u673a\u68b0\u81c2\"}]"}]}], "containerSettings": [{"typeId": 1656289536836608, "typeCode": "ir_base_piece_rack_slot", "typeName": "\u7ea2\u5916\u57fa\u5e95\u6258\u76d8\u69fd\u4f4d", "containerType": "slot", "allCount": 1, "children": []}], "variables": [], "resultSetting": {"url": "", "type": "", "preview": false}, "ignoreMaterial": false, "defaultVersion": true, "updatedActions": null}