{"id": 1656241422599168, "version": "303-\u8c31\u5b66\u5e73\u53f0", "code": "magnetic_stirring", "name": "\u78c1\u529b\u6405\u62cc\u5de5\u4f5c\u7ad9", "noteCn": "\u78c1\u529b\u6405\u62cc\u5de5\u4f5c\u7ad9\u901a\u8fc7\u65cb\u8f6c\u7684\u78c1\u76d8\u4ea7\u751f\u7684\u79bb\u5fc3\u529b\u548c\u526a\u5207\u529b\uff0c\u5bf9\u653e\u7f6e\u5728\u78c1\u76d8\u4e0a\u7684\u5bb9\u5668\u5185\u7684\u6db2\u4f53\u8fdb\u884c\u6405\u62cc\u3002\u5b83\u53ef\u4ee5\u5b9e\u73b0\u5feb\u901f\u3001\u9ad8\u6548\u7684\u6405\u62cc\u6548\u679c\uff0c\u4f7f\u6eb6\u6db2\u5145\u5206\u6df7\u5408\u3002\u8be5\u5de5\u4f5c\u7ad9\u901a\u5e38\u5177\u6709\u53ef\u8c03\u8282\u7684\u6405\u62cc\u901f\u5ea6\u548c\u65f6\u95f4\u8bbe\u7f6e\uff0c\u80fd\u591f\u6ee1\u8db3\u4e0d\u540c\u5b9e\u9a8c\u7684\u9700\u6c42\u3002\u5728\u5316\u5b66\u5408\u6210\u3001\u6750\u6599\u5236\u5907\u7b49\u5b9e\u9a8c\u4e2d\uff0c\u53ef\u7528\u4e8e\u52a0\u901f\u5316\u5b66\u53cd\u5e94\u3001\u4fc3\u8fdb\u7269\u8d28\u7684\u6eb6\u89e3\u548c\u6df7\u5408\u7b49\uff0c\u63d0\u9ad8\u5b9e\u9a8c\u6548\u7387\u548c\u4ea7\u54c1\u8d28\u91cf\u3002", "noteEn": "", "createTime": "2025-08-15 10:07:57", "updateTime": "2025-11-07 19:42:38", "paramUrl": "", "modelCode": null, "modelName": null, "modelImages": null, "definer": 0, "equipManufacturerCode": "AAC", "equipManufacturerName": "\u5b89\u5fbd\u4f18\u6607\u751f\u7269\u79d1\u6280\u6709\u9650\u516c\u53f8", "actions": [{"id": 1897802271851521, "code": "test_cmd", "name": "\u5360\u4f4d\u6307\u4ee4", "noteCn": "\u5360\u4f4d\u6307\u4ee4", "noteEn": null, "translator": "default", "translatorArgs": {"url": "/command", "method": "POST"}, "recommend": null, "params": null}], "allocates": [{"containerTypeCode": "bottle_storage", "maxHandleSize": 10}], "commands": [{"code": "allocation", "name": "\u5bb9\u5668\u5206\u914d", "noteCn": "\u5bb9\u5668\u5206\u914d", "noteEn": "allocation", "actionCode": "allocate_container", "actionName": "\u5206\u914d\u5bb9\u5668\u6307\u4ee4", "params": [{"paramCode": "containerType", "value": "[{\"minCount\":0,\"maxCount\":10,\"containerTypeCode\":\"bottle_storage\",\"containerTypeName\":\"\u8fdb\u6837\u74f6\",\"allocateMode\":\"extend\",\"defaultCount\":10}]"}, {"paramCode": "allocateOrder", "value": "small"}, {"paramCode": "allocateWorkstations", "value": "[]"}]}, {"code": "put", "name": "\u5bb9\u5668\u653e\u7f6e", "noteCn": "\u5bb9\u5668\u653e\u7f6e", "noteEn": "put", "actionCode": "put", "actionName": "put\u6307\u4ee4", "params": [{"paramCode": "containerType", "value": "{\"containerTypeCode\":\"bottle_storage\",\"containerTypeName\":\"\u8fdb\u6837\u74f6\"}"}, {"paramCode": "slotType", "value": "{}"}, {"paramCode": "robotCodes", "value": "[{\"robotCode\":\"ur_303_spectroscopy_robot\",\"robotName\":\"\u4f18\u50b2_303\u8c31\u5b66\u5e73\u53f0\u673a\u68b0\u81c2\"}]"}, {"paramCode": "fromOrder", "value": "small"}, {"paramCode": "toOrder", "value": "small"}, {"paramCode": "storageWorkstation", "value": "{}"}, {"paramCode": "userDefinedPos", "value": ""}, {"paramCode": "withParentContainerType", "value": "{\"containerTypeCode\":\"rack\",\"containerTypeName\":\"\u6837\u54c1\u67b6\"}"}]}, {"code": "take", "name": "\u5bb9\u5668\u62ff\u53d6", "noteCn": "\u5bb9\u5668\u62ff\u53d6", "noteEn": "take", "actionCode": "take", "actionName": "take\u6307\u4ee4", "params": [{"paramCode": "containerType", "value": "{\"containerTypeCode\":\"bottle_storage\",\"containerTypeName\":\"\u8fdb\u6837\u74f6\"}"}, {"paramCode": "slotType", "value": "{}"}, {"paramCode": "robotCodes", "value": "[{\"robotCode\":\"ur_303_spectroscopy_robot\",\"robotName\":\"\u4f18\u50b2_303\u8c31\u5b66\u5e73\u53f0\u673a\u68b0\u81c2\"}]"}, {"paramCode": "fromOrder", "value": "small"}, {"paramCode": "toOrder", "value": "small"}, {"paramCode": "storageWorkstation", "value": "{\"workstationCode\":\"put_workstation_303_spectroscopy\",\"workstationName\":\"303\u8c31\u5b66\u5e73\u53f0\u7f6e\u7269\u5de5\u4f5c\u7ad9\"}"}, {"paramCode": "userDefinedPos", "value": ""}, {"paramCode": "withParentContainerType", "value": "{\"containerTypeCode\":\"rack\",\"containerTypeName\":\"\u6837\u54c1\u67b6\"}"}]}, {"code": "lock", "name": "\u72ec\u5360\u673a\u5668\u4eba", "noteCn": "\u72ec\u5360\u673a\u5668\u4eba", "noteEn": "lock", "actionCode": "lock", "actionName": "lock\u52a0\u9501\u6307\u4ee4", "params": [{"paramCode": "robotList", "value": "[{\"robotCode\":\"ur_303_spectroscopy_robot\",\"robotName\":\"\u4f18\u50b2_303\u8c31\u5b66\u5e73\u53f0\u673a\u68b0\u81c2\"}]"}]}, {"code": "unlock", "name": "\u91ca\u653e\u673a\u5668\u4eba", "noteCn": "\u91ca\u653e\u673a\u5668\u4eba", "noteEn": "unlock", "actionCode": "unlock", "actionName": "unlock\u89e3\u9501\u6307\u4ee4", "params": [{"paramCode": "robotList", "value": "[{\"robotCode\":\"ur_303_spectroscopy_robot\",\"robotName\":\"\u4f18\u50b2_303\u8c31\u5b66\u5e73\u53f0\u673a\u68b0\u81c2\"}]"}]}], "containerSettings": [{"typeId": 881570976007168, "typeCode": "rack_slot", "typeName": "\u6837\u54c1\u67b6\u69fd\u4f4d", "containerType": "slot", "allCount": 1, "children": []}], "variables": [{"code": "global_put_json", "name": "\u5168\u5c40json", "noteCn": "\u5168\u5c40json", "noteEn": "", "dataType": "object", "defaultValue": null}, {"code": "global_put_string", "name": "\u5168\u5c40string", "noteCn": "\u5168\u5c40string", "noteEn": null, "dataType": "string", "defaultValue": null}], "resultSetting": {"url": "", "type": "", "preview": false}, "ignoreMaterial": false, "defaultVersion": true, "updatedActions": null}