{"id": 1664870018155520, "version": "303-\u8c31\u5b66\u5e73\u53f0", "code": "high_flux_xrd_workstation", "name": "\u9ad8\u901a\u91cf\u5e73\u53f0-XRD\u5de5\u4f5c\u7ad9", "noteCn": "X \u5c04\u7ebf\u884d\u5c04\u4eea\u4e3b\u8981\u7528\u4e8e\u5206\u6790\u6750\u6599\u7684\u6676\u4f53\u7ed3\u6784\u3002\u5b83\u901a\u8fc7\u53d1\u5c04 X \u5c04\u7ebf\u5230\u6837\u54c1\u4e0a\uff0c\u7136\u540e\u6d4b\u91cf\u884d\u5c04 X \u5c04\u7ebf\u7684\u89d2\u5ea6\u548c\u5f3a\u5ea6\u3002\u6839\u636e\u5e03\u62c9\u683c\u5b9a\u5f8b\uff0c\u4e0d\u540c\u7684\u6676\u4f53\u7ed3\u6784\u4f1a\u4ea7\u751f\u7279\u5b9a\u7684\u884d\u5c04\u56fe\u6848\u3002\u5728\u5927\u5b66\u7684\u6750\u6599\u79d1\u5b66\u5b9e\u9a8c\u5ba4\u4e2d\uff0c\u53ef\u7528\u4e8e\u9274\u5b9a\u6750\u6599\u4e2d\u7684\u7269\u76f8\uff0c\u786e\u5b9a\u6676\u4f53\u7684\u6676\u683c\u53c2\u6570\u3001\u6676\u4f53\u7f3a\u9677\u7b49\u4fe1\u606f\u3002\u5bf9\u4e8e\u7814\u7a76\u65b0\u578b\u6750\u6599\u7684\u7ed3\u6784\u548c\u6027\u80fd\u5173\u7cfb\uff0c\u5982\u534a\u5bfc\u4f53\u6750\u6599\u3001\u9676\u74f7\u6750\u6599\u7b49\uff0c\u6709\u7740\u4e0d\u53ef\u6216\u7f3a\u7684\u4f5c\u7528\u3002", "noteEn": "", "createTime": "2025-08-18 11:16:40", "updateTime": "2025-11-07 19:42:38", "paramUrl": "", "modelCode": null, "modelName": null, "modelImages": null, "definer": 0, "equipManufacturerCode": "ABT", "equipManufacturerName": "\u4e39\u4e1c\u6d69\u5143\u4eea\u5668\u6709\u9650\u516c\u53f8", "actions": [{"id": 1897802270934016, "code": "start_check", "name": "\u5f00\u59cb\u68c0\u6d4b", "noteCn": "\u5f00\u59cb\u68c0\u6d4b", "noteEn": "start check", "translator": "default", "translatorArgs": {"url": "/command", "method": "POST"}, "recommend": null, "params": [{"paramCode": "operation", "paramName": "\u64cd\u4f5c\u6307\u4ee4", "ioType": "CONSTANT", "dataType": "string", "value": null, "defaultValue": "start_check", "script": null, "required": 1, "advanced": null, "timeFlag": null, "elementDataType": null, "bindDataType": null, "bindDataTypeProperty": null, "property": null, "childParams": [], "constraintType": null, "constraintValue": "", "constraintValueEn": "", "unitTypeCode": null, "unitTypeName": null, "noteCn": "\u5f00\u59cb\u68c0\u6d4b", "noteEn": "start check", "flatten": false, "selectorType": null, "selection": null}, {"paramCode": "resultCode", "paramName": "resultCode", "ioType": "OUTPUT", "dataType": "string", "value": null, "defaultValue": "resultCode", "script": null, "required": 1, "advanced": null, "timeFlag": null, "elementDataType": null, "bindDataType": null, "bindDataTypeProperty": null, "property": null, "childParams": [], "constraintType": null, "constraintValue": "", "constraintValueEn": "", "unitTypeCode": null, "unitTypeName": null, "noteCn": null, "noteEn": null, "flatten": false, "selectorType": null, "selection": null}]}, {"id": 1897802270934017, "code": "prefix_operate", "name": "\u68c0\u6d4b\u524d\u5904\u7406", "noteCn": "\u68c0\u6d4b\u524d\u5904\u7406", "noteEn": "prefix operate", "translator": "default", "translatorArgs": {"url": "/command", "method": "POST"}, "recommend": null, "params": [{"paramCode": "operation", "paramName": "\u64cd\u4f5c\u6307\u4ee4", "ioType": "CONSTANT", "dataType": "string", "value": null, "defaultValue": "prefix_operate", "script": null, "required": 1, "advanced": null, "timeFlag": null, "elementDataType": null, "bindDataType": null, "bindDataTypeProperty": null, "property": null, "childParams": [], "constraintType": null, "constraintValue": "", "constraintValueEn": "", "unitTypeCode": null, "unitTypeName": null, "noteCn": "\u524d\u7f6e\u68c0\u6d4b", "noteEn": "prefix operate", "flatten": false, "selectorType": null, "selection": null}]}, {"id": 1897802270934018, "code": "sleep", "name": "\u9759\u7f6e\u667e\u5e72", "noteCn": "\u9759\u7f6e\u667e\u5e72", "noteEn": "sleep", "translator": "default", "translatorArgs": {"url": "/command", "method": "POST"}, "recommend": null, "params": [{"paramCode": "operation", "paramName": "\u64cd\u4f5c\u6307\u4ee4", "ioType": "CONSTANT", "dataType": "string", "value": null, "defaultValue": "sleep", "script": null, "required": 1, "advanced": null, "timeFlag": null, "elementDataType": null, "bindDataType": null, "bindDataTypeProperty": null, "property": null, "childParams": [], "constraintType": null, "constraintValue": "", "constraintValueEn": "", "unitTypeCode": null, "unitTypeName": null, "noteCn": "\u9759\u7f6e", "noteEn": "sleep", "flatten": false, "selectorType": null, "selection": null}, {"paramCode": "time", "paramName": "\u9759\u7f6e\u667e\u5e72\u65f6\u95f4\uff08s\uff09", "ioType": "INPUT", "dataType": "int", "value": null, "defaultValue": "1200", "script": null, "required": 1, "advanced": null, "timeFlag": null, "elementDataType": "", "bindDataType": "", "bindDataTypeProperty": null, "property": null, "childParams": [], "constraintType": null, "constraintValue": "", "constraintValueEn": "", "unitTypeCode": null, "unitTypeName": null, "noteCn": "\u9759\u7f6e\u667e\u5e72\u65f6\u95f4\uff08s\uff09", "noteEn": "sleep time(s)", "flatten": false, "selectorType": null, "selection": null}]}, {"id": 1897802270934019, "code": "confirm_tip_position", "name": "\u786e\u8ba4tip\u5934\u4f4d\u7f6e", "noteCn": "\u786e\u8ba4tip\u5934\u4f4d\u7f6e", "noteEn": "confirm tip position", "translator": "default", "translatorArgs": {"url": "/command", "method": "POST"}, "recommend": null, "params": [{"paramCode": "operation", "paramName": "\u64cd\u4f5c\u6307\u4ee4", "ioType": "CONSTANT", "dataType": "string", "value": null, "defaultValue": "confirm_tip_position", "script": null, "required": 1, "advanced": null, "timeFlag": null, "elementDataType": null, "bindDataType": null, "bindDataTypeProperty": null, "property": null, "childParams": [], "constraintType": null, "constraintValue": "", "constraintValueEn": "", "unitTypeCode": null, "unitTypeName": null, "noteCn": "\u786e\u8ba4tip\u5934\u4f4d\u7f6e", "noteEn": "sleep", "flatten": false, "selectorType": null, "selection": null}, {"paramCode": "position", "paramName": "\u5f53\u524d\u53ef\u7528tip\u5934\u8d77\u59cb\u4f4d\u7f6e\uff081-96\uff09", "ioType": "INPUT", "dataType": "int", "value": null, "defaultValue": "1", "script": null, "required": 1, "advanced": null, "timeFlag": null, "elementDataType": "", "bindDataType": "", "bindDataTypeProperty": null, "property": null, "childParams": [], "constraintType": "RANGE", "constraintValue": "[1,96]", "constraintValueEn": "", "unitTypeCode": null, "unitTypeName": null, "noteCn": "\u5f53\u524d\u53ef\u7528tip\u5934\u8d77\u59cb\u4f4d\u7f6e\uff081-96\uff09", "noteEn": "current tip position", "flatten": false, "selectorType": null, "selection": null}, {"paramCode": "type", "paramName": "\u786e\u8ba4\u7c7b\u578b", "ioType": "CONSTANT", "dataType": "int", "value": null, "defaultValue": "1", "script": null, "required": 1, "advanced": null, "timeFlag": null, "elementDataType": "", "bindDataType": "", "bindDataTypeProperty": null, "property": null, "childParams": [], "constraintType": null, "constraintValue": "", "constraintValueEn": "", "unitTypeCode": null, "unitTypeName": null, "noteCn": null, "noteEn": null, "flatten": false, "selectorType": null, "selection": null}]}, {"id": 1897802270934020, "code": "auto_confirm_tip_position", "name": "\u81ea\u52a8\u786e\u8ba4tip\u5934\u4f4d\u7f6e", "noteCn": "\u786e\u8ba4tip\u5934\u4f4d\u7f6e", "noteEn": "auto confirm tip position", "translator": "default", "translatorArgs": {"url": "/command", "method": "POST"}, "recommend": null, "params": [{"paramCode": "operation", "paramName": "\u64cd\u4f5c\u6307\u4ee4", "ioType": "CONSTANT", "dataType": "string", "value": null, "defaultValue": "confirm_tip_position", "script": null, "required": 1, "advanced": null, "timeFlag": null, "elementDataType": null, "bindDataType": null, "bindDataTypeProperty": null, "property": null, "childParams": [], "constraintType": null, "constraintValue": "", "constraintValueEn": "", "unitTypeCode": null, "unitTypeName": null, "noteCn": "\u786e\u8ba4tip\u5934\u4f4d\u7f6e", "noteEn": "sleep", "flatten": false, "selectorType": null, "selection": null}]}, {"id": 1897802270934021, "code": "online", "name": "\u5f3a\u5236\u4e0a\u7ebf", "noteCn": "\u5f3a\u5236\u4e0a\u7ebf", "noteEn": "online", "translator": "default", "translatorArgs": {"url": "/online", "method": "POST"}, "recommend": null, "params": [{"paramCode": "operation", "paramName": "online", "ioType": "CONSTANT", "dataType": "string", "value": null, "defaultValue": "online", "script": null, "required": 0, "advanced": null, "timeFlag": null, "elementDataType": null, "bindDataType": null, "bindDataTypeProperty": null, "property": null, "childParams": [], "constraintType": null, "constraintValue": "", "constraintValueEn": "", "unitTypeCode": null, "unitTypeName": null, "noteCn": null, "noteEn": null, "flatten": false, "selectorType": null, "selection": null}]}], "allocates": [{"containerTypeCode": "xrd_base_piece", "maxHandleSize": 5}, {"containerTypeCode": "bottle_storage", "maxHandleSize": 10}], "commands": [{"code": "allocation", "name": "\u5bb9\u5668\u5206\u914d", "noteCn": "\u5bb9\u5668\u5206\u914d", "noteEn": "allocation", "actionCode": "allocate_container", "actionName": "\u5206\u914d\u5bb9\u5668\u6307\u4ee4", "params": [{"paramCode": "containerType", "value": "[{\"minCount\":\"1\",\"maxCount\":10,\"containerTypeCode\":\"xrd_base_piece\",\"containerTypeName\":\"XRD\u57fa\u5e95\u7247\",\"allocateMode\":\"extend\",\"defaultCount\":1},{\"minCount\":0,\"maxCount\":10,\"containerTypeCode\":\"bottle_storage\",\"containerTypeName\":\"\u8fdb\u6837\u74f6\",\"allocateMode\":\"extend\",\"defaultCount\":10}]"}, {"paramCode": "allocateOrder", "value": "small"}, {"paramCode": "allocateWorkstations", "value": "[]"}]}, {"code": "common", "name": "\u901a\u7528\u6307\u4ee4", "noteCn": "\u901a\u7528\u6307\u4ee4", "noteEn": "common", "actionCode": "common", "actionName": "\u901a\u7528\u6307\u4ee4", "params": [{"paramCode": "robotCodes", "value": "[{\"robotCode\":\"ur_303_spectroscopy_robot\",\"robotName\":\"\u4f18\u50b2_303\u8c31\u5b66\u5e73\u53f0\u673a\u68b0\u81c2\"}]"}]}, {"code": "take", "name": "\u62ff\u53d6\u57fa\u5e95\u7247", "noteCn": "\u62ff\u53d6\u57fa\u5e95\u7247", "noteEn": "take", "actionCode": "take", "actionName": "take\u6307\u4ee4", "params": [{"paramCode": "containerType", "value": "{\"containerTypeCode\":\"xrd_base_piece\",\"containerTypeName\":\"XRD\u57fa\u5e95\u7247\"}"}, {"paramCode": "slotType", "value": "{}"}, {"paramCode": "robotCodes", "value": "[{\"robotCode\":\"ur_303_spectroscopy_robot\",\"robotName\":\"\u4f18\u50b2_303\u8c31\u5b66\u5e73\u53f0\u673a\u68b0\u81c2\"}]"}, {"paramCode": "fromOrder", "value": "small"}, {"paramCode": "toOrder", "value": "small"}, {"paramCode": "storageWorkstation", "value": "{\"workstationCode\":\"starting_station_303_spectroscopy_xrd\",\"workstationName\":\"303\u8c31\u5b66\u5e73\u53f0-XRD\u7269\u6599\u7ad9\"}"}, {"paramCode": "userDefinedPos", "value": ""}, {"paramCode": "withParentContainerType", "value": "{\"containerTypeCode\":\"\",\"containerTypeName\":\"\"}"}]}, {"code": "put", "name": "\u653e\u7f6e\u57fa\u5e95\u7247", "noteCn": "\u653e\u7f6e\u57fa\u5e95\u7247", "noteEn": "put", "actionCode": "put", "actionName": "put\u6307\u4ee4", "params": [{"paramCode": "containerType", "value": "{\"containerTypeCode\":\"xrd_base_piece\",\"containerTypeName\":\"XRD\u57fa\u5e95\u7247\"}"}, {"paramCode": "slotType", "value": "{}"}, {"paramCode": "robotCodes", "value": "[{\"robotCode\":\"ur_303_spectroscopy_robot\",\"robotName\":\"\u4f18\u50b2_303\u8c31\u5b66\u5e73\u53f0\u673a\u68b0\u81c2\"}]"}, {"paramCode": "fromOrder", "value": "small"}, {"paramCode": "toOrder", "value": "small"}, {"paramCode": "withParentContainerType", "value": "{}"}]}, {"code": "lock", "name": "\u72ec\u5360\u673a\u68b0\u81c2", "noteCn": "\u72ec\u5360\u673a\u68b0\u81c2", "noteEn": "lock", "actionCode": "lock", "actionName": "lock\u52a0\u9501\u6307\u4ee4", "params": [{"paramCode": "robotList", "value": "[{\"robotCode\":\"ur_303_spectroscopy_robot\",\"robotName\":\"\u4f18\u50b2_303\u8c31\u5b66\u5e73\u53f0\u673a\u68b0\u81c2\"}]"}]}, {"code": "unlock", "name": "\u91ca\u653e\u673a\u68b0\u81c2", "noteCn": "\u91ca\u653e\u673a\u68b0\u81c2", "noteEn": "unlock", "actionCode": "unlock", "actionName": "unlock\u89e3\u9501\u6307\u4ee4", "params": [{"paramCode": "robotList", "value": "[{\"robotCode\":\"ur_303_spectroscopy_robot\",\"robotName\":\"\u4f18\u50b2_303\u8c31\u5b66\u5e73\u53f0\u673a\u68b0\u81c2\"}]"}]}], "containerSettings": [{"typeId": 1654533691638784, "typeCode": "xrd_base_slot", "typeName": "XRD\u57fa\u5e95\u69fd\u4f4d", "containerType": "slot", "allCount": 1, "children": []}], "variables": [], "resultSetting": {"url": "", "type": "", "preview": false}, "ignoreMaterial": false, "defaultVersion": true, "updatedActions": null}