{"id": 1674126680261632, "version": "346-\u7535\u6781\u7ec4\u88c5", "code": "electrode_assembly_workstation", "name": "\u7535\u6781\u7ec4\u88c5\u5de5\u4f5c\u7ad9", "noteCn": "346\u7535\u6781\u5b9e\u9a8c\u5ba4\u7535\u6781\u7ec4\u8f6c\u5de5\u4f5c\u7ad9", "noteEn": "", "createTime": "2025-08-21 17:44:51", "updateTime": "2025-08-21 18:34:40", "paramUrl": "", "modelCode": null, "modelName": null, "modelImages": null, "definer": 1, "equipManufacturerCode": null, "equipManufacturerName": null, "actions": [{"id": 1897802270868480, "code": "start", "name": "\u5f00\u59cb\u7ec4\u88c5", "noteCn": "\u5f00\u59cb\u7ec4\u88c5", "noteEn": "start", "translator": "default", "translatorArgs": {"url": "/command", "method": "POST"}, "recommend": null, "params": null}], "allocates": [], "commands": [], "containerSettings": [], "variables": [], "resultSetting": {"url": "", "type": "", "preview": false}, "ignoreMaterial": false, "defaultVersion": true, "updatedActions": null}