{"id": 1674120721597440, "version": "346-\u55b7\u6d82", "code": "spraying_workstation", "name": "\u55b7\u6d82\u5de5\u4f5c\u7ad9", "noteCn": "346\u7535\u6781\u5b9e\u9a8c\u5ba4\u55b7\u6d82\u5de5\u4f5c\u7ad9", "noteEn": "", "createTime": "2025-08-21 17:41:49", "updateTime": "2025-08-22 09:15:55", "paramUrl": "", "modelCode": null, "modelName": null, "modelImages": null, "definer": 1, "equipManufacturerCode": null, "equipManufacturerName": null, "actions": [], "allocates": [], "commands": [], "containerSettings": [], "variables": [], "resultSetting": {"url": "", "type": "", "preview": false}, "ignoreMaterial": false, "defaultVersion": true, "updatedActions": null}