{"id": 1674119920288768, "version": "346-\u70e7\u7ed3", "code": "sintering_workstation", "name": "\u70e7\u7ed3\u5de5\u4f5c\u7ad9", "noteCn": "346\u7535\u6781\u5b9e\u9a8c\u5ba4\u70e7\u7ed3\u5de5\u4f5c\u7ad9", "noteEn": "", "createTime": "2025-08-21 17:41:25", "updateTime": "2025-08-22 09:34:52", "paramUrl": "", "modelCode": null, "modelName": null, "modelImages": null, "definer": 1, "equipManufacturerCode": null, "equipManufacturerName": null, "actions": [], "allocates": [], "commands": [], "containerSettings": [], "variables": [], "resultSetting": {"url": "", "type": "", "preview": false}, "ignoreMaterial": false, "defaultVersion": true, "updatedActions": null}