{"id": 1690656219890688, "version": "1.0", "code": "ustc_photocatalysis", "name": "\u5149\u50ac\u5316", "noteCn": "\u5149\u50ac\u5316", "noteEn": "photocatalysis", "createTime": "2025-08-27 13:52:13", "updateTime": "2025-08-31 10:34:50", "paramUrl": "", "modelCode": null, "modelName": null, "modelImages": null, "definer": 1, "equipManufacturerCode": null, "equipManufacturerName": null, "actions": [{"id": 1897802270901248, "code": "open", "name": "\u5f00\u706f", "noteCn": "\u5f00\u706f", "noteEn": "open", "translator": "default", "translatorArgs": {"url": "/photocatalysis/operate/light", "method": "POST"}, "recommend": null, "params": [{"paramCode": "operate", "paramName": "\u5f00\u706f", "ioType": "CONSTANT", "dataType": "string", "value": null, "defaultValue": "open", "script": null, "required": 1, "advanced": null, "timeFlag": null, "elementDataType": "", "bindDataType": "", "bindDataTypeProperty": null, "property": null, "childParams": [], "constraintType": "", "constraintValue": "", "constraintValueEn": "", "unitTypeCode": null, "unitTypeName": null, "noteCn": null, "noteEn": null, "flatten": false, "selectorType": null, "selection": null}, {"paramCode": "value", "paramName": "\u4f4d\u7f6e", "ioType": "INPUT", "dataType": "object", "value": null, "defaultValue": "open", "script": null, "required": 1, "advanced": null, "timeFlag": null, "elementDataType": "", "bindDataType": "", "bindDataTypeProperty": null, "property": null, "childParams": [{"paramCode": "light_1", "paramName": "\u7b2c\u4e00\u6392\u706f", "ioType": "INPUT", "dataType": "string", "value": null, "defaultValue": "0", "script": null, "required": 1, "advanced": null, "timeFlag": null, "elementDataType": null, "bindDataType": null, "bindDataTypeProperty": null, "property": null, "childParams": null, "constraintType": "ENUM", "constraintValue": "[{\"label\":\"\u5173\u706f\",\"value\":\"0\"},{\"label\":\"\u5f00\u706f\",\"value\":\"1\"}]", "constraintValueEn": "", "unitTypeCode": null, "unitTypeName": "", "noteCn": null, "noteEn": null, "flatten": false, "selectorType": null, "selection": null}, {"paramCode": "light_2", "paramName": "\u7b2c\u4e8c\u6392\u706f", "ioType": "INPUT", "dataType": "string", "value": null, "defaultValue": "0", "script": null, "required": 1, "advanced": null, "timeFlag": null, "elementDataType": null, "bindDataType": null, "bindDataTypeProperty": null, "property": null, "childParams": null, "constraintType": "ENUM", "constraintValue": "[{\"label\":\"\u5173\u706f\",\"value\":\"0\"},{\"label\":\"\u5f00\u706f\",\"value\":\"1\"}]", "constraintValueEn": "", "unitTypeCode": null, "unitTypeName": "", "noteCn": null, "noteEn": null, "flatten": false, "selectorType": null, "selection": null}, {"paramCode": "light_3", "paramName": "\u7b2c\u4e09\u6392\u706f", "ioType": "INPUT", "dataType": "string", "value": null, "defaultValue": "0", "script": null, "required": 1, "advanced": null, "timeFlag": null, "elementDataType": null, "bindDataType": null, "bindDataTypeProperty": null, "property": null, "childParams": null, "constraintType": "ENUM", "constraintValue": "[{\"label\":\"\u5173\u706f\",\"value\":\"0\"},{\"label\":\"\u5f00\u706f\",\"value\":\"1\"}]", "constraintValueEn": "", "unitTypeCode": null, "unitTypeName": "", "noteCn": null, "noteEn": null, "flatten": false, "selectorType": null, "selection": null}, {"paramCode": "light_4", "paramName": "\u7b2c\u56db\u6392\u706f", "ioType": "INPUT", "dataType": "string", "value": null, "defaultValue": "0", "script": null, "required": 1, "advanced": null, "timeFlag": null, "elementDataType": null, "bindDataType": null, "bindDataTypeProperty": null, "property": null, "childParams": null, "constraintType": "ENUM", "constraintValue": "[{\"label\":\"\u5173\u706f\",\"value\":\"0\"},{\"label\":\"\u5f00\u706f\",\"value\":\"1\"}]", "constraintValueEn": "", "unitTypeCode": null, "unitTypeName": "", "noteCn": null, "noteEn": "", "flatten": false, "selectorType": null, "selection": null}], "constraintType": "", "constraintValue": "", "constraintValueEn": "", "unitTypeCode": null, "unitTypeName": null, "noteCn": null, "noteEn": null, "flatten": false, "selectorType": null, "selection": null}]}, {"id": 1897802270901249, "code": "time", "name": "\u7167\u5c04\u65f6\u95f4", "noteCn": "\u7167\u5c04\u65f6\u95f4", "noteEn": "time", "translator": "default", "translatorArgs": {"url": "/photocatalysis/operate/light", "method": "POST"}, "recommend": null, "params": [{"paramCode": "operate", "paramName": "operate", "ioType": "CONSTANT", "dataType": "string", "value": null, "defaultValue": "time", "script": null, "required": 1, "advanced": null, "timeFlag": null, "elementDataType": "", "bindDataType": "", "bindDataTypeProperty": null, "property": null, "childParams": [], "constraintType": null, "constraintValue": "", "constraintValueEn": "", "unitTypeCode": null, "unitTypeName": "\u5206\u949f", "noteCn": null, "noteEn": null, "flatten": false, "selectorType": null, "selection": null}, {"paramCode": "value", "paramName": "\u65f6\u95f4", "ioType": "INPUT", "dataType": "int", "value": null, "defaultValue": "1", "script": null, "required": 1, "advanced": null, "timeFlag": null, "elementDataType": "", "bindDataType": "", "bindDataTypeProperty": null, "property": null, "childParams": [], "constraintType": "RANGE", "constraintValue": "[1,2880]", "constraintValueEn": "", "unitTypeCode": null, "unitTypeName": "\u5206\u949f", "noteCn": null, "noteEn": null, "flatten": false, "selectorType": null, "selection": null}]}, {"id": 1897802270901250, "code": "closeall", "name": "\u5173\u95ed\u6240\u6709\u706f", "noteCn": "\u5173\u95ed\u6240\u6709\u706f", "noteEn": "open", "translator": "default", "translatorArgs": {"url": "/photocatalysis/operate/light", "method": "POST"}, "recommend": null, "params": [{"paramCode": "operate", "paramName": "\u5173\u95ed\u6240\u6709\u706f", "ioType": "CONSTANT", "dataType": "string", "value": null, "defaultValue": "close", "script": null, "required": 1, "advanced": null, "timeFlag": null, "elementDataType": "", "bindDataType": "", "bindDataTypeProperty": null, "property": null, "childParams": [], "constraintType": "", "constraintValue": "", "constraintValueEn": "", "unitTypeCode": null, "unitTypeName": null, "noteCn": null, "noteEn": null, "flatten": false, "selectorType": null, "selection": null}, {"paramCode": "value", "paramName": "\u4f4d\u7f6e", "ioType": "CONSTANT", "dataType": "object", "value": null, "defaultValue": "{}", "script": null, "required": 1, "advanced": null, "timeFlag": null, "elementDataType": "", "bindDataType": "", "bindDataTypeProperty": null, "property": null, "childParams": [{"paramCode": "light_1", "paramName": "\u7b2c\u4e00\u6392\u706f", "ioType": "INPUT", "dataType": "string", "value": null, "defaultValue": "1", "script": null, "required": 1, "advanced": null, "timeFlag": null, "elementDataType": null, "bindDataType": null, "bindDataTypeProperty": null, "property": null, "childParams": null, "constraintType": "ENUM", "constraintValue": "[{\"label\":\"\u5173\u706f\",\"value\":\"0\"},{\"label\":\"\u5f00\u706f\",\"value\":\"1\"}]", "constraintValueEn": "", "unitTypeCode": null, "unitTypeName": "", "noteCn": null, "noteEn": null, "flatten": false, "selectorType": null, "selection": null}, {"paramCode": "light_2", "paramName": "\u7b2c\u4e8c\u6392\u706f", "ioType": "INPUT", "dataType": "string", "value": null, "defaultValue": "1", "script": null, "required": 1, "advanced": null, "timeFlag": null, "elementDataType": null, "bindDataType": null, "bindDataTypeProperty": null, "property": null, "childParams": null, "constraintType": "ENUM", "constraintValue": "[{\"label\":\"\u5173\u706f\",\"value\":\"0\"},{\"label\":\"\u5f00\u706f\",\"value\":\"1\"}]", "constraintValueEn": "", "unitTypeCode": null, "unitTypeName": "", "noteCn": null, "noteEn": null, "flatten": false, "selectorType": null, "selection": null}, {"paramCode": "light_3", "paramName": "\u7b2c\u4e09\u6392\u706f", "ioType": "INPUT", "dataType": "string", "value": null, "defaultValue": "1", "script": null, "required": 1, "advanced": null, "timeFlag": null, "elementDataType": null, "bindDataType": null, "bindDataTypeProperty": null, "property": null, "childParams": null, "constraintType": "ENUM", "constraintValue": "[{\"label\":\"\u5173\u706f\",\"value\":\"0\"},{\"label\":\"\u5f00\u706f\",\"value\":\"1\"}]", "constraintValueEn": "", "unitTypeCode": null, "unitTypeName": "", "noteCn": null, "noteEn": null, "flatten": false, "selectorType": null, "selection": null}, {"paramCode": "light_4", "paramName": "\u7b2c\u56db\u6392\u706f", "ioType": "INPUT", "dataType": "string", "value": null, "defaultValue": "1", "script": null, "required": 1, "advanced": null, "timeFlag": null, "elementDataType": null, "bindDataType": null, "bindDataTypeProperty": null, "property": null, "childParams": null, "constraintType": "ENUM", "constraintValue": "[{\"label\":\"\u5173\u706f\",\"value\":\"0\"},{\"label\":\"\u5f00\u706f\",\"value\":\"1\"}]", "constraintValueEn": "", "unitTypeCode": null, "unitTypeName": "", "noteCn": null, "noteEn": "", "flatten": false, "selectorType": null, "selection": null}], "constraintType": "", "constraintValue": "", "constraintValueEn": "", "unitTypeCode": null, "unitTypeName": null, "noteCn": null, "noteEn": null, "flatten": false, "selectorType": null, "selection": null}]}], "allocates": [{"containerTypeCode": "bottle", "maxHandleSize": 20}], "commands": [{"code": "allocation", "name": "\u5206\u914d\u5bb9\u5668", "noteCn": null, "noteEn": null, "actionCode": "allocate_container", "actionName": "\u5206\u914d\u5bb9\u5668\u6307\u4ee4", "params": [{"paramCode": "containerType", "value": "[{\"minCount\":\"1\",\"maxCount\":\"100\",\"containerTypeCode\":\"bottle\",\"containerTypeName\":\"\u897f\u6797\u74f6\",\"allocateMode\":\"extend\",\"defaultCount\":1}]"}, {"paramCode": "allocateOrder", "value": "small"}, {"paramCode": "allocateWorkstations", "value": "[]"}]}, {"code": "put", "name": "\u653e\u7f6e\u5bb9\u5668", "noteCn": null, "noteEn": null, "actionCode": "put", "actionName": "put\u6307\u4ee4", "params": [{"paramCode": "containerType", "value": "{\"containerTypeCode\":\"bottle\",\"containerTypeName\":\"\u897f\u6797\u74f6\"}"}, {"paramCode": "slotType", "value": "{}"}, {"paramCode": "robotCodes", "value": "[]"}, {"paramCode": "fromOrder", "value": "undefined"}, {"paramCode": "toOrder", "value": "undefined"}, {"paramCode": "storageWorkstation", "value": "{}"}, {"paramCode": "userDefinedPos", "value": "undefined"}, {"paramCode": "withParentContainerType", "value": "{}"}]}, {"code": "take", "name": "\u62ff\u53d6\u5bb9\u5668", "noteCn": null, "noteEn": null, "actionCode": "take", "actionName": "take\u6307\u4ee4", "params": [{"paramCode": "containerType", "value": "{\"containerTypeCode\":\"bottle\",\"containerTypeName\":\"\u897f\u6797\u74f6\"}"}, {"paramCode": "slotType", "value": "{}"}, {"paramCode": "robotCodes", "value": "[]"}, {"paramCode": "fromOrder", "value": "undefined"}, {"paramCode": "toOrder", "value": "undefined"}, {"paramCode": "storageWorkstation", "value": "{}"}, {"paramCode": "userDefinedPos", "value": "undefined"}, {"paramCode": "withParentContainerType", "value": "{}"}]}], "containerSettings": [{"typeId": 881569021068288, "typeCode": "bottle_slot", "typeName": "\u897f\u6797\u74f6\u69fd\u4f4d", "containerType": "slot", "allCount": 20, "children": []}], "variables": [], "resultSetting": {"url": "", "type": "", "preview": false}, "ignoreMaterial": false, "defaultVersion": true, "updatedActions": null}