{"id": 1696728620696576, "version": "303\u8c31\u5b66", "code": "microplate_reader_303", "name": "\u9176\u6807\u4eea303\u8c31\u5b66", "noteCn": "\u9176\u6807\u4eea\u662f\u4e00\u79cd\u7528\u4e8e\u9176\u8054\u514d\u75ab\u5438\u9644\u6d4b\u5b9a\uff08ELISA\uff09\u7b49\u5b9e\u9a8c\u7684\u4eea\u5668\u3002\u5b83\u901a\u8fc7\u68c0\u6d4b\u9176\u6807\u8bb0\u7269\u4e0e\u5e95\u7269\u53cd\u5e94\u540e\u4ea7\u751f\u7684\u989c\u8272\u53d8\u5316\u6765\u5b9a\u91cf\u5206\u6790\u6837\u54c1\u4e2d\u7684\u76ee\u6807\u7269\u8d28\u3002\u5728\u751f\u7269\u533b\u5b66\u7814\u7a76\u4e2d\uff0c\u53ef\u7528\u4e8e\u68c0\u6d4b\u8840\u6db2\u4e2d\u7684\u6297\u4f53\u3001\u6297\u539f\u542b\u91cf\uff0c\u8fdb\u884c\u75be\u75c5\u7684\u8bca\u65ad\u548c\u76d1\u6d4b\u3002\u5728\u751f\u547d\u79d1\u5b66\u5b9e\u9a8c\u4e2d\uff0c\u4e5f\u53ef\u7528\u4e8e\u5206\u6790\u7ec6\u80de\u56e0\u5b50\u3001\u86cb\u767d\u8d28\u7b49\u751f\u7269\u5206\u5b50\u7684\u6d53\u5ea6\uff0c\u4e3a\u79d1\u7814\u4eba\u5458\u63d0\u4f9b\u51c6\u786e\u7684\u5b9e\u9a8c\u6570\u636e\uff0c\u63a8\u52a8\u76f8\u5173\u9886\u57df\u7684\u7814\u7a76\u8fdb\u5c55\u3002", "noteEn": "", "createTime": "2025-08-29 17:20:48", "updateTime": "2025-11-07 19:42:38", "paramUrl": "", "modelCode": null, "modelName": null, "modelImages": null, "definer": 0, "equipManufacturerCode": "ACK", "equipManufacturerName": "\u5e1d\u80af\uff08\u4e0a\u6d77\uff09\u5b9e\u9a8c\u5668\u6750\u6709\u9650\u516c\u53f8", "actions": [{"id": 1897802271720448, "code": "start", "name": "\u5f00\u59cb\u9176\u6807\u4eea\u6d4b\u8bd5", "noteCn": null, "noteEn": null, "translator": "default", "translatorArgs": {"url": "/command", "method": "POST"}, "recommend": null, "params": [{"paramCode": "operation", "paramName": "\u64cd\u4f5c\u7b26", "ioType": "CONSTANT", "dataType": "string", "value": null, "defaultValue": "start", "script": null, "required": 1, "advanced": null, "timeFlag": null, "elementDataType": null, "bindDataType": null, "bindDataTypeProperty": null, "property": null, "childParams": [], "constraintType": null, "constraintValue": "", "constraintValueEn": "", "unitTypeCode": null, "unitTypeName": null, "noteCn": null, "noteEn": null, "flatten": false, "selectorType": null, "selection": null}, {"paramCode": "template", "paramName": "\u6a21\u677f\u6587\u4ef6\u9009\u62e9", "ioType": "INPUT", "dataType": "object", "value": null, "defaultValue": null, "script": null, "required": 0, "advanced": null, "timeFlag": null, "elementDataType": "", "bindDataType": "microplate_reader_template", "bindDataTypeProperty": null, "property": null, "childParams": [{"paramCode": "template", "paramName": "value", "ioType": "INPUT", "dataType": "string", "value": null, "defaultValue": null, "script": null, "required": 1, "advanced": null, "timeFlag": null, "elementDataType": null, "bindDataType": null, "bindDataTypeProperty": null, "property": "value", "childParams": null, "constraintType": null, "constraintValue": "", "constraintValueEn": "", "unitTypeCode": null, "unitTypeName": null, "noteCn": null, "noteEn": null, "flatten": false, "selectorType": null, "selection": null}], "constraintType": null, "constraintValue": "", "constraintValueEn": "", "unitTypeCode": null, "unitTypeName": null, "noteCn": null, "noteEn": null, "flatten": false, "selectorType": null, "selection": null}, {"paramCode": "result_file", "paramName": "\u7ed3\u679c\u6587\u4ef6\u540d", "ioType": "INPUT", "dataType": "string", "value": null, "defaultValue": null, "script": null, "required": 1, "advanced": null, "timeFlag": null, "elementDataType": null, "bindDataType": null, "bindDataTypeProperty": null, "property": null, "childParams": [], "constraintType": null, "constraintValue": "", "constraintValueEn": "", "unitTypeCode": null, "unitTypeName": null, "noteCn": null, "noteEn": null, "flatten": false, "selectorType": null, "selection": null}, {"paramCode": "resultCode", "paramName": "resultCode", "ioType": "OUTPUT", "dataType": "file", "value": null, "defaultValue": null, "script": null, "required": 1, "advanced": null, "timeFlag": null, "elementDataType": "", "bindDataType": "", "bindDataTypeProperty": null, "property": null, "childParams": [], "constraintType": null, "constraintValue": "", "constraintValueEn": "", "unitTypeCode": null, "unitTypeName": null, "noteCn": null, "noteEn": null, "flatten": false, "selectorType": null, "selection": null}]}, {"id": 1897802271720449, "code": "open", "name": "\u6253\u5f00\u8231\u95e8", "noteCn": null, "noteEn": null, "translator": "default", "translatorArgs": {"url": "/command", "method": "POST"}, "recommend": null, "params": [{"paramCode": "operation", "paramName": "\u64cd\u4f5c\u7b26", "ioType": "CONSTANT", "dataType": "string", "value": null, "defaultValue": "open", "script": null, "required": 1, "advanced": null, "timeFlag": null, "elementDataType": null, "bindDataType": null, "bindDataTypeProperty": null, "property": null, "childParams": [], "constraintType": null, "constraintValue": "", "constraintValueEn": "", "unitTypeCode": null, "unitTypeName": null, "noteCn": null, "noteEn": null, "flatten": false, "selectorType": null, "selection": null}]}, {"id": 1897802271720450, "code": "close", "name": "\u5173\u95ed\u8231\u95e8", "noteCn": null, "noteEn": null, "translator": "default", "translatorArgs": {"url": "/command", "method": "POST"}, "recommend": null, "params": [{"paramCode": "operation", "paramName": "\u64cd\u4f5c\u7b26", "ioType": "CONSTANT", "dataType": "string", "value": null, "defaultValue": "close", "script": null, "required": 1, "advanced": null, "timeFlag": null, "elementDataType": null, "bindDataType": null, "bindDataTypeProperty": null, "property": null, "childParams": [], "constraintType": null, "constraintValue": "", "constraintValueEn": "", "unitTypeCode": null, "unitTypeName": null, "noteCn": null, "noteEn": null, "flatten": false, "selectorType": null, "selection": null}]}], "allocates": [{"containerTypeCode": "96_hole_plate", "maxHandleSize": 1}], "commands": [{"code": "allocation", "name": "\u5206\u914d\u5bb9\u5668", "noteCn": null, "noteEn": null, "actionCode": "allocate_container", "actionName": "allocate\u5206\u914d\u5bb9\u5668\u6307\u4ee4", "params": [{"paramCode": "containerType", "value": "[{\"minCount\":\"1\",\"maxCount\":1,\"containerTypeCode\":\"96_hole_plate\",\"containerTypeName\":\"96\u5b54\u677f\",\"allocateMode\":\"extend\",\"defaultCount\":1}]"}, {"paramCode": "allocateOrder", "value": "small"}, {"paramCode": "allocateWorkstations", "value": "[]"}]}, {"code": "put", "name": "\u653e\u7f6e\u5bb9\u5668", "noteCn": null, "noteEn": null, "actionCode": "put", "actionName": "put\u6307\u4ee4", "params": [{"paramCode": "containerType", "value": "{\"containerTypeCode\":\"96_hole_plate\",\"containerTypeName\":\"96\u5b54\u677f\"}"}, {"paramCode": "slotType", "value": "{}"}, {"paramCode": "robotCodes", "value": "[{\"robotCode\":\"ur_303_spectroscopy_robot\",\"robotName\":\"\u4f18\u50b2_303\u8c31\u5b66\u5e73\u53f0\u673a\u68b0\u81c2\"}]"}, {"paramCode": "fromOrder", "value": "small"}, {"paramCode": "toOrder", "value": "small"}, {"paramCode": "storageWorkstation", "value": "{}"}, {"paramCode": "userDefinedPos", "value": "undefined"}, {"paramCode": "withParentContainerType", "value": "{}"}]}, {"code": "take", "name": "\u62ff\u53d6\u5bb9\u5668", "noteCn": null, "noteEn": null, "actionCode": "take", "actionName": "take\u6307\u4ee4", "params": [{"paramCode": "containerType", "value": "{\"containerTypeCode\":\"96_hole_plate\",\"containerTypeName\":\"96\u5b54\u677f\"}"}, {"paramCode": "slotType", "value": "{}"}, {"paramCode": "robotCodes", "value": "[{\"robotCode\":\"ur_303_spectroscopy_robot\",\"robotName\":\"\u4f18\u50b2_303\u8c31\u5b66\u5e73\u53f0\u673a\u68b0\u81c2\"}]"}, {"paramCode": "fromOrder", "value": "small"}, {"paramCode": "toOrder", "value": "small"}, {"paramCode": "storageWorkstation", "value": "{\"workstationCode\":\"put_workstation_303_spectroscopy\",\"workstationName\":\"303\u8c31\u5b66\u5e73\u53f0\u7f6e\u7269\u5de5\u4f5c\u7ad9\"}"}, {"paramCode": "userDefinedPos", "value": "undefined"}, {"paramCode": "withParentContainerType", "value": "{}"}]}, {"code": "common", "name": "\u901a\u7528\u6307\u4ee4", "noteCn": null, "noteEn": null, "actionCode": "common", "actionName": "common\u901a\u7528\u6307\u4ee4", "params": [{"paramCode": "robotCodes", "value": "[{\"robotCode\":\"ur_303_spectroscopy_robot\",\"robotName\":\"\u4f18\u50b2_303\u8c31\u5b66\u5e73\u53f0\u673a\u68b0\u81c2\"}]"}]}, {"code": "lock", "name": "\u72ec\u5360\u673a\u68b0\u81c2", "noteCn": "\u72ec\u5360\u673a\u68b0\u81c2", "noteEn": "lock", "actionCode": "lock", "actionName": "lock\u52a0\u9501\u6307\u4ee4", "params": [{"paramCode": "robotList", "value": "[{\"robotCode\":\"ur_303_spectroscopy_robot\",\"robotName\":\"\u4f18\u50b2_303\u8c31\u5b66\u5e73\u53f0\u673a\u68b0\u81c2\"}]"}]}, {"code": "unlock", "name": "\u91ca\u653e\u673a\u68b0\u81c2", "noteCn": "\u91ca\u653e\u673a\u68b0\u81c2", "noteEn": "unlock", "actionCode": "unlock", "actionName": "unlock\u89e3\u9501\u6307\u4ee4", "params": [{"paramCode": "robotList", "value": "[{\"robotCode\":\"ur_303_spectroscopy_robot\",\"robotName\":\"\u4f18\u50b2_303\u8c31\u5b66\u5e73\u53f0\u673a\u68b0\u81c2\"}]"}]}], "containerSettings": [{"typeId": 1514900981777408, "typeCode": "96_hole_plate_slot", "typeName": "96\u5b54\u677f\u69fd\u4f4d", "containerType": "slot", "allCount": 1, "children": []}], "variables": [], "resultSetting": {"url": "", "type": "", "preview": false}, "ignoreMaterial": false, "defaultVersion": true, "updatedActions": null}