{"id": 1698915814605824, "version": "303-\u53cc\u81c2\u5408\u6210", "code": "hts", "name": "\u5408\u6210\u5de5\u4f5c\u7ad9", "noteCn": "303\u53cc\u81c2\u5408\u6210\u5de5\u4f5c\u7ad9", "noteEn": "", "createTime": "2025-08-30 11:53:16", "updateTime": "2025-09-11 15:24:20", "paramUrl": "", "modelCode": null, "modelName": null, "modelImages": null, "definer": 1, "equipManufacturerCode": null, "equipManufacturerName": null, "actions": [{"id": 1897802271949824, "code": "start", "name": "\u5f00\u59cb\u5408\u6210", "noteCn": "\u5f00\u59cb\u5408\u6210", "noteEn": "start", "translator": "default", "translatorArgs": {"url": "/command", "method": "POST"}, "recommend": null, "params": [{"paramCode": "operation", "paramName": "\u64cd\u4f5c\u6307\u4ee4", "ioType": "CONSTANT", "dataType": "string", "value": null, "defaultValue": "start", "script": null, "required": 1, "advanced": null, "timeFlag": null, "elementDataType": null, "bindDataType": null, "bindDataTypeProperty": null, "property": null, "childParams": [], "constraintType": null, "constraintValue": "", "constraintValueEn": "", "unitTypeCode": null, "unitTypeName": null, "noteCn": "\u64cd\u4f5c\u6307\u4ee4", "noteEn": "start", "flatten": false, "selectorType": null, "selection": null}]}, {"id": 1897802271949825, "code": "online", "name": "\u5f3a\u5236\u4e0a\u7ebf", "noteCn": "\u5f3a\u5236\u4e0a\u7ebf", "noteEn": "online", "translator": "default", "translatorArgs": {"url": "/online", "method": "POST"}, "recommend": null, "params": [{"paramCode": "operation", "paramName": "\u64cd\u4f5c\u6307\u4ee4", "ioType": "CONSTANT", "dataType": "string", "value": null, "defaultValue": "online", "script": null, "required": 1, "advanced": null, "timeFlag": null, "elementDataType": null, "bindDataType": null, "bindDataTypeProperty": null, "property": null, "childParams": [], "constraintType": null, "constraintValue": "", "constraintValueEn": "", "unitTypeCode": null, "unitTypeName": null, "noteCn": null, "noteEn": null, "flatten": false, "selectorType": null, "selection": null}]}], "allocates": [{"containerTypeCode": "bottle_storage", "maxHandleSize": 4}], "commands": [{"code": "allocation", "name": "\u5bb9\u5668\u5206\u914d", "noteCn": "\u5bb9\u5668\u5206\u914d", "noteEn": "allocation", "actionCode": "allocate_container", "actionName": "allocate\u5206\u914d\u5bb9\u5668\u6307\u4ee4", "params": [{"paramCode": "containerType", "value": "[{\"minCount\":0,\"maxCount\":10,\"containerTypeCode\":\"bottle_storage\",\"containerTypeName\":\"\u8fdb\u6837\u74f6\",\"allocateMode\":\"extend\",\"defaultCount\":4}]"}, {"paramCode": "allocateOrder", "value": "small"}, {"paramCode": "allocateWorkstations", "value": "[]"}]}, {"code": "take", "name": "\u62ff\u53d6\u5bb9\u5668", "noteCn": "\u62ff\u53d6\u5bb9\u5668", "noteEn": "take", "actionCode": "take", "actionName": "take\u6307\u4ee4", "params": [{"paramCode": "containerType", "value": "{\"containerTypeCode\":\"bottle_storage\",\"containerTypeName\":\"\u8fdb\u6837\u74f6\"}"}, {"paramCode": "slotType", "value": "{}"}, {"paramCode": "robotCodes", "value": "[{\"robotCode\":\"hf_robot_4\",\"robotName\":\"\u822a\u53d1_303\"}]"}, {"paramCode": "fromOrder", "value": "small"}, {"paramCode": "toOrder", "value": "small"}, {"paramCode": "storageWorkstation", "value": "{}"}, {"paramCode": "userDefinedPos", "value": ""}, {"paramCode": "withParentContainerType", "value": "{\"containerTypeCode\":\"rack\",\"containerTypeName\":\"\u6837\u54c1\u67b6\"}"}]}], "containerSettings": [{"typeId": 881570976007168, "typeCode": "rack_slot", "typeName": "\u6837\u54c1\u67b6\u69fd\u4f4d", "containerType": "slot", "allCount": 1, "children": [{"typeId": 883795617580032, "typeCode": "rack", "typeName": "\u6837\u54c1\u67b6", "containerType": "container", "allCount": 1, "children": [{"typeId": 1390279958430720, "typeCode": "slot_bottle_storage", "typeName": "\u8fdb\u6837\u74f6\u69fd\u4f4d", "containerType": "slot", "allCount": 4, "children": [{"typeId": 1390281083257856, "typeCode": "bottle_storage", "typeName": "\u8fdb\u6837\u74f6", "containerType": "container", "allCount": 4, "children": []}]}]}]}], "variables": [], "resultSetting": {"url": "", "type": "", "preview": false}, "ignoreMaterial": false, "defaultVersion": true, "updatedActions": null}