{"id": 1701705844491264, "version": "1.0", "code": "federation_k_confirm", "name": "\u8054\u90a6\u5b66\u4e60K\u503c\u786e\u8ba4", "noteCn": "\u8054\u90a6\u5b66\u4e60K\u503c\u786e\u8ba4", "noteEn": "", "createTime": "2025-08-31 11:32:21", "updateTime": "2025-08-31 16:27:32", "paramUrl": "", "modelCode": null, "modelName": null, "modelImages": null, "definer": 1, "equipManufacturerCode": null, "equipManufacturerName": null, "actions": [{"id": 1897802271130630, "code": "start", "name": "start", "noteCn": "K\u503c\u8ba1\u7b97", "noteEn": "K\u503c\u8ba1\u7b97", "translator": "default", "translatorArgs": {"url": "/command", "method": "POST"}, "recommend": null, "params": [{"paramCode": "operation", "paramName": "K\u503c\u8ba1\u7b97", "ioType": "CONSTANT", "dataType": "string", "value": null, "defaultValue": "k_confirm", "script": null, "required": 1, "advanced": null, "timeFlag": null, "elementDataType": null, "bindDataType": null, "bindDataTypeProperty": null, "property": null, "childParams": [], "constraintType": null, "constraintValue": "", "constraintValueEn": "", "unitTypeCode": null, "unitTypeName": null, "noteCn": null, "noteEn": null, "flatten": false, "selectorType": null, "selection": null}, {"paramCode": "emails", "paramName": "K\u503c\u901a\u77e5", "ioType": "INPUT", "dataType": "array", "value": null, "defaultValue": "", "script": null, "required": 1, "advanced": null, "timeFlag": null, "elementDataType": "object", "bindDataType": "", "bindDataTypeProperty": null, "property": null, "childParams": [{"paramCode": "mail", "paramName": "\u90ae\u4ef6", "ioType": "INPUT", "dataType": "string", "value": null, "defaultValue": null, "script": null, "required": 1, "advanced": null, "timeFlag": null, "elementDataType": null, "bindDataType": null, "bindDataTypeProperty": null, "property": null, "childParams": null, "constraintType": "MAIL", "constraintValue": "", "constraintValueEn": "", "unitTypeCode": null, "unitTypeName": null, "noteCn": null, "noteEn": null, "flatten": false, "selectorType": null, "selection": null}], "constraintType": null, "constraintValue": "", "constraintValueEn": "", "unitTypeCode": null, "unitTypeName": null, "noteCn": null, "noteEn": null, "flatten": false, "selectorType": null, "selection": null}]}], "allocates": [], "commands": [], "containerSettings": [], "variables": [], "resultSetting": {"url": "", "type": "", "preview": false}, "ignoreMaterial": false, "defaultVersion": true, "updatedActions": null}