{"id": 1704649209021440, "version": "306\u9176\u6807-\u7f6e\u7269\u5de5\u4f5c\u7ad9", "code": "elec_chem_storage_workstation", "name": "\u7f6e\u7269\u5de5\u4f5c\u7ad9", "noteCn": "\u6837\u54c1\u9759\u7f6e\u5de5\u4f5c\u7ad9\u4e3a\u6837\u54c1\u63d0\u4f9b\u4e00\u4e2a\u7a33\u5b9a\u3001\u5b89\u9759\u7684\u73af\u5883\uff0c\u7528\u4e8e\u6837\u54c1\u7684\u9759\u7f6e\u548c\u5e73\u8861\u3002\u5728\u4e00\u4e9b\u5b9e\u9a8c\u4e2d\uff0c\u6837\u54c1\u5728\u5904\u7406\u540e\u9700\u8981\u4e00\u5b9a\u7684\u65f6\u95f4\u8fdb\u884c\u9759\u7f6e\uff0c\u4ee5\u8fbe\u5230\u7a33\u5b9a\u7684\u72b6\u6001\u6216\u4f7f\u67d0\u4e9b\u53cd\u5e94\u5145\u5206\u8fdb\u884c\u3002\u8be5\u5de5\u4f5c\u7ad9\u53ef\u4ee5\u7cbe\u786e\u63a7\u5236\u73af\u5883\u7684\u6e29\u5ea6\u3001\u6e7f\u5ea6\u7b49\u6761\u4ef6\uff0c\u786e\u4fdd\u6837\u54c1\u5728\u9759\u7f6e\u8fc7\u7a0b\u4e2d\u4e0d\u53d7\u5916\u754c\u5e72\u6270\u3002\u4f8b\u5982\u5728\u4e00\u4e9b\u5316\u5b66\u5206\u6790\u5b9e\u9a8c\u4e2d\uff0c\u6837\u54c1\u5728\u6df7\u5408\u6216\u53cd\u5e94\u540e\u9700\u8981\u9759\u7f6e\u4e00\u6bb5\u65f6\u95f4\u4ee5\u8fbe\u5230\u5747\u5300\u7684\u72b6\u6001\uff0c\u6837\u54c1\u9759\u7f6e\u5de5\u4f5c\u7ad9\u80fd\u591f\u63d0\u4f9b\u9002\u5b9c\u7684\u6761\u4ef6\uff0c\u4fdd\u8bc1\u5b9e\u9a8c\u7ed3\u679c\u7684\u51c6\u786e\u6027\u3002", "noteEn": "", "createTime": "2025-09-01 12:29:25", "updateTime": "2025-11-07 19:42:38", "paramUrl": "", "modelCode": null, "modelName": null, "modelImages": null, "definer": 0, "equipManufacturerCode": "AFH", "equipManufacturerName": "\u5176\u4ed6", "actions": [], "allocates": [{"containerTypeCode": "96_hole_plate", "maxHandleSize": 1}], "commands": [{"code": "allocation", "name": "\u5bb9\u5668\u5206\u914d", "noteCn": "\u5bb9\u5668\u5206\u914d", "noteEn": "allocation", "actionCode": "allocate_container", "actionName": "\u5206\u914d\u5bb9\u5668\u6307\u4ee4", "params": [{"paramCode": "containerType", "value": "[{\"minCount\":0,\"maxCount\":10,\"containerTypeCode\":\"bottle_storage\",\"containerTypeName\":\"\u8fdb\u6837\u74f6\",\"defaultCount\":0,\"allocateMode\":\"new\"},{\"minCount\":0,\"maxCount\":1,\"containerTypeCode\":\"96_hole_plate\",\"containerTypeName\":\"96\u5b54\u677f\",\"allocateMode\":\"extend\",\"defaultCount\":0}]"}, {"paramCode": "allocateOrder", "value": "small"}, {"paramCode": "allocateWorkstations", "value": "[{\"workstationCode\":\"starting_station_303_spectroscopy\",\"workstationName\":\"303\u8c31\u5b66\u5e73\u53f0\u7269\u6599\u7ad9\"}]"}]}, {"code": "take_96\u5b54\u677f\u62ff\u53d6", "name": "96\u5b54\u677f\u62ff\u53d6", "noteCn": "96\u5b54\u677f\u62ff\u53d6", "noteEn": null, "actionCode": "take", "actionName": "take\u6307\u4ee4", "params": [{"paramCode": "containerType", "value": "{\"containerTypeCode\":\"96_hole_plate\",\"containerTypeName\":\"96\u5b54\u677f\"}"}, {"paramCode": "slotType", "value": "{\"slotTypeCode\":\"\",\"slotTypeName\":\"\"}"}, {"paramCode": "robotCodes", "value": "[]"}, {"paramCode": "fromOrder", "value": "small"}, {"paramCode": "toOrder", "value": "small"}, {"paramCode": "storageWorkstation", "value": "{\"workstationCode\":\"\",\"workstationName\":\"\"}"}, {"paramCode": "userDefinedPos", "value": ""}, {"paramCode": "withParentContainerType", "value": "{}"}]}, {"code": "put_96\u5b54\u677f\u653e\u7f6e", "name": "96\u5b54\u677f\u653e\u7f6e", "noteCn": "96\u5b54\u677f\u653e\u7f6e", "noteEn": null, "actionCode": "put", "actionName": "put\u6307\u4ee4", "params": [{"paramCode": "containerType", "value": "{\"containerTypeCode\":\"96_hole_plate\",\"containerTypeName\":\"96\u5b54\u677f\"}"}, {"paramCode": "slotType", "value": "{\"slotTypeCode\":\"\",\"slotTypeName\":\"\"}"}, {"paramCode": "robotCodes", "value": "[{\"robotCode\":\"hf_2\",\"robotName\":\"\u822a\u53d1_\u7535\u5316\u5b66\"},{\"robotCode\":\"hf_robot_4\",\"robotName\":\"\u822a\u53d1_303\"},{\"robotCode\":\"hf_robot_material\",\"robotName\":\"\u822a\u53d1_\u7269\u6599\u7ad9\"}]"}, {"paramCode": "fromOrder", "value": "small"}, {"paramCode": "toOrder", "value": "small"}, {"paramCode": "storageWorkstation", "value": "{}"}, {"paramCode": "userDefinedPos", "value": ""}, {"paramCode": "withParentContainerType", "value": "{}"}]}], "containerSettings": [{"typeId": 1514900981777408, "typeCode": "96_hole_plate_slot", "typeName": "96\u5b54\u677f\u69fd\u4f4d", "containerType": "slot", "allCount": 1, "children": [{"typeId": 1514902940877824, "typeCode": "96_hole_plate", "typeName": "96\u5b54\u677f", "containerType": "container", "allCount": 1, "children": []}]}], "variables": [], "resultSetting": {"url": "", "type": "", "preview": false}, "ignoreMaterial": false, "defaultVersion": false, "updatedActions": null}