{"id": 1707105239630848, "version": "1.0", "code": "ustc_combine_comfirm", "name": "\u5408\u6210\u786e\u8ba4\u5de5\u4f5c\u7ad9", "noteCn": "\u5408\u6210\u786e\u8ba4\u5de5\u4f5c\u7ad9", "noteEn": "\u5408\u6210\u786e\u8ba4\u5de5\u4f5c\u7ad9", "createTime": "2025-09-02 09:18:37", "updateTime": "2025-09-02 09:18:58", "paramUrl": "", "modelCode": null, "modelName": null, "modelImages": null, "definer": 1, "equipManufacturerCode": null, "equipManufacturerName": null, "actions": [{"id": 1897802271917064, "code": "start", "name": "start", "noteCn": "K\u503c\u8ba1\u7b97", "noteEn": "K\u503c\u8ba1\u7b97", "translator": "default", "translatorArgs": {"url": "/command", "method": "POST"}, "recommend": null, "params": [{"paramCode": "operation", "paramName": "K\u503c\u8ba1\u7b97", "ioType": "CONSTANT", "dataType": "string", "value": null, "defaultValue": "combine_confirm", "script": null, "required": 1, "advanced": null, "timeFlag": null, "elementDataType": null, "bindDataType": null, "bindDataTypeProperty": null, "property": null, "childParams": [], "constraintType": null, "constraintValue": "", "constraintValueEn": "", "unitTypeCode": null, "unitTypeName": null, "noteCn": null, "noteEn": null, "flatten": false, "selectorType": null, "selection": null}, {"paramCode": "emails", "paramName": "\u5408\u6210\u786e\u8ba4", "ioType": "INPUT", "dataType": "array", "value": null, "defaultValue": "", "script": null, "required": 1, "advanced": null, "timeFlag": null, "elementDataType": "object", "bindDataType": "", "bindDataTypeProperty": null, "property": null, "childParams": [{"paramCode": "mail", "paramName": "\u90ae\u4ef6", "ioType": "INPUT", "dataType": "string", "value": null, "defaultValue": null, "script": null, "required": 1, "advanced": null, "timeFlag": null, "elementDataType": null, "bindDataType": null, "bindDataTypeProperty": null, "property": null, "childParams": null, "constraintType": "MAIL", "constraintValue": "", "constraintValueEn": "", "unitTypeCode": null, "unitTypeName": null, "noteCn": null, "noteEn": null, "flatten": false, "selectorType": null, "selection": null}], "constraintType": null, "constraintValue": "", "constraintValueEn": "", "unitTypeCode": null, "unitTypeName": null, "noteCn": null, "noteEn": null, "flatten": false, "selectorType": null, "selection": null}]}], "allocates": [], "commands": [], "containerSettings": [], "variables": [], "resultSetting": {"url": "", "type": "", "preview": false}, "ignoreMaterial": false, "defaultVersion": true, "updatedActions": null}