{"id": 1834679312417792, "version": "v1.0", "code": "ustc_mul_solid", "name": "\u591a\u901a\u9053\u56fa\u4f53\u8fdb\u6837\u5668", "noteCn": "\u591a\u901a\u9053\u56fa\u4f53\u8fdb\u6837\u5668", "noteEn": "", "createTime": "2025-10-17 10:46:09", "updateTime": "2025-11-06 08:39:39", "paramUrl": "", "modelCode": null, "modelName": null, "modelImages": null, "definer": 1, "equipManufacturerCode": null, "equipManufacturerName": null, "actions": [{"id": 1897802271720451, "code": "project", "name": "\u8fdb\u6599\u65b9\u6848", "noteCn": "\u8fdb\u6599\u65b9\u6848", "noteEn": "\u8fdb\u6599\u65b9\u6848", "translator": "default", "translatorArgs": {"url": "/command", "method": "POST"}, "recommend": null, "params": [{"paramCode": "operation", "paramName": "\u6307\u4ee4", "ioType": "CONSTANT", "dataType": "string", "value": null, "defaultValue": "set_material_command", "script": null, "required": 0, "advanced": null, "timeFlag": null, "elementDataType": null, "bindDataType": null, "bindDataTypeProperty": null, "property": null, "childParams": [], "constraintType": null, "constraintValue": "", "constraintValueEn": "", "unitTypeCode": null, "unitTypeName": null, "noteCn": null, "noteEn": null, "flatten": false, "selectorType": null, "selection": null}, {"paramCode": "data", "paramName": "\u65b9\u6848", "ioType": "INPUT", "dataType": "array", "value": null, "defaultValue": "", "script": null, "required": 0, "advanced": null, "timeFlag": null, "elementDataType": "object", "bindDataType": "", "bindDataTypeProperty": null, "property": null, "childParams": [{"paramCode": "bottle_index", "paramName": "\u8fdb\u6837\u74f6", "ioType": "INPUT", "dataType": "int", "value": null, "defaultValue": null, "script": null, "required": 1, "advanced": null, "timeFlag": null, "elementDataType": null, "bindDataType": null, "bindDataTypeProperty": null, "property": null, "childParams": null, "constraintType": null, "constraintValue": "", "constraintValueEn": "", "unitTypeCode": null, "unitTypeName": null, "noteCn": null, "noteEn": null, "flatten": false, "selectorType": "CONTAINER", "selection": "bottle_storage"}, {"paramCode": "material", "paramName": "\u8fdb\u6599\u4fe1\u606f", "ioType": "INPUT", "dataType": "array", "value": null, "defaultValue": null, "script": null, "required": 1, "advanced": null, "timeFlag": null, "elementDataType": null, "bindDataType": null, "bindDataTypeProperty": null, "property": null, "childParams": [{"paramCode": "material_index", "paramName": "\u7269\u6599\u7f16\u53f7", "ioType": "INPUT", "dataType": "int", "value": null, "defaultValue": "", "script": null, "required": 1, "advanced": null, "timeFlag": null, "elementDataType": "", "bindDataType": "", "bindDataTypeProperty": null, "property": null, "childParams": [], "constraintType": "ENUM", "constraintValue": "[{\"label\": \"\u7269\u65991\", \"value\": \"1\"}, {\"label\": \"\u7269\u65992\", \"value\": \"2\"}, {\"label\": \"\u7269\u65993\", \"value\": \"3\"}, {\"label\": \"\u7269\u65994\", \"value\": \"4\"}, {\"label\": \"\u7269\u65995\", \"value\": \"5\"}, {\"label\": \"\u7269\u65996\", \"value\": \"6\"}, {\"label\": \"\u7269\u65997\", \"value\": \"7\"}, {\"label\": \"\u7269\u65998\", \"value\": \"8\"}, {\"label\": \"\u7269\u65999\", \"value\": \"9\"}, {\"label\": \"\u7269\u659910\", \"value\": \"10\"}, {\"label\": \"\u7269\u659911\", \"value\": \"11\"}, {\"label\": \"\u7269\u659912\", \"value\": \"12\"}, {\"label\": \"\u7269\u659913\", \"value\": \"13\"}, {\"label\": \"\u7269\u659914\", \"value\": \"14\"}, {\"label\": \"\u7269\u659915\", \"value\": \"15\"}, {\"label\": \"\u7269\u659916\", \"value\": \"16\"}, {\"label\": \"\u7269\u659917\", \"value\": \"17\"}, {\"label\": \"\u7269\u659918\", \"value\": \"18\"}, {\"label\": \"\u7269\u659919\", \"value\": \"19\"}, {\"label\": \"\u7269\u659920\", \"value\": \"20\"}, {\"label\": \"\u7269\u659921\", \"value\": \"21\"}, {\"label\": \"\u7269\u659922\", \"value\": \"22\"}, {\"label\": \"\u7269\u659923\", \"value\": \"23\"}, {\"label\": \"\u7269\u659924\", \"value\": \"24\"}, {\"label\": \"\u7269\u659925\", \"value\": \"25\"}, {\"label\": \"\u7269\u659926\", \"value\": \"26\"}, {\"label\": \"\u7269\u659927\", \"value\": \"27\"}, {\"label\": \"\u7269\u659928\", \"value\": \"28\"}, {\"label\": \"\u7269\u659929\", \"value\": \"29\"}, {\"label\": \"\u7269\u659930\", \"value\": \"30\"}]", "constraintValueEn": "", "unitTypeCode": null, "unitTypeName": null, "noteCn": null, "noteEn": null, "flatten": false, "selectorType": null, "selection": null}, {"paramCode": "weight", "paramName": "\u52a0\u6599\u91cf", "ioType": "INPUT", "dataType": "float", "value": null, "defaultValue": "", "script": null, "required": 1, "advanced": null, "timeFlag": null, "elementDataType": "", "bindDataType": "", "bindDataTypeProperty": null, "property": null, "childParams": [], "constraintType": "RANGE", "constraintValue": "(0,40]", "constraintValueEn": "", "unitTypeCode": null, "unitTypeName": "\u7cbe\u5ea60.001g", "noteCn": null, "noteEn": null, "flatten": false, "selectorType": null, "selection": null}], "constraintType": null, "constraintValue": "", "constraintValueEn": "", "unitTypeCode": null, "unitTypeName": null, "noteCn": null, "noteEn": null, "flatten": false, "selectorType": "", "selection": null}], "constraintType": null, "constraintValue": "", "constraintValueEn": "", "unitTypeCode": null, "unitTypeName": null, "noteCn": null, "noteEn": null, "flatten": false, "selectorType": null, "selection": null}]}, {"id": 1897802271720452, "code": "start_handle", "name": "\u624b\u52a8\u4e0a\u6837", "noteCn": "\u624b\u52a8\u4e0a\u6837", "noteEn": "\u624b\u52a8\u4e0a\u6837", "translator": "default", "translatorArgs": {"url": "/command", "method": "POST"}, "recommend": null, "params": [{"paramCode": "operation", "paramName": "\u6307\u4ee4", "ioType": "CONSTANT", "dataType": "string", "value": null, "defaultValue": "start_handle", "script": null, "required": 0, "advanced": null, "timeFlag": null, "elementDataType": null, "bindDataType": null, "bindDataTypeProperty": null, "property": null, "childParams": [], "constraintType": null, "constraintValue": "", "constraintValueEn": "", "unitTypeCode": null, "unitTypeName": null, "noteCn": null, "noteEn": null, "flatten": false, "selectorType": null, "selection": null}]}, {"id": 1897802271720453, "code": "put_over", "name": "\u672c\u8f6e\u653e\u7f6e\u7ed3\u675f", "noteCn": "\u672c\u8f6e\u653e\u7f6e\u7ed3\u675f", "noteEn": "\u672c\u8f6e\u653e\u7f6e\u7ed3\u675f", "translator": "default", "translatorArgs": {"url": "/command", "method": "POST"}, "recommend": null, "params": [{"paramCode": "operation", "paramName": "\u6307\u4ee4", "ioType": "CONSTANT", "dataType": "string", "value": null, "defaultValue": "put_bottle_sucess", "script": null, "required": 1, "advanced": null, "timeFlag": null, "elementDataType": null, "bindDataType": null, "bindDataTypeProperty": null, "property": null, "childParams": [], "constraintType": null, "constraintValue": "", "constraintValueEn": "", "unitTypeCode": null, "unitTypeName": null, "noteCn": null, "noteEn": null, "flatten": false, "selectorType": null, "selection": null}]}, {"id": 1897802271720454, "code": "take_over", "name": "\u672c\u8f6e\u62ff\u53d6\u7ed3\u675f", "noteCn": "\u672c\u8f6e\u62ff\u53d6\u7ed3\u675f", "noteEn": "\u672c\u8f6e\u62ff\u53d6\u7ed3\u675f", "translator": "default", "translatorArgs": {"url": "/command", "method": "POST"}, "recommend": null, "params": [{"paramCode": "operation", "paramName": "\u6307\u4ee4", "ioType": "CONSTANT", "dataType": "string", "value": null, "defaultValue": "take_bottle_sucess", "script": null, "required": 0, "advanced": null, "timeFlag": null, "elementDataType": null, "bindDataType": null, "bindDataTypeProperty": null, "property": null, "childParams": [], "constraintType": null, "constraintValue": "", "constraintValueEn": "", "unitTypeCode": null, "unitTypeName": null, "noteCn": null, "noteEn": null, "flatten": false, "selectorType": null, "selection": null}]}, {"id": 1897802271720455, "code": "start_auto", "name": "\u81ea\u52a8\u5f00\u59cb", "noteCn": "\u81ea\u52a8\u5f00\u59cb", "noteEn": "\u81ea\u52a8\u5f00\u59cb", "translator": "default", "translatorArgs": {"url": "/command", "method": "POST"}, "recommend": null, "params": [{"paramCode": "operation", "paramName": "\u6307\u4ee4", "ioType": "CONSTANT", "dataType": "string", "value": null, "defaultValue": "start_auto", "script": null, "required": 0, "advanced": null, "timeFlag": null, "elementDataType": null, "bindDataType": null, "bindDataTypeProperty": null, "property": null, "childParams": [], "constraintType": null, "constraintValue": "", "constraintValueEn": "", "unitTypeCode": null, "unitTypeName": null, "noteCn": null, "noteEn": null, "flatten": false, "selectorType": null, "selection": null}]}, {"id": 1897802271720456, "code": "set_solid_inject_auto", "name": "\u81ea\u52a8\u52a0\u6837", "noteCn": "\u81ea\u52a8\u52a0\u6837", "noteEn": "\u81ea\u52a8\u52a0\u6837", "translator": "default", "translatorArgs": {"url": "/command", "method": "POST"}, "recommend": null, "params": [{"paramCode": "operation", "paramName": "\u6307\u4ee4", "ioType": "CONSTANT", "dataType": "string", "value": null, "defaultValue": "set_solid_inject_auto", "script": null, "required": 0, "advanced": null, "timeFlag": null, "elementDataType": null, "bindDataType": null, "bindDataTypeProperty": null, "property": null, "childParams": [], "constraintType": null, "constraintValue": "", "constraintValueEn": "", "unitTypeCode": null, "unitTypeName": null, "noteCn": null, "noteEn": null, "flatten": false, "selectorType": null, "selection": null}]}], "allocates": [{"containerTypeCode": "bottle_storage", "maxHandleSize": 20}], "commands": [{"code": "allocation", "name": "\u5206\u914d\u5bb9\u5668", "noteCn": null, "noteEn": null, "actionCode": "allocate_container", "actionName": "\u5206\u914d\u5bb9\u5668\u6307\u4ee4", "params": [{"paramCode": "containerType", "value": "[{\"minCount\":1,\"maxCount\":20,\"containerTypeCode\":\"bottle_storage\",\"containerTypeName\":\"\u8fdb\u6837\u74f6\",\"allocateMode\":\"extend\",\"defaultCount\":1}]"}, {"paramCode": "allocateOrder", "value": "small"}, {"paramCode": "allocateWorkstations", "value": "[]"}]}, {"code": "common", "name": "\u901a\u7528\u6307\u4ee4", "noteCn": "", "noteEn": null, "actionCode": "common", "actionName": "\u901a\u7528\u6307\u4ee4", "params": [{"paramCode": "robotCodes", "value": "[]"}]}, {"code": "put", "name": "\u653e\u7f6e\u5bb9\u5668", "noteCn": null, "noteEn": null, "actionCode": "put", "actionName": "put\u6307\u4ee4", "params": [{"paramCode": "containerType", "value": "{\"containerTypeCode\":\"bottle_storage\",\"containerTypeName\":\"\u8fdb\u6837\u74f6\"}"}, {"paramCode": "slotType", "value": "{\"slotTypeCode\":\"\",\"slotTypeName\":\"\"}"}, {"paramCode": "robotCodes", "value": "[]"}, {"paramCode": "fromOrder", "value": "small"}, {"paramCode": "toOrder", "value": "small"}, {"paramCode": "storageWorkstation", "value": "{}"}, {"paramCode": "userDefinedPos", "value": "undefined"}, {"paramCode": "withParentContainerType", "value": "{}"}]}, {"code": "take", "name": "\u62ff\u53d6\u5bb9\u5668", "noteCn": null, "noteEn": null, "actionCode": "take", "actionName": "take\u6307\u4ee4", "params": [{"paramCode": "containerType", "value": "{\"containerTypeCode\":\"bottle_storage\",\"containerTypeName\":\"\u8fdb\u6837\u74f6\"}"}, {"paramCode": "slotType", "value": "{}"}, {"paramCode": "robotCodes", "value": "[]"}, {"paramCode": "fromOrder", "value": "small"}, {"paramCode": "toOrder", "value": "small"}, {"paramCode": "storageWorkstation", "value": "{}"}, {"paramCode": "userDefinedPos", "value": "undefined"}, {"paramCode": "withParentContainerType", "value": "{}"}]}], "containerSettings": [{"typeId": 1390279958430720, "typeCode": "slot_bottle_storage", "typeName": "\u8fdb\u6837\u74f6\u69fd\u4f4d", "containerType": "slot", "allCount": 20, "children": [{"typeId": 1390281083257856, "typeCode": "bottle_storage", "typeName": "\u8fdb\u6837\u74f6", "containerType": "container", "allCount": 20, "children": []}]}], "variables": [], "resultSetting": {"url": "", "type": "", "preview": false}, "ignoreMaterial": false, "defaultVersion": true, "updatedActions": null}