{"id": 878394073613312, "version": "gxq_1.0", "code": "starting_station", "name": "\u7269\u6599\u7ad9", "noteCn": "\u5b9e\u9a8c\u5ba4\u8bd5\u5242\u50a8\u5b58\u67dc\u4e3b\u8981\u7528\u4e8e\u5b89\u5168\u3001\u89c4\u8303\u5730\u50a8\u5b58\u5404\u79cd\u5316\u5b66\u8bd5\u5242\u3002\u5b83\u901a\u5e38\u5177\u6709\u826f\u597d\u7684\u901a\u98ce\u3001\u9632\u706b\u3001\u9632\u7206\u7b49\u529f\u80fd\uff0c\u4ee5\u786e\u4fdd\u8bd5\u5242\u7684\u50a8\u5b58\u5b89\u5168\u3002\u6839\u636e\u8bd5\u5242\u7684\u6027\u8d28\uff0c\u5982\u6613\u71c3\u3001\u6613\u7206\u3001\u6709\u6bd2\u3001\u8150\u8680\u6027\u7b49\uff0c\u50a8\u5b58\u67dc\u4f1a\u8fdb\u884c\u5206\u7c7b\u5b58\u50a8\uff0c\u907f\u514d\u4e0d\u540c\u6027\u8d28\u7684\u8bd5\u5242\u76f8\u4e92\u53cd\u5e94\u3002\u540c\u65f6\uff0c\u50a8\u5b58\u67dc\u8fd8\u914d\u5907\u6709\u5408\u7406\u7684\u6807\u8bc6\u548c\u7ba1\u7406\u7cfb\u7edf\uff0c\u65b9\u4fbf\u8bd5\u5242\u7684\u67e5\u627e\u548c\u53d6\u7528\uff0c\u6709\u52a9\u4e8e\u63d0\u9ad8\u5b9e\u9a8c\u5ba4\u7684\u7ba1\u7406\u6c34\u5e73\u548c\u5b89\u5168\u6027\uff0c\u4fdd\u969c\u5b9e\u9a8c\u5de5\u4f5c\u7684\u987a\u5229\u8fdb\u884c\u3002", "noteEn": "starting_station", "createTime": "2024-11-13 16:14:19", "updateTime": "2025-11-07 19:42:38", "paramUrl": "", "modelCode": null, "modelName": null, "modelImages": null, "definer": 0, "equipManufacturerCode": "ACW", "equipManufacturerName": "\u5408\u80a5\u5e02\u8700\u5c71\u533a\u4e9a\u6e90\u7cbe\u5bc6\u4eea\u5668\u7ecf\u8425\u90e8", "actions": [], "allocates": [{"containerTypeCode": "bottle_storage", "maxHandleSize": 5}, {"containerTypeCode": "bottle_sample_retention", "maxHandleSize": 5}], "commands": [{"code": "allocation", "name": "\u5bb9\u5668\u5206\u914d", "noteCn": "\u5bb9\u5668\u5206\u914d", "noteEn": "allocation", "actionCode": "allocate_container", "actionName": "allocate\u5206\u914d\u5bb9\u5668\u6307\u4ee4", "params": [{"paramCode": "containerType", "value": "[{\"minCount\":\"1\",\"containerTypeCode\":\"bottle_storage\",\"containerTypeName\":\"\u8fdb\u6837\u74f6\",\"allocateMode\":\"new\",\"maxCount\":10,\"defaultCount\":5},{\"minCount\":\"1\",\"containerTypeCode\":\"bottle_sample_retention\",\"containerTypeName\":\"\u7559\u6837\u74f6\",\"allocateMode\":\"extend\",\"maxCount\":5,\"defaultCount\":5}]"}]}, {"code": "put_all", "name": "\u653e\u7f6e\u5bb9\u5668", "noteCn": "\u653e\u7f6e\u5bb9\u5668", "noteEn": "put_all", "actionCode": "put_all", "actionName": "put_all\u6307\u4ee4", "params": [{"paramCode": "containerTypeList", "value": "[{\"containerTypeCode\":\"bottle_storage\",\"containerTypeName\":\"\u8fdb\u6837\u74f6\",\"slotTypeCode\":\"rack_slot\"}]"}, {"paramCode": "robotCodes", "value": "[]"}, {"paramCode": "fromOrder", "value": "small"}, {"paramCode": "toOrder", "value": "small"}]}], "containerSettings": [{"typeId": 881570976007168, "typeCode": "rack_slot", "typeName": "\u6837\u54c1\u67b6\u69fd\u4f4d", "containerType": "slot", "allCount": 1, "children": [{"typeId": 883795617580032, "typeCode": "rack", "typeName": "\u6837\u54c1\u67b6", "containerType": "container", "allCount": 1, "children": [{"typeId": 881569021068288, "typeCode": "bottle_slot", "typeName": "\u897f\u6797\u74f6\u69fd\u4f4d", "containerType": "slot", "allCount": 10, "children": [{"typeId": 881618718458880, "typeCode": "bottle", "typeName": "\u897f\u6797\u74f6", "containerType": "container", "allCount": 10, "children": []}]}]}]}, {"typeId": 881570976007168, "typeCode": "rack_slot", "typeName": "\u6837\u54c1\u67b6\u69fd\u4f4d", "containerType": "slot", "allCount": 4, "children": [{"typeId": 883795617580032, "typeCode": "rack", "typeName": "\u6837\u54c1\u67b6", "containerType": "container", "allCount": 1, "children": [{"typeId": 1390279958430720, "typeCode": "slot_bottle_storage", "typeName": "\u8fdb\u6837\u74f6\u69fd\u4f4d", "containerType": "slot", "allCount": 5, "children": [{"typeId": 1390281083257856, "typeCode": "bottle_storage", "typeName": "\u8fdb\u6837\u74f6", "containerType": "container", "allCount": 5, "children": []}]}, {"typeId": 1390279627342848, "typeCode": "slot_bottle_sample_retention", "typeName": "\u7559\u6837\u74f6\u69fd\u4f4d", "containerType": "slot", "allCount": 5, "children": [{"typeId": 1390281699001344, "typeCode": "bottle_sample_retention", "typeName": "\u7559\u6837\u74f6", "containerType": "container", "allCount": 5, "children": []}]}]}]}], "variables": [], "resultSetting": {"url": null, "type": null, "preview": null}, "ignoreMaterial": true, "defaultVersion": false, "updatedActions": null}